MSBuild version 18.7.8+1ac568fee for .NET Framework
Build started 7/29/2026 1:51:12 PM.

Project "C:\Users\russel.mercado\source\repos\Yakult-System-for-Merging\Yakult.Inventory.App\Yakult.Inventory.App.csproj" on node 1 (Rebuild target(s)).
CoreClean:
  Deleting file "C:\Users\russel.mercado\source\repos\Yakult-System-for-Merging\Yakult.Inventory.App\obj\BulkCellphoneValidation\Yakult.Inventory.App.csproj.AssemblyReference.cache".
  Deleting file "C:\Users\russel.mercado\source\repos\Yakult-System-for-Merging\Yakult.Inventory.App\obj\BulkCellphoneValidation\WPF\CartridgeManagement\Dialogs\AssignReturnsDialog.baml".
  Deleting file "C:\Users\russel.mercado\source\repos\Yakult-System-for-Merging\Yakult.Inventory.App\obj\BulkCellphoneValidation\Wpf\Admin\UserActivityInsights\Views\UserActivityInsightsView.baml".
  Deleting file "C:\Users\russel.mercado\source\repos\Yakult-System-for-Merging\Yakult.Inventory.App\obj\BulkCellphoneValidation\Wpf\Admin\UserActivityInsights\Styles\InsightsPalette.baml".
  Deleting file "C:\Users\russel.mercado\source\repos\Yakult-System-for-Merging\Yakult.Inventory.App\obj\BulkCellphoneValidation\Wpf\Admin\EmailManagement\Views\EmailAddressesTabView.baml".
  Deleting file "C:\Users\russel.mercado\source\repos\Yakult-System-for-Merging\Yakult.Inventory.App\obj\BulkCellphoneValidation\Wpf\Admin\EmailManagement\Views\SmtpProfilesTabView.baml".
  Deleting file "C:\Users\russel.mercado\source\repos\Yakult-System-for-Merging\Yakult.Inventory.App\obj\BulkCellphoneValidation\Wpf\Admin\EmailManagement\Views\EmailTemplatesTabView.baml".
  Deleting file "C:\Users\russel.mercado\source\repos\Yakult-System-for-Merging\Yakult.Inventory.App\obj\BulkCellphoneValidation\Wpf\Admin\EmailManagement\Views\ApplyProfileToTemplatesDialog.baml".
  Deleting file "C:\Users\russel.mercado\source\repos\Yakult-System-for-Merging\Yakult.Inventory.App\obj\BulkCellphoneValidation\Wpf\Admin\EmailManagement\Views\TurnOffTemplatesDialog.baml".
  Deleting file "C:\Users\russel.mercado\source\repos\Yakult-System-for-Merging\Yakult.Inventory.App\obj\BulkCellphoneValidation\Wpf\Admin\AccountManagement\Dialogs\CreateDeptAccountWindow.baml".
  Deleting file "C:\Users\russel.mercado\source\repos\Yakult-System-for-Merging\Yakult.Inventory.App\obj\BulkCellphoneValidation\Wpf\Admin\AccountManagement\Dialogs\ChangeDeptPasswordWindow.baml".
  Deleting file "C:\Users\russel.mercado\source\repos\Yakult-System-for-Merging\Yakult.Inventory.App\obj\BulkCellphoneValidation\Wpf\Admin\AccountManagement\Dialogs\VerifyAdminPasswordWindow.baml".
  Deleting file "C:\Users\russel.mercado\source\repos\Yakult-System-for-Merging\Yakult.Inventory.App\obj\BulkCellphoneValidation\Wpf\Admin\AccountManagement\Dialogs\ShowDeptPasswordWindow.baml".
  Deleting file "C:\Users\russel.mercado\source\repos\Yakult-System-for-Merging\Yakult.Inventory.App\obj\BulkCellphoneValidation\Wpf\Admin\AccountManagement\Dialogs\EditDeptAccountWindow.baml".
  Deleting file "C:\Users\russel.mercado\source\repos\Yakult-System-for-Merging\Yakult.Inventory.App\obj\BulkCellphoneValidation\Wpf\Admin\AccountManagement\Dialogs\ColumnFilterWindow.baml".
  Deleting file "C:\Users\russel.mercado\source\repos\Yakult-System-for-Merging\Yakult.Inventory.App\obj\BulkCellphoneValidation\Wpf\Admin\AccountManagement\Dialogs\EmployeeImportPreviewWindow.baml".
  Deleting file "C:\Users\russel.mercado\source\repos\Yakult-System-for-Merging\Yakult.Inventory.App\obj\BulkCellphoneValidation\Wpf\Admin\AccountManagement\Dialogs\EmployeeImportSummaryWindow.baml".
  Deleting file "C:\Users\russel.mercado\source\repos\Yakult-System-for-Merging\Yakult.Inventory.App\obj\BulkCellphoneValidation\Wpf\Admin\AccountManagement\Dialogs\SelectedEmployeesReviewDialog.baml".
  Deleting file "C:\Users\russel.mercado\source\repos\Yakult-System-for-Merging\Yakult.Inventory.App\obj\BulkCellphoneValidation\Wpf\Admin\AccountManagement\Dialogs\ExportFilterDialog.baml".
  Deleting file "C:\Users\russel.mercado\source\repos\Yakult-System-for-Merging\Yakult.Inventory.App\obj\BulkCellphoneValidation\Wpf\Admin\AccountManagement\Dialogs\ExportPreviewWindow.baml".
  Deleting file "C:\Users\russel.mercado\source\repos\Yakult-System-for-Merging\Yakult.Inventory.App\obj\BulkCellphoneValidation\Wpf\CartridgeManagement\Views\EditCartridgeModelWindow.baml".
  Deleting file "C:\Users\russel.mercado\source\repos\Yakult-System-for-Merging\Yakult.Inventory.App\obj\BulkCellphoneValidation\WPF\CartridgeManagement\Dialogs\CreateBatchDialog.baml".
  Deleting file "C:\Users\russel.mercado\source\repos\Yakult-System-for-Merging\Yakult.Inventory.App\obj\BulkCellphoneValidation\WPF\CartridgeManagement\Dialogs\EditBatchWindow.baml".
  Deleting file "C:\Users\russel.mercado\source\repos\Yakult-System-for-Merging\Yakult.Inventory.App\obj\BulkCellphoneValidation\Wpf\Receipt\ReceiptSetViewerWindow.baml".
  Deleting file "C:\Users\russel.mercado\source\repos\Yakult-System-for-Merging\Yakult.Inventory.App\obj\BulkCellphoneValidation\Wpf\Set\BulkAddFiles\BulkAddFilesWindow.baml".
  Deleting file "C:\Users\russel.mercado\source\repos\Yakult-System-for-Merging\Yakult.Inventory.App\obj\BulkCellphoneValidation\WPF\CartridgeManagement\Dialogs\OutboundBatchAssignmentWpfDialog.baml".
  Deleting file "C:\Users\russel.mercado\source\repos\Yakult-System-for-Merging\Yakult.Inventory.App\obj\BulkCellphoneValidation\WPF\CartridgeManagement\Dialogs\TransferBatchDialog.baml".
  Deleting file "C:\Users\russel.mercado\source\repos\Yakult-System-for-Merging\Yakult.Inventory.App\obj\BulkCellphoneValidation\WPF\CartridgeManagement\Dialogs\TransferCartridgesWpfDialog.baml".
  Deleting file "C:\Users\russel.mercado\source\repos\Yakult-System-for-Merging\Yakult.Inventory.App\obj\BulkCellphoneValidation\Wpf\ConsumableManagement\Views\EditConsumableModelWindow.baml".
  Deleting file "C:\Users\russel.mercado\source\repos\Yakult-System-for-Merging\Yakult.Inventory.App\obj\BulkCellphoneValidation\Wpf\CartridgeManagement\Dialogs\PrintTransmittalDialog.baml".
  Deleting file "C:\Users\russel.mercado\source\repos\Yakult-System-for-Merging\Yakult.Inventory.App\obj\BulkCellphoneValidation\Wpf\CartridgeManagement\Dialogs\PrepareTransmittalDialog.baml".
  Deleting file "C:\Users\russel.mercado\source\repos\Yakult-System-for-Merging\Yakult.Inventory.App\obj\BulkCellphoneValidation\Wpf\CartridgeManagement\Dialogs\FulfilledCartridgeDetailDialog.baml".
  Deleting file "C:\Users\russel.mercado\source\repos\Yakult-System-for-Merging\Yakult.Inventory.App\obj\BulkCellphoneValidation\Wpf\CartridgeManagement\Views\OutboundBatchesView.baml".
  Deleting file "C:\Users\russel.mercado\source\repos\Yakult-System-for-Merging\Yakult.Inventory.App\obj\BulkCellphoneValidation\Wpf\NotificationCenter\Controls\NotificationCardControl.baml".
  Deleting file "C:\Users\russel.mercado\source\repos\Yakult-System-for-Merging\Yakult.Inventory.App\obj\BulkCellphoneValidation\Wpf\Shared\Styles\ListPageStyles.baml".
  Deleting file "C:\Users\russel.mercado\source\repos\Yakult-System-for-Merging\Yakult.Inventory.App\obj\BulkCellphoneValidation\Wpf\Shared\Views\InputPromptWindow.baml".
  Deleting file "C:\Users\russel.mercado\source\repos\Yakult-System-for-Merging\Yakult.Inventory.App\obj\BulkCellphoneValidation\Wpf\Shared\Views\DocumentDateOverflowWindow.baml".
  Deleting file "C:\Users\russel.mercado\source\repos\Yakult-System-for-Merging\Yakult.Inventory.App\obj\BulkCellphoneValidation\Wpf\Shared\Controls\PagingControl.baml".
  Deleting file "C:\Users\russel.mercado\source\repos\Yakult-System-for-Merging\Yakult.Inventory.App\obj\BulkCellphoneValidation\Wpf\Shared\Controls\SelectedCountBadge.baml".
  Deleting file "C:\Users\russel.mercado\source\repos\Yakult-System-for-Merging\Yakult.Inventory.App\obj\BulkCellphoneValidation\Wpf\Shared\Controls\SelectedRowsReviewDialog.baml".
  Deleting file "C:\Users\russel.mercado\source\repos\Yakult-System-for-Merging\Yakult.Inventory.App\obj\BulkCellphoneValidation\Wpf\FixedAssets\Views\FixedAssetsPageView.baml".
  Deleting file "C:\Users\russel.mercado\source\repos\Yakult-System-for-Merging\Yakult.Inventory.App\obj\BulkCellphoneValidation\Wpf\Set\RequisitionForm\Dialogs\PrepareRequisitionDialog.baml".
  Deleting file "C:\Users\russel.mercado\source\repos\Yakult-System-for-Merging\Yakult.Inventory.App\obj\BulkCellphoneValidation\Wpf\Set\RequisitionForm\Dialogs\PrintRequisitionDialog.baml".
  Deleting file "C:\Users\russel.mercado\source\repos\Yakult-System-for-Merging\Yakult.Inventory.App\obj\BulkCellphoneValidation\Pages\Item\BatchAddItemDialog.baml".
  Deleting file "C:\Users\russel.mercado\source\repos\Yakult-System-for-Merging\Yakult.Inventory.App\obj\BulkCellphoneValidation\Pages\Item\EditItemDialog.baml".
  Deleting file "C:\Users\russel.mercado\source\repos\Yakult-System-for-Merging\Yakult.Inventory.App\obj\BulkCellphoneValidation\Pages\Category\EditCategoryDialog.baml".
  Deleting file "C:\Users\russel.mercado\source\repos\Yakult-System-for-Merging\Yakult.Inventory.App\obj\BulkCellphoneValidation\Pages\Employee\EmployeeDialog.baml".
  Deleting file "C:\Users\russel.mercado\source\repos\Yakult-System-for-Merging\Yakult.Inventory.App\obj\BulkCellphoneValidation\Pages\Branch\EditBranchDialog.baml".
  Deleting file "C:\Users\russel.mercado\source\repos\Yakult-System-for-Merging\Yakult.Inventory.App\obj\BulkCellphoneValidation\Pages\Vendor\EditVendorDialog.baml".
  Deleting file "C:\Users\russel.mercado\source\repos\Yakult-System-for-Merging\Yakult.Inventory.App\obj\BulkCellphoneValidation\Pages\Company\CompanyDialog.baml".
  Deleting file "C:\Users\russel.mercado\source\repos\Yakult-System-for-Merging\Yakult.Inventory.App\obj\BulkCellphoneValidation\Pages\Department\DepartmentDialog.baml".
  Deleting file "C:\Users\russel.mercado\source\repos\Yakult-System-for-Merging\Yakult.Inventory.App\obj\BulkCellphoneValidation\Pages\Item\CartridgeCsvImportDialog.baml".
  Deleting file "C:\Users\russel.mercado\source\repos\Yakult-System-for-Merging\Yakult.Inventory.App\obj\BulkCellphoneValidation\Pages\Item\InvoiceCsvImportDialog.baml".
  Deleting file "C:\Users\russel.mercado\source\repos\Yakult-System-for-Merging\Yakult.Inventory.App\obj\BulkCellphoneValidation\Wpf\Portal\ConsumableManagementPortalShell.baml".
  Deleting file "C:\Users\russel.mercado\source\repos\Yakult-System-for-Merging\Yakult.Inventory.App\obj\BulkCellphoneValidation\Wpf\Notifications\NotificationSettingsWindow.baml".
  Deleting file "C:\Users\russel.mercado\source\repos\Yakult-System-for-Merging\Yakult.Inventory.App\obj\BulkCellphoneValidation\Wpf\RequestPortal\NotificationBellControl.baml".
  Deleting file "C:\Users\russel.mercado\source\repos\Yakult-System-for-Merging\Yakult.Inventory.App\obj\BulkCellphoneValidation\Wpf\RequestPortal\WalkThrough\WpfPortalTourWindow.baml".
  Deleting file "C:\Users\russel.mercado\source\repos\Yakult-System-for-Merging\Yakult.Inventory.App\obj\BulkCellphoneValidation\Pages\Set\ViewSetDetailPage.baml".
  Deleting file "C:\Users\russel.mercado\source\repos\Yakult-System-for-Merging\Yakult.Inventory.App\obj\BulkCellphoneValidation\Pages\Request\BatchAddRequestDialog.baml".
  Deleting file "C:\Users\russel.mercado\source\repos\Yakult-System-for-Merging\Yakult.Inventory.App\obj\BulkCellphoneValidation\Pages\Set\SelectRequestForSetDialog.baml".
  Deleting file "C:\Users\russel.mercado\source\repos\Yakult-System-for-Merging\Yakult.Inventory.App\obj\BulkCellphoneValidation\Pages\Software\SelectedItemsReviewDialog.baml".
  Deleting file "C:\Users\russel.mercado\source\repos\Yakult-System-for-Merging\Yakult.Inventory.App\obj\BulkCellphoneValidation\Pages\Software\SoftwareItemPickerDialog.baml".
  Deleting file "C:\Users\russel.mercado\source\repos\Yakult-System-for-Merging\Yakult.Inventory.App\obj\BulkCellphoneValidation\Pages\Software\SoftwareServiceSetDialog.baml".
  Deleting file "C:\Users\russel.mercado\source\repos\Yakult-System-for-Merging\Yakult.Inventory.App\obj\BulkCellphoneValidation\WPF\CartridgeManagement\Views\CartridgeManagementView.g.cs".
  Deleting file "C:\Users\russel.mercado\source\repos\Yakult-System-for-Merging\Yakult.Inventory.App\obj\BulkCellphoneValidation\WPF\CartridgeManagement\Dialogs\AssignReturnsDialog.g.cs".
  Deleting file "C:\Users\russel.mercado\source\repos\Yakult-System-for-Merging\Yakult.Inventory.App\obj\BulkCellphoneValidation\Wpf\Admin\AccountManagement\Views\EmployeeManagementView.g.cs".
  Deleting file "C:\Users\russel.mercado\source\repos\Yakult-System-for-Merging\Yakult.Inventory.App\obj\BulkCellphoneValidation\Wpf\Admin\AccountManagement\Views\UserAccountManagementView.g.cs".
  Deleting file "C:\Users\russel.mercado\source\repos\Yakult-System-for-Merging\Yakult.Inventory.App\obj\BulkCellphoneValidation\Wpf\Admin\UserPositions\Views\UserPositionsView.g.cs".
  Deleting file "C:\Users\russel.mercado\source\repos\Yakult-System-for-Merging\Yakult.Inventory.App\obj\BulkCellphoneValidation\Wpf\Admin\UserActivity\Views\UserActivityView.g.cs".
  Deleting file "C:\Users\russel.mercado\source\repos\Yakult-System-for-Merging\Yakult.Inventory.App\obj\BulkCellphoneValidation\Wpf\Admin\AccountManagement\Views\ApproverManagementView.g.cs".
  Deleting file "C:\Users\russel.mercado\source\repos\Yakult-System-for-Merging\Yakult.Inventory.App\obj\BulkCellphoneValidation\Wpf\Admin\UserActivityInsights\Views\UserActivityInsightsView.g.cs".
  Deleting file "C:\Users\russel.mercado\source\repos\Yakult-System-for-Merging\Yakult.Inventory.App\obj\BulkCellphoneValidation\Wpf\Admin\EmailManagement\Views\EmailAddressesTabView.g.cs".
  Deleting file "C:\Users\russel.mercado\source\repos\Yakult-System-for-Merging\Yakult.Inventory.App\obj\BulkCellphoneValidation\Wpf\Admin\EmailManagement\Views\SmtpProfilesTabView.g.cs".
  Deleting file "C:\Users\russel.mercado\source\repos\Yakult-System-for-Merging\Yakult.Inventory.App\obj\BulkCellphoneValidation\Wpf\Admin\EmailManagement\Views\EmailTemplatesTabView.g.cs".
  Deleting file "C:\Users\russel.mercado\source\repos\Yakult-System-for-Merging\Yakult.Inventory.App\obj\BulkCellphoneValidation\Wpf\Admin\EmailManagement\Views\EmailConfigurationWindow.g.cs".
  Deleting file "C:\Users\russel.mercado\source\repos\Yakult-System-for-Merging\Yakult.Inventory.App\obj\BulkCellphoneValidation\Wpf\Admin\EmailManagement\Views\SmtpSendSettingsView.g.cs".
  Deleting file "C:\Users\russel.mercado\source\repos\Yakult-System-for-Merging\Yakult.Inventory.App\obj\BulkCellphoneValidation\Wpf\Admin\EmailManagement\Views\ApplyProfileToTemplatesDialog.g.cs".
  Deleting file "C:\Users\russel.mercado\source\repos\Yakult-System-for-Merging\Yakult.Inventory.App\obj\BulkCellphoneValidation\Wpf\Admin\EmailManagement\Views\TurnOffTemplatesDialog.g.cs".
  Deleting file "C:\Users\russel.mercado\source\repos\Yakult-System-for-Merging\Yakult.Inventory.App\obj\BulkCellphoneValidation\Wpf\Admin\AccountManagement\Views\DepartmentAccountsView.g.cs".
  Deleting file "C:\Users\russel.mercado\source\repos\Yakult-System-for-Merging\Yakult.Inventory.App\obj\BulkCellphoneValidation\Wpf\Admin\AccountManagement\Dialogs\CreateDeptAccountWindow.g.cs".
  Deleting file "C:\Users\russel.mercado\source\repos\Yakult-System-for-Merging\Yakult.Inventory.App\obj\BulkCellphoneValidation\Wpf\Admin\AccountManagement\Dialogs\ChangeDeptPasswordWindow.g.cs".
  Deleting file "C:\Users\russel.mercado\source\repos\Yakult-System-for-Merging\Yakult.Inventory.App\obj\BulkCellphoneValidation\Wpf\Admin\AccountManagement\Dialogs\VerifyAdminPasswordWindow.g.cs".
  Deleting file "C:\Users\russel.mercado\source\repos\Yakult-System-for-Merging\Yakult.Inventory.App\obj\BulkCellphoneValidation\Wpf\Admin\AccountManagement\Dialogs\ShowDeptPasswordWindow.g.cs".
  Deleting file "C:\Users\russel.mercado\source\repos\Yakult-System-for-Merging\Yakult.Inventory.App\obj\BulkCellphoneValidation\Wpf\Admin\AccountManagement\Dialogs\EditDeptAccountWindow.g.cs".
  Deleting file "C:\Users\russel.mercado\source\repos\Yakult-System-for-Merging\Yakult.Inventory.App\obj\BulkCellphoneValidation\Wpf\Admin\AccountManagement\Dialogs\ColumnFilterWindow.g.cs".
  Deleting file "C:\Users\russel.mercado\source\repos\Yakult-System-for-Merging\Yakult.Inventory.App\obj\BulkCellphoneValidation\Wpf\Admin\AccountManagement\Dialogs\EmployeeImportPreviewWindow.g.cs".
  Deleting file "C:\Users\russel.mercado\source\repos\Yakult-System-for-Merging\Yakult.Inventory.App\obj\BulkCellphoneValidation\Wpf\Admin\AccountManagement\Dialogs\EmployeeImportSummaryWindow.g.cs".
  Deleting file "C:\Users\russel.mercado\source\repos\Yakult-System-for-Merging\Yakult.Inventory.App\obj\BulkCellphoneValidation\Wpf\Admin\AccountManagement\Dialogs\SelectedEmployeesReviewDialog.g.cs".
  Deleting file "C:\Users\russel.mercado\source\repos\Yakult-System-for-Merging\Yakult.Inventory.App\obj\BulkCellphoneValidation\Wpf\Admin\AccountManagement\Dialogs\ExportFilterDialog.g.cs".
  Deleting file "C:\Users\russel.mercado\source\repos\Yakult-System-for-Merging\Yakult.Inventory.App\obj\BulkCellphoneValidation\Wpf\Admin\AccountManagement\Dialogs\ExportPreviewWindow.g.cs".
  Deleting file "C:\Users\russel.mercado\source\repos\Yakult-System-for-Merging\Yakult.Inventory.App\obj\BulkCellphoneValidation\WPF\CartridgeManagement\Views\ClosedCartridgesView.g.cs".
  Deleting file "C:\Users\russel.mercado\source\repos\Yakult-System-for-Merging\Yakult.Inventory.App\obj\BulkCellphoneValidation\Wpf\CartridgeManagement\Views\FulfilledCartridgesView.g.cs".
  Deleting file "C:\Users\russel.mercado\source\repos\Yakult-System-for-Merging\Yakult.Inventory.App\obj\BulkCellphoneValidation\Wpf\CartridgeManagement\Views\ViewCartridgesView.g.cs".
  Deleting file "C:\Users\russel.mercado\source\repos\Yakult-System-for-Merging\Yakult.Inventory.App\obj\BulkCellphoneValidation\Wpf\CartridgeManagement\Views\ViewCartridgeModelsView.g.cs".
  Deleting file "C:\Users\russel.mercado\source\repos\Yakult-System-for-Merging\Yakult.Inventory.App\obj\BulkCellphoneValidation\Wpf\CartridgeManagement\Views\EditCartridgeModelWindow.g.cs".
  Deleting file "C:\Users\russel.mercado\source\repos\Yakult-System-for-Merging\Yakult.Inventory.App\obj\BulkCellphoneValidation\Wpf\CartridgeManagement\Views\AuthorizationMonitorView.g.cs".
  Deleting file "C:\Users\russel.mercado\source\repos\Yakult-System-for-Merging\Yakult.Inventory.App\obj\BulkCellphoneValidation\Wpf\CartridgeManagement\Views\ViewCartridgeSetsView.g.cs".
  Deleting file "C:\Users\russel.mercado\source\repos\Yakult-System-for-Merging\Yakult.Inventory.App\obj\BulkCellphoneValidation\Wpf\CartridgeManagement\Views\CartridgeTrackingView.g.cs".
  Deleting file "C:\Users\russel.mercado\source\repos\Yakult-System-for-Merging\Yakult.Inventory.App\obj\BulkCellphoneValidation\WPF\CartridgeManagement\Views\DamagedEmptyCartridgesView.g.cs".
  Deleting file "C:\Users\russel.mercado\source\repos\Yakult-System-for-Merging\Yakult.Inventory.App\obj\BulkCellphoneValidation\WPF\CartridgeManagement\Views\VendorCartridgeRefillView.g.cs".
  Deleting file "C:\Users\russel.mercado\source\repos\Yakult-System-for-Merging\Yakult.Inventory.App\obj\BulkCellphoneValidation\WPF\CartridgeManagement\Dialogs\CreateBatchDialog.g.cs".
  Deleting file "C:\Users\russel.mercado\source\repos\Yakult-System-for-Merging\Yakult.Inventory.App\obj\BulkCellphoneValidation\WPF\CartridgeManagement\Dialogs\EditBatchWindow.g.cs".
  Deleting file "C:\Users\russel.mercado\source\repos\Yakult-System-for-Merging\Yakult.Inventory.App\obj\BulkCellphoneValidation\Wpf\Receipt\ReceiptSetViewerWindow.g.cs".
  Deleting file "C:\Users\russel.mercado\source\repos\Yakult-System-for-Merging\Yakult.Inventory.App\obj\BulkCellphoneValidation\Wpf\Set\BulkAddFiles\BulkAddFilesWindow.g.cs".
  Deleting file "C:\Users\russel.mercado\source\repos\Yakult-System-for-Merging\Yakult.Inventory.App\obj\BulkCellphoneValidation\Wpf\Receipt\ReceiptSetsView.g.cs".
  Deleting file "C:\Users\russel.mercado\source\repos\Yakult-System-for-Merging\Yakult.Inventory.App\obj\BulkCellphoneValidation\WPF\CartridgeManagement\Dialogs\OutboundBatchAssignmentWpfDialog.g.cs".
  Deleting file "C:\Users\russel.mercado\source\repos\Yakult-System-for-Merging\Yakult.Inventory.App\obj\BulkCellphoneValidation\WPF\CartridgeManagement\Dialogs\TransferBatchDialog.g.cs".
  Deleting file "C:\Users\russel.mercado\source\repos\Yakult-System-for-Merging\Yakult.Inventory.App\obj\BulkCellphoneValidation\WPF\CartridgeManagement\Dialogs\TransferCartridgesWpfDialog.g.cs".
  Deleting file "C:\Users\russel.mercado\source\repos\Yakult-System-for-Merging\Yakult.Inventory.App\obj\BulkCellphoneValidation\Wpf\CartridgeManagement\Views\PartiallyFulfilledView.g.cs".
  Deleting file "C:\Users\russel.mercado\source\repos\Yakult-System-for-Merging\Yakult.Inventory.App\obj\BulkCellphoneValidation\Wpf\CartridgeManagement\Views\UnfulfilledExchangesView.g.cs".
  Deleting file "C:\Users\russel.mercado\source\repos\Yakult-System-for-Merging\Yakult.Inventory.App\obj\BulkCellphoneValidation\Wpf\CartridgeManagement\Views\FulfillExchangeDialog.g.cs".
  Deleting file "C:\Users\russel.mercado\source\repos\Yakult-System-for-Merging\Yakult.Inventory.App\obj\BulkCellphoneValidation\Wpf\RequestManagement\Views\PartiallyFulfilledRequestsView.g.cs".
  Deleting file "C:\Users\russel.mercado\source\repos\Yakult-System-for-Merging\Yakult.Inventory.App\obj\BulkCellphoneValidation\Wpf\RequestManagement\Views\UnfulfilledRequestsView.g.cs".
  Deleting file "C:\Users\russel.mercado\source\repos\Yakult-System-for-Merging\Yakult.Inventory.App\obj\BulkCellphoneValidation\Wpf\RequestManagement\Views\FulfillRequestDialog.g.cs".
  Deleting file "C:\Users\russel.mercado\source\repos\Yakult-System-for-Merging\Yakult.Inventory.App\obj\BulkCellphoneValidation\Wpf\ConsumableManagement\Views\ViewConsumableModelsView.g.cs".
  Deleting file "C:\Users\russel.mercado\source\repos\Yakult-System-for-Merging\Yakult.Inventory.App\obj\BulkCellphoneValidation\Wpf\ConsumableManagement\Views\EditConsumableModelWindow.g.cs".
  Deleting file "C:\Users\russel.mercado\source\repos\Yakult-System-for-Merging\Yakult.Inventory.App\obj\BulkCellphoneValidation\Wpf\CartridgeManagement\Views\CartridgeTransmittalPrintView.g.cs".
  Deleting file "C:\Users\russel.mercado\source\repos\Yakult-System-for-Merging\Yakult.Inventory.App\obj\BulkCellphoneValidation\Wpf\CartridgeManagement\Views\CartridgeTransmittalPrintPage.g.cs".
  Deleting file "C:\Users\russel.mercado\source\repos\Yakult-System-for-Merging\Yakult.Inventory.App\obj\BulkCellphoneValidation\Wpf\CartridgeManagement\Dialogs\PrintTransmittalDialog.g.cs".
  Deleting file "C:\Users\russel.mercado\source\repos\Yakult-System-for-Merging\Yakult.Inventory.App\obj\BulkCellphoneValidation\Wpf\CartridgeManagement\Dialogs\PrepareTransmittalDialog.g.cs".
  Deleting file "C:\Users\russel.mercado\source\repos\Yakult-System-for-Merging\Yakult.Inventory.App\obj\BulkCellphoneValidation\Wpf\CartridgeManagement\Dialogs\FulfilledCartridgeDetailDialog.g.cs".
  Deleting file "C:\Users\russel.mercado\source\repos\Yakult-System-for-Merging\Yakult.Inventory.App\obj\BulkCellphoneValidation\Wpf\CartridgeManagement\Views\NonRefillableEmptyCartridgesView.g.cs".
  Deleting file "C:\Users\russel.mercado\source\repos\Yakult-System-for-Merging\Yakult.Inventory.App\obj\BulkCellphoneValidation\Wpf\CartridgeManagement\Views\OutboundBatchesView.g.cs".
  Deleting file "C:\Users\russel.mercado\source\repos\Yakult-System-for-Merging\Yakult.Inventory.App\obj\BulkCellphoneValidation\Wpf\NotificationCenter\Controls\NotificationCardControl.g.cs".
  Deleting file "C:\Users\russel.mercado\source\repos\Yakult-System-for-Merging\Yakult.Inventory.App\obj\BulkCellphoneValidation\Wpf\NotificationCenter\Views\NotificationCenterView.g.cs".
  Deleting file "C:\Users\russel.mercado\source\repos\Yakult-System-for-Merging\Yakult.Inventory.App\obj\BulkCellphoneValidation\Wpf\Archive\Views\ArchivePageView.g.cs".
  Deleting file "C:\Users\russel.mercado\source\repos\Yakult-System-for-Merging\Yakult.Inventory.App\obj\BulkCellphoneValidation\Wpf\Items\Views\ItemsPageView.g.cs".
  Deleting file "C:\Users\russel.mercado\source\repos\Yakult-System-for-Merging\Yakult.Inventory.App\obj\BulkCellphoneValidation\Wpf\Shared\Views\InputPromptWindow.g.cs".
  Deleting file "C:\Users\russel.mercado\source\repos\Yakult-System-for-Merging\Yakult.Inventory.App\obj\BulkCellphoneValidation\Wpf\Shared\Views\DocumentDateOverflowWindow.g.cs".
  Deleting file "C:\Users\russel.mercado\source\repos\Yakult-System-for-Merging\Yakult.Inventory.App\obj\BulkCellphoneValidation\Wpf\Shared\Controls\PagingControl.g.cs".
  Deleting file "C:\Users\russel.mercado\source\repos\Yakult-System-for-Merging\Yakult.Inventory.App\obj\BulkCellphoneValidation\Wpf\Shared\Controls\SelectedCountBadge.g.cs".
  Deleting file "C:\Users\russel.mercado\source\repos\Yakult-System-for-Merging\Yakult.Inventory.App\obj\BulkCellphoneValidation\Wpf\Shared\Controls\SelectedRowsReviewDialog.g.cs".
  Deleting file "C:\Users\russel.mercado\source\repos\Yakult-System-for-Merging\Yakult.Inventory.App\obj\BulkCellphoneValidation\Wpf\FixedAssets\Views\FixedAssetsPageView.g.cs".
  Deleting file "C:\Users\russel.mercado\source\repos\Yakult-System-for-Merging\Yakult.Inventory.App\obj\BulkCellphoneValidation\Wpf\Warranty\Views\WarrantyPageView.g.cs".
  Deleting file "C:\Users\russel.mercado\source\repos\Yakult-System-for-Merging\Yakult.Inventory.App\obj\BulkCellphoneValidation\Wpf\Update\Views\UpdatesPageView.g.cs".
  Deleting file "C:\Users\russel.mercado\source\repos\Yakult-System-for-Merging\Yakult.Inventory.App\obj\BulkCellphoneValidation\Wpf\Asset\Views\AssetPageView.g.cs".
  Deleting file "C:\Users\russel.mercado\source\repos\Yakult-System-for-Merging\Yakult.Inventory.App\obj\BulkCellphoneValidation\Wpf\Vendor\Views\VendorPageView.g.cs".
  Deleting file "C:\Users\russel.mercado\source\repos\Yakult-System-for-Merging\Yakult.Inventory.App\obj\BulkCellphoneValidation\Wpf\Category\Views\CategoryPageView.g.cs".
  Deleting file "C:\Users\russel.mercado\source\repos\Yakult-System-for-Merging\Yakult.Inventory.App\obj\BulkCellphoneValidation\Wpf\Branch\Views\BranchPageView.g.cs".
  Deleting file "C:\Users\russel.mercado\source\repos\Yakult-System-for-Merging\Yakult.Inventory.App\obj\BulkCellphoneValidation\Wpf\Department\Views\DepartmentPageView.g.cs".
  Deleting file "C:\Users\russel.mercado\source\repos\Yakult-System-for-Merging\Yakult.Inventory.App\obj\BulkCellphoneValidation\Wpf\Company\Views\CompanyPageView.g.cs".
  Deleting file "C:\Users\russel.mercado\source\repos\Yakult-System-for-Merging\Yakult.Inventory.App\obj\BulkCellphoneValidation\Wpf\Employee\Views\EmployeePageView.g.cs".
  Deleting file "C:\Users\russel.mercado\source\repos\Yakult-System-for-Merging\Yakult.Inventory.App\obj\BulkCellphoneValidation\Wpf\Export\Invoice\Views\InvoiceExportView.g.cs".
  Deleting file "C:\Users\russel.mercado\source\repos\Yakult-System-for-Merging\Yakult.Inventory.App\obj\BulkCellphoneValidation\Wpf\Export\Renewal\Views\RenewalExportView.g.cs".
  Deleting file "C:\Users\russel.mercado\source\repos\Yakult-System-for-Merging\Yakult.Inventory.App\obj\BulkCellphoneValidation\Wpf\Export\Sets\Views\SetsExportView.g.cs".
  Deleting file "C:\Users\russel.mercado\source\repos\Yakult-System-for-Merging\Yakult.Inventory.App\obj\BulkCellphoneValidation\Wpf\Export\RenewalsGrouped\Views\RenewalsGroupedExportView.g.cs".
  Deleting file "C:\Users\russel.mercado\source\repos\Yakult-System-for-Merging\Yakult.Inventory.App\obj\BulkCellphoneValidation\Wpf\Invoice\Views\InvoicePageView.g.cs".
  Deleting file "C:\Users\russel.mercado\source\repos\Yakult-System-for-Merging\Yakult.Inventory.App\obj\BulkCellphoneValidation\Wpf\Invoice\Views\InvoiceLicenseReviewView.g.cs".
  Deleting file "C:\Users\russel.mercado\source\repos\Yakult-System-for-Merging\Yakult.Inventory.App\obj\BulkCellphoneValidation\Wpf\Invoice\Views\NonLicensedInvoiceView.g.cs".
  Deleting file "C:\Users\russel.mercado\source\repos\Yakult-System-for-Merging\Yakult.Inventory.App\obj\BulkCellphoneValidation\Wpf\Request\Views\RequestPageView.g.cs".
  Deleting file "C:\Users\russel.mercado\source\repos\Yakult-System-for-Merging\Yakult.Inventory.App\obj\BulkCellphoneValidation\Wpf\Set\Views\SetPageView.g.cs".
  Deleting file "C:\Users\russel.mercado\source\repos\Yakult-System-for-Merging\Yakult.Inventory.App\obj\BulkCellphoneValidation\Wpf\Set\RequisitionForm\Views\RequisitionFormPrintView.g.cs".
  Deleting file "C:\Users\russel.mercado\source\repos\Yakult-System-for-Merging\Yakult.Inventory.App\obj\BulkCellphoneValidation\Wpf\Set\RequisitionForm\Dialogs\PrepareRequisitionDialog.g.cs".
  Deleting file "C:\Users\russel.mercado\source\repos\Yakult-System-for-Merging\Yakult.Inventory.App\obj\BulkCellphoneValidation\Wpf\Set\RequisitionForm\Dialogs\PrintRequisitionDialog.g.cs".
  Deleting file "C:\Users\russel.mercado\source\repos\Yakult-System-for-Merging\Yakult.Inventory.App\obj\BulkCellphoneValidation\Wpf\Renewal\ViewRenewals\Views\RenewalPageView.g.cs".
  Deleting file "C:\Users\russel.mercado\source\repos\Yakult-System-for-Merging\Yakult.Inventory.App\obj\BulkCellphoneValidation\Wpf\Renewal\RenewalGroups\Views\RenewalGroupPageView.g.cs".
  Deleting file "C:\Users\russel.mercado\source\repos\Yakult-System-for-Merging\Yakult.Inventory.App\obj\BulkCellphoneValidation\Wpf\Renewal\RenewalGroups\Views\RenewalHistoryWindow.g.cs".
  Deleting file "C:\Users\russel.mercado\source\repos\Yakult-System-for-Merging\Yakult.Inventory.App\obj\BulkCellphoneValidation\Wpf\Inventory\Views\InventoryPageView.g.cs".
  Deleting file "C:\Users\russel.mercado\source\repos\Yakult-System-for-Merging\Yakult.Inventory.App\obj\BulkCellphoneValidation\Wpf\RepairedItems\Views\RepairedItemsPageView.g.cs".
  Deleting file "C:\Users\russel.mercado\source\repos\Yakult-System-for-Merging\Yakult.Inventory.App\obj\BulkCellphoneValidation\Wpf\ItemMovementAudit\Views\ItemMovementAuditPageView.g.cs".
  Deleting file "C:\Users\russel.mercado\source\repos\Yakult-System-for-Merging\Yakult.Inventory.App\obj\BulkCellphoneValidation\Wpf\Search\Views\SearchView.g.cs".
  Deleting file "C:\Users\russel.mercado\source\repos\Yakult-System-for-Merging\Yakult.Inventory.App\obj\BulkCellphoneValidation\Pages\Item\BatchAddItemDialog.g.cs".
  Deleting file "C:\Users\russel.mercado\source\repos\Yakult-System-for-Merging\Yakult.Inventory.App\obj\BulkCellphoneValidation\Pages\Item\EditItemDialog.g.cs".
  Deleting file "C:\Users\russel.mercado\source\repos\Yakult-System-for-Merging\Yakult.Inventory.App\obj\BulkCellphoneValidation\Pages\Category\EditCategoryDialog.g.cs".
  Deleting file "C:\Users\russel.mercado\source\repos\Yakult-System-for-Merging\Yakult.Inventory.App\obj\BulkCellphoneValidation\Pages\Employee\EmployeeDialog.g.cs".
  Deleting file "C:\Users\russel.mercado\source\repos\Yakult-System-for-Merging\Yakult.Inventory.App\obj\BulkCellphoneValidation\Pages\Branch\EditBranchDialog.g.cs".
  Deleting file "C:\Users\russel.mercado\source\repos\Yakult-System-for-Merging\Yakult.Inventory.App\obj\BulkCellphoneValidation\Pages\Vendor\EditVendorDialog.g.cs".
  Deleting file "C:\Users\russel.mercado\source\repos\Yakult-System-for-Merging\Yakult.Inventory.App\obj\BulkCellphoneValidation\Pages\Company\CompanyDialog.g.cs".
  Deleting file "C:\Users\russel.mercado\source\repos\Yakult-System-for-Merging\Yakult.Inventory.App\obj\BulkCellphoneValidation\Pages\Department\DepartmentDialog.g.cs".
  Deleting file "C:\Users\russel.mercado\source\repos\Yakult-System-for-Merging\Yakult.Inventory.App\obj\BulkCellphoneValidation\Pages\Item\CartridgeCsvImportDialog.g.cs".
  Deleting file "C:\Users\russel.mercado\source\repos\Yakult-System-for-Merging\Yakult.Inventory.App\obj\BulkCellphoneValidation\Pages\Item\InvoiceCsvImportDialog.g.cs".
  Deleting file "C:\Users\russel.mercado\source\repos\Yakult-System-for-Merging\Yakult.Inventory.App\obj\BulkCellphoneValidation\Wpf\RequestPortal\NewRequest\Views\NewRequestView.g.cs".
  Deleting file "C:\Users\russel.mercado\source\repos\Yakult-System-for-Merging\Yakult.Inventory.App\obj\BulkCellphoneValidation\Wpf\Portal\ConsumableManagementPortalShell.g.cs".
  Deleting file "C:\Users\russel.mercado\source\repos\Yakult-System-for-Merging\Yakult.Inventory.App\obj\BulkCellphoneValidation\Wpf\RequestSetSearch\Views\RequestSetSearchView.g.cs".
  Deleting file "C:\Users\russel.mercado\source\repos\Yakult-System-for-Merging\Yakult.Inventory.App\obj\BulkCellphoneValidation\Wpf\RequestPortal\AssistedRequest\Views\AssistedRequestView.g.cs".
  Deleting file "C:\Users\russel.mercado\source\repos\Yakult-System-for-Merging\Yakult.Inventory.App\obj\BulkCellphoneValidation\Wpf\RequestPortal\RequestHistory\Views\RequestHistoryView.g.cs".
  Deleting file "C:\Users\russel.mercado\source\repos\Yakult-System-for-Merging\Yakult.Inventory.App\obj\BulkCellphoneValidation\Wpf\Notifications\NotificationSettingsWindow.g.cs".
  Deleting file "C:\Users\russel.mercado\source\repos\Yakult-System-for-Merging\Yakult.Inventory.App\obj\BulkCellphoneValidation\Wpf\RequestPortal\NotificationBellControl.g.cs".
  Deleting file "C:\Users\russel.mercado\source\repos\Yakult-System-for-Merging\Yakult.Inventory.App\obj\BulkCellphoneValidation\Wpf\RequestPortal\AuthorizationHistory\Views\AuthorizationHistoryView.g.cs".
  Deleting file "C:\Users\russel.mercado\source\repos\Yakult-System-for-Merging\Yakult.Inventory.App\obj\BulkCellphoneValidation\Wpf\RequestPortal\AuthorizeRequest\Views\AuthorizeRequestView.g.cs".
  Deleting file "C:\Users\russel.mercado\source\repos\Yakult-System-for-Merging\Yakult.Inventory.App\obj\BulkCellphoneValidation\Wpf\RequestPortal\WalkThrough\WpfPortalTourWindow.g.cs".
  Deleting file "C:\Users\russel.mercado\source\repos\Yakult-System-for-Merging\Yakult.Inventory.App\obj\BulkCellphoneValidation\Wpf\Renewal\LinkRenewal\Views\LinkRenewalWindow.g.cs".
  Deleting file "C:\Users\russel.mercado\source\repos\Yakult-System-for-Merging\Yakult.Inventory.App\obj\BulkCellphoneValidation\Wpf\Renewal\RenewItems\Views\RenewItemsWindow.g.cs".
  Deleting file "C:\Users\russel.mercado\source\repos\Yakult-System-for-Merging\Yakult.Inventory.App\obj\BulkCellphoneValidation\Wpf\Renewal\RenewalDetail\Views\RenewalDetailWindow.g.cs".
  Deleting file "C:\Users\russel.mercado\source\repos\Yakult-System-for-Merging\Yakult.Inventory.App\obj\BulkCellphoneValidation\Wpf\Renewal\RenewalWorkspace\Views\RenewalWorkspaceWindow.g.cs".
  Deleting file "C:\Users\russel.mercado\source\repos\Yakult-System-for-Merging\Yakult.Inventory.App\obj\BulkCellphoneValidation\Wpf\Renewal\ChainReceipts\Views\ChainReceiptsWindow.g.cs".
  Deleting file "C:\Users\russel.mercado\source\repos\Yakult-System-for-Merging\Yakult.Inventory.App\obj\BulkCellphoneValidation\Wpf\SendNotifications\Views\SendNotificationsView.g.cs".
  Deleting file "C:\Users\russel.mercado\source\repos\Yakult-System-for-Merging\Yakult.Inventory.App\obj\BulkCellphoneValidation\Wpf\Archive\Views\ArchiveDetailsWindow.g.cs".
  Deleting file "C:\Users\russel.mercado\source\repos\Yakult-System-for-Merging\Yakult.Inventory.App\obj\BulkCellphoneValidation\Pages\Set\ViewSetDetailPage.g.cs".
  Deleting file "C:\Users\russel.mercado\source\repos\Yakult-System-for-Merging\Yakult.Inventory.App\obj\BulkCellphoneValidation\Pages\Request\BatchAddRequestDialog.g.cs".
  Deleting file "C:\Users\russel.mercado\source\repos\Yakult-System-for-Merging\Yakult.Inventory.App\obj\BulkCellphoneValidation\Pages\Set\SelectRequestForSetDialog.g.cs".
  Deleting file "C:\Users\russel.mercado\source\repos\Yakult-System-for-Merging\Yakult.Inventory.App\obj\BulkCellphoneValidation\Pages\Software\SelectedItemsReviewDialog.g.cs".
  Deleting file "C:\Users\russel.mercado\source\repos\Yakult-System-for-Merging\Yakult.Inventory.App\obj\BulkCellphoneValidation\Pages\Software\SoftwareItemPickerDialog.g.cs".
  Deleting file "C:\Users\russel.mercado\source\repos\Yakult-System-for-Merging\Yakult.Inventory.App\obj\BulkCellphoneValidation\Pages\Software\SoftwareServiceSetDialog.g.cs".
  Deleting file "C:\Users\russel.mercado\source\repos\Yakult-System-for-Merging\Yakult.Inventory.App\obj\BulkCellphoneValidation\Yakult.Inventory.App_Content.g.cs".
  Deleting file "C:\Users\russel.mercado\source\repos\Yakult-System-for-Merging\Yakult.Inventory.App\obj\BulkCellphoneValidation\GeneratedInternalTypeHelper.g.cs".
  Deleting file "C:\Users\russel.mercado\source\repos\Yakult-System-for-Merging\Yakult.Inventory.App\obj\BulkCellphoneValidation\Yakult.Inventory.App_MarkupCompile.cache".
  Deleting file "C:\Users\russel.mercado\source\repos\Yakult-System-for-Merging\Yakult.Inventory.App\obj\BulkCellphoneValidation\Yakult.Inventory.App_MarkupCompile.lref".
Project "C:\Users\russel.mercado\source\repos\Yakult-System-for-Merging\Yakult.Inventory.App\Yakult.Inventory.App.csproj" (1) is building "C:\Users\russel.mercado\source\repos\Yakult-System-for-Merging\Yakult.Inventory.App\Yakult.Inventory.App_xslqg0zj_wpftmp.csproj" (2) on node 1 (_CompileTemporaryAssembly target(s)).
CoreCompile:
  Setting DOTNET_TieredCompilation to '0'
  C:\Program Files\Microsoft Visual Studio\18\Community\MSBuild\Current\Bin\Roslyn\csc.exe /noconfig /nowarn:1701,1702 /fullpaths /nostdlib+ /platform:x86 /errorreport:prompt /warn:4 /define:DEBUG;TRACE /highentropyva+ /reference:C:\Users\russel.mercado\source\repos\Yakult-System-for-Merging\Yakult.Inventory.App\packages\Azure.Core.1.47.1\lib\net472\Azure.Core.dll /reference:C:\Users\russel.mercado\source\repos\Yakult-System-for-Merging\Yakult.Inventory.App\packages\Azure.Identity.1.14.2\lib\netstandard2.0\Azure.Identity.dll /reference:C:\Users\russel.mercado\source\repos\Yakult-System-for-Merging\Yakult.Inventory.App\packages\ClosedXML.0.97.0\lib\netstandard2.0\ClosedXML.dll /reference:C:\Users\russel.mercado\source\repos\Yakult-System-for-Merging\Yakult.Inventory.App\packages\Dapper.2.1.66\lib\net461\Dapper.dll /reference:C:\Users\russel.mercado\source\repos\Yakult-System-for-Merging\Yakult.Inventory.App\packages\DocumentFormat.OpenXml.2.16.0\lib\net46\DocumentFormat.OpenXml.dll /reference:C:\Users\russel.mercado\source\repos\Yakult-System-for-Merging\Yakult.Inventory.App\packages\ExcelDataReader.DataSet.3.6.0\lib\netstandard2.0\ExcelDataReader.DataSet.dll /reference:C:\Users\russel.mercado\source\repos\Yakult-System-for-Merging\Yakult.Inventory.App\packages\ExcelDataReader.3.6.0\lib\net45\ExcelDataReader.dll /reference:C:\Users\russel.mercado\source\repos\Yakult-System-for-Merging\Yakult.Inventory.App\packages\ExcelNumberFormat.1.1.0\lib\net20\ExcelNumberFormat.dll /reference:C:\Users\russel.mercado\source\repos\Yakult-System-for-Merging\Yakult.Inventory.App\packages\HarfBuzzSharp.8.3.1.1\lib\net462\HarfBuzzSharp.dll /reference:C:\Users\russel.mercado\source\repos\Yakult-System-for-Merging\Yakult.Inventory.App\packages\Irony.NetCore.1.0.11\lib\net461\Irony.dll /reference:C:\Users\russel.mercado\source\repos\Yakult-System-for-Merging\Yakult.Inventory.App\packages\LiveChartsCore.2.0.5\lib\net462\LiveChartsCore.dll /reference:C:\Users\russel.mercado\source\repos\Yakult-System-for-Merging\Yakult.Inventory.App\packages\LiveChartsCore.SkiaSharpView.2.0.5\lib\net462\LiveChartsCore.SkiaSharpView.dll /reference:C:\Users\russel.mercado\source\repos\Yakult-System-for-Merging\Yakult.Inventory.App\packages\LiveChartsCore.SkiaSharpView.WPF.2.0.5\lib\net462\LiveChartsCore.SkiaSharpView.WPF.dll /reference:C:\Users\russel.mercado\source\repos\Yakult-System-for-Merging\Yakult.Inventory.App\packages\Microsoft.Bcl.AsyncInterfaces.9.0.1\lib\net462\Microsoft.Bcl.AsyncInterfaces.dll /reference:C:\Users\russel.mercado\source\repos\Yakult-System-for-Merging\Yakult.Inventory.App\packages\Microsoft.Bcl.Cryptography.8.0.0\lib\net462\Microsoft.Bcl.Cryptography.dll /reference:"C:\Program Files (x86)\Reference Assemblies\Microsoft\Framework\.NETFramework\v4.8\Microsoft.CSharp.dll" /reference:C:\Users\russel.mercado\source\repos\Yakult-System-for-Merging\Yakult.Inventory.App\packages\Microsoft.Data.SqlClient.6.1.2\lib\net462\Microsoft.Data.SqlClient.dll /reference:C:\Users\russel.mercado\source\repos\Yakult-System-for-Merging\Yakult.Inventory.App\packages\Microsoft.Extensions.Caching.Abstractions.8.0.0\lib\net462\Microsoft.Extensions.Caching.Abstractions.dll /reference:C:\Users\russel.mercado\source\repos\Yakult-System-for-Merging\Yakult.Inventory.App\packages\Microsoft.Extensions.Caching.Memory.8.0.1\lib\net462\Microsoft.Extensions.Caching.Memory.dll /reference:C:\Users\russel.mercado\source\repos\Yakult-System-for-Merging\Yakult.Inventory.App\packages\Microsoft.Extensions.DependencyInjection.Abstractions.8.0.2\lib\net462\Microsoft.Extensions.DependencyInjection.Abstractions.dll /reference:C:\Users\russel.mercado\source\repos\Yakult-System-for-Merging\Yakult.Inventory.App\packages\Microsoft.Extensions.DependencyInjection.8.0.1\lib\net462\Microsoft.Extensions.DependencyInjection.dll /reference:C:\Users\russel.mercado\source\repos\Yakult-System-for-Merging\Yakult.Inventory.App\packages\Microsoft.Extensions.Logging.Abstractions.8.0.3\lib\net462\Microsoft.Extensions.Logging.Abstractions.dll /reference:C:\Users\russel.mercado\source\repos\Yakult-System-for-Merging\Yakult.Inventory.App\packages\Microsoft.Extensions.Logging.8.0.1\lib\net462\Microsoft.Extensions.Logging.dll /reference:C:\Users\russel.mercado\source\repos\Yakult-System-for-Merging\Yakult.Inventory.App\packages\Microsoft.Extensions.Options.8.0.2\lib\net462\Microsoft.Extensions.Options.dll /reference:C:\Users\russel.mercado\source\repos\Yakult-System-for-Merging\Yakult.Inventory.App\packages\Microsoft.Extensions.Primitives.8.0.0\lib\net462\Microsoft.Extensions.Primitives.dll /reference:C:\Users\russel.mercado\source\repos\Yakult-System-for-Merging\Yakult.Inventory.App\packages\Microsoft.Identity.Client.4.73.1\lib\net472\Microsoft.Identity.Client.dll /reference:C:\Users\russel.mercado\source\repos\Yakult-System-for-Merging\Yakult.Inventory.App\packages\Microsoft.Identity.Client.Extensions.Msal.4.73.1\lib\netstandard2.0\Microsoft.Identity.Client.Extensions.Msal.dll /reference:C:\Users\russel.mercado\source\repos\Yakult-System-for-Merging\Yakult.Inventory.App\packages\Microsoft.IdentityModel.Abstractions.7.7.1\lib\net472\Microsoft.IdentityModel.Abstractions.dll /reference:C:\Users\russel.mercado\source\repos\Yakult-System-for-Merging\Yakult.Inventory.App\packages\Microsoft.IdentityModel.JsonWebTokens.7.7.1\lib\net472\Microsoft.IdentityModel.JsonWebTokens.dll /reference:C:\Users\russel.mercado\source\repos\Yakult-System-for-Merging\Yakult.Inventory.App\packages\Microsoft.IdentityModel.Logging.7.7.1\lib\net472\Microsoft.IdentityModel.Logging.dll /reference:C:\Users\russel.mercado\source\repos\Yakult-System-for-Merging\Yakult.Inventory.App\packages\Microsoft.IdentityModel.Protocols.7.7.1\lib\net472\Microsoft.IdentityModel.Protocols.dll /reference:C:\Users\russel.mercado\source\repos\Yakult-System-for-Merging\Yakult.Inventory.App\packages\Microsoft.IdentityModel.Protocols.OpenIdConnect.7.7.1\lib\net472\Microsoft.IdentityModel.Protocols.OpenIdConnect.dll /reference:C:\Users\russel.mercado\source\repos\Yakult-System-for-Merging\Yakult.Inventory.App\packages\Microsoft.IdentityModel.Tokens.7.7.1\lib\net472\Microsoft.IdentityModel.Tokens.dll /reference:C:\Users\russel.mercado\source\repos\Yakult-System-for-Merging\Yakult.Inventory.App\packages\Microsoft.ReportingServices.ReportViewerControl.Winforms.150.1652.0\lib\net40\Microsoft.ReportViewer.Common.dll /reference:C:\Users\russel.mercado\source\repos\Yakult-System-for-Merging\Yakult.Inventory.App\packages\Microsoft.ReportingServices.ReportViewerControl.Winforms.150.1652.0\lib\net40\Microsoft.ReportViewer.DataVisualization.dll /reference:C:\Users\russel.mercado\source\repos\Yakult-System-for-Merging\Yakult.Inventory.App\packages\Microsoft.ReportingServices.ReportViewerControl.Winforms.150.1652.0\lib\net40\Microsoft.ReportViewer.Design.dll /reference:C:\Users\russel.mercado\source\repos\Yakult-System-for-Merging\Yakult.Inventory.App\packages\Microsoft.ReportingServices.ReportViewerControl.Winforms.150.1652.0\lib\net40\Microsoft.ReportViewer.ProcessingObjectModel.dll /reference:C:\Users\russel.mercado\source\repos\Yakult-System-for-Merging\Yakult.Inventory.App\packages\Microsoft.ReportingServices.ReportViewerControl.Winforms.150.1652.0\lib\net40\Microsoft.ReportViewer.WinForms.dll /reference:C:\Users\russel.mercado\source\repos\Yakult-System-for-Merging\Yakult.Inventory.App\packages\Microsoft.SqlServer.Types.160.1000.6\lib\net462\Microsoft.SqlServer.Types.dll /reference:"C:\Program Files (x86)\Reference Assemblies\Microsoft\Framework\.NETFramework\v4.8\mscorlib.dll" /reference:C:\Users\russel.mercado\source\repos\Yakult-System-for-Merging\Yakult.Inventory.App\packages\Newtonsoft.Json.13.0.4\lib\net45\Newtonsoft.Json.dll /reference:C:\Users\russel.mercado\source\repos\Yakult-System-for-Merging\Yakult.Inventory.App\packages\PDFsharp.1.50.5147\lib\net20\PdfSharp.Charting.dll /reference:C:\Users\russel.mercado\source\repos\Yakult-System-for-Merging\Yakult.Inventory.App\packages\PDFsharp.1.50.5147\lib\net20\PdfSharp.dll /reference:"C:\Program Files (x86)\Reference Assemblies\Microsoft\Framework\.NETFramework\v4.8\PresentationCore.dll" /reference:"C:\Program Files (x86)\Reference Assemblies\Microsoft\Framework\.NETFramework\v4.8\PresentationFramework.dll" /reference:C:\Users\russel.mercado\source\repos\Yakult-System-for-Merging\Yakult.Inventory.App\packages\QRCoder.1.7.0\lib\net40\QRCoder.dll /reference:"C:\Program Files (x86)\Reference Assemblies\Microsoft\Framework\.NETFramework\v4.8\ReachFramework.dll" /reference:C:\Users\russel.mercado\source\repos\Yakult-System-for-Merging\Yakult.Inventory.App\packages\ReaLTaiizor.3.8.1.4\lib\net48\ReaLTaiizor.dll /reference:C:\Users\russel.mercado\source\repos\Yakult-System-for-Merging\Yakult.Inventory.App\packages\SixLabors.Fonts.1.0.0\lib\netstandard2.0\SixLabors.Fonts.dll /reference:C:\Users\russel.mercado\source\repos\Yakult-System-for-Merging\Yakult.Inventory.App\packages\SkiaSharp.3.119.0\lib\net462\SkiaSharp.dll /reference:C:\Users\russel.mercado\source\repos\Yakult-System-for-Merging\Yakult.Inventory.App\packages\SkiaSharp.HarfBuzz.3.119.0\lib\net462\SkiaSharp.HarfBuzz.dll /reference:C:\Users\russel.mercado\source\repos\Yakult-System-for-Merging\Yakult.Inventory.App\packages\SkiaSharp.Views.Desktop.Common.3.119.0\lib\net462\SkiaSharp.Views.Desktop.Common.dll /reference:C:\Users\russel.mercado\source\repos\Yakult-System-for-Merging\Yakult.Inventory.App\packages\SkiaSharp.Views.WPF.3.119.0\lib\net462\SkiaSharp.Views.WPF.dll /reference:C:\Users\russel.mercado\source\repos\Yakult-System-for-Merging\Yakult.Inventory.App\packages\System.Buffers.4.5.1\lib\net461\System.Buffers.dll /reference:C:\Users\russel.mercado\source\repos\Yakult-System-for-Merging\Yakult.Inventory.App\packages\System.ClientModel.1.5.1\lib\netstandard2.0\System.ClientModel.dll /reference:"C:\Program Files (x86)\Reference Assemblies\Microsoft\Framework\.NETFramework\v4.8\System.ComponentModel.DataAnnotations.dll" /reference:C:\Users\russel.mercado\source\repos\Yakult-System-for-Merging\Yakult.Inventory.App\packages\System.Configuration.ConfigurationManager.9.0.10\lib\net462\System.Configuration.ConfigurationManager.dll /reference:"C:\Program Files (x86)\Reference Assemblies\Microsoft\Framework\.NETFramework\v4.8\System.Configuration.dll" /reference:"C:\Program Files (x86)\Reference Assemblies\Microsoft\Framework\.NETFramework\v4.8\System.Core.dll" /reference:"C:\Program Files (x86)\Reference Assemblies\Microsoft\Framework\.NETFramework\v4.8\Facades\System.Data.Common.dll" /reference:"C:\Program Files (x86)\Reference Assemblies\Microsoft\Framework\.NETFramework\v4.8\System.Data.DataSetExtensions.dll" /reference:"C:\Program Files (x86)\Reference Assemblies\Microsoft\Framework\.NETFramework\v4.8\System.Data.dll" /reference:"C:\Program Files (x86)\Reference Assemblies\Microsoft\Framework\.NETFramework\v4.8\System.Deployment.dll" /reference:C:\Users\russel.mercado\source\repos\Yakult-System-for-Merging\Yakult.Inventory.App\packages\System.Diagnostics.DiagnosticSource.8.0.1\lib\net462\System.Diagnostics.DiagnosticSource.dll /reference:"C:\Program Files (x86)\Reference Assemblies\Microsoft\Framework\.NETFramework\v4.8\System.dll" /reference:"C:\Program Files (x86)\Reference Assemblies\Microsoft\Framework\.NETFramework\v4.8\System.Drawing.dll" /reference:"C:\Program Files (x86)\Reference Assemblies\Microsoft\Framework\.NETFramework\v4.8\System.IdentityModel.dll" /reference:C:\Users\russel.mercado\source\repos\Yakult-System-for-Merging\Yakult.Inventory.App\packages\System.IdentityModel.Tokens.Jwt.7.7.1\lib\net472\System.IdentityModel.Tokens.Jwt.dll /reference:C:\Users\russel.mercado\source\repos\Yakult-System-for-Merging\Yakult.Inventory.App\packages\System.IO.FileSystem.AccessControl.5.0.0\lib\net461\System.IO.FileSystem.AccessControl.dll /reference:C:\Users\russel.mercado\source\repos\Yakult-System-for-Merging\Yakult.Inventory.App\packages\System.IO.Packaging.4.7.0\lib\net46\System.IO.Packaging.dll /reference:C:\Users\russel.mercado\source\repos\Yakult-System-for-Merging\Yakult.Inventory.App\packages\System.Memory.Data.8.0.1\lib\net462\System.Memory.Data.dll /reference:C:\Users\russel.mercado\source\repos\Yakult-System-for-Merging\Yakult.Inventory.App\packages\System.Memory.4.5.5\lib\net461\System.Memory.dll /reference:"C:\Program Files (x86)\Reference Assemblies\Microsoft\Framework\.NETFramework\v4.8\System.Net.Http.dll" /reference:"C:\Program Files (x86)\Reference Assemblies\Microsoft\Framework\.NETFramework\v4.8\System.Numerics.dll" /reference:C:\Users\russel.mercado\source\repos\Yakult-System-for-Merging\Yakult.Inventory.App\packages\System.Numerics.Vectors.4.5.0\lib\net46\System.Numerics.Vectors.dll /reference:"C:\Program Files (x86)\Reference Assemblies\Microsoft\Framework\.NETFramework\v4.8\System.Printing.dll" /reference:C:\Users\russel.mercado\source\repos\Yakult-System-for-Merging\Yakult.Inventory.App\packages\System.Resources.Extensions.8.0.0\lib\net462\System.Resources.Extensions.dll /reference:C:\Users\russel.mercado\source\repos\Yakult-System-for-Merging\Yakult.Inventory.App\packages\System.Runtime.CompilerServices.Unsafe.6.0.0\lib\net461\System.Runtime.CompilerServices.Unsafe.dll /reference:C:\Windows\Microsoft.Net\assembly\GAC_MSIL\System.Runtime.WindowsRuntime\v4.0_4.0.0.0__b77a5c561934e089\System.Runtime.WindowsRuntime.dll /reference:C:\Users\russel.mercado\source\repos\Yakult-System-for-Merging\Yakult.Inventory.App\packages\System.Security.AccessControl.5.0.0\lib\net461\System.Security.AccessControl.dll /reference:C:\Users\russel.mercado\source\repos\Yakult-System-for-Merging\Yakult.Inventory.App\packages\System.Security.Cryptography.Pkcs.8.0.1\lib\net462\System.Security.Cryptography.Pkcs.dll /reference:C:\Users\russel.mercado\source\repos\Yakult-System-for-Merging\Yakult.Inventory.App\packages\System.Security.Cryptography.ProtectedData.4.5.0\lib\net461\System.Security.Cryptography.ProtectedData.dll /reference:"C:\Program Files (x86)\Reference Assemblies\Microsoft\Framework\.NETFramework\v4.8\System.Security.dll" /reference:C:\Users\russel.mercado\source\repos\Yakult-System-for-Merging\Yakult.Inventory.App\packages\System.Security.Principal.Windows.5.0.0\lib\net461\System.Security.Principal.Windows.dll /reference:C:\Users\russel.mercado\source\repos\Yakult-System-for-Merging\Yakult.Inventory.App\packages\System.Text.Encoding.CodePages.4.7.1\lib\net461\System.Text.Encoding.CodePages.dll /reference:C:\Users\russel.mercado\source\repos\Yakult-System-for-Merging\Yakult.Inventory.App\packages\System.Text.Encodings.Web.8.0.0\lib\net462\System.Text.Encodings.Web.dll /reference:C:\Users\russel.mercado\source\repos\Yakult-System-for-Merging\Yakult.Inventory.App\packages\System.Text.Json.8.0.6\lib\net462\System.Text.Json.dll /reference:C:\Users\russel.mercado\source\repos\Yakult-System-for-Merging\Yakult.Inventory.App\packages\System.Threading.Tasks.Extensions.4.5.4\lib\net461\System.Threading.Tasks.Extensions.dll /reference:C:\Users\russel.mercado\source\repos\Yakult-System-for-Merging\Yakult.Inventory.App\packages\System.ValueTuple.4.5.0\lib\net47\System.ValueTuple.dll /reference:"C:\Program Files (x86)\Reference Assemblies\Microsoft\Framework\.NETFramework\v4.8\System.Web.Extensions.dll" /reference:"C:\Program Files (x86)\Reference Assemblies\Microsoft\Framework\.NETFramework\v4.8\System.Windows.Forms.DataVisualization.dll" /reference:"C:\Program Files (x86)\Reference Assemblies\Microsoft\Framework\.NETFramework\v4.8\System.Windows.Forms.dll" /reference:"C:\Program Files (x86)\Reference Assemblies\Microsoft\Framework\.NETFramework\v4.8\System.Xaml.dll" /reference:"C:\Program Files (x86)\Reference Assemblies\Microsoft\Framework\.NETFramework\v4.8\System.Xml.dll" /reference:"C:\Program Files (x86)\Reference Assemblies\Microsoft\Framework\.NETFramework\v4.8\System.Xml.Linq.dll" /reference:C:\Windows\System32\WinMetadata\Windows.Data.winmd /reference:C:\Windows\System32\WinMetadata\Windows.Foundation.winmd /reference:C:\Windows\System32\WinMetadata\Windows.UI.winmd /reference:"C:\Program Files (x86)\Reference Assemblies\Microsoft\Framework\.NETFramework\v4.8\WindowsBase.dll" /reference:"C:\Program Files (x86)\Reference Assemblies\Microsoft\Framework\.NETFramework\v4.8\WindowsFormsIntegration.dll" /reference:C:\Users\russel.mercado\source\repos\Yakult-System-for-Merging\Yakult.Inventory.App\packages\WPF-UI.Abstractions.4.3.0\lib\net472\Wpf.Ui.Abstractions.dll /reference:C:\Users\russel.mercado\source\repos\Yakult-System-for-Merging\Yakult.Inventory.App\packages\WPF-UI.4.3.0\lib\net472\Wpf.Ui.dll /reference:C:\Users\russel.mercado\source\repos\Yakult-System-for-Merging\Yakult.Inventory.App\packages\XLParser.1.5.2\lib\net461\XLParser.dll /reference:"C:\Program Files (x86)\Reference Assemblies\Microsoft\Framework\.NETFramework\v4.8\Facades\Microsoft.Win32.Primitives.dll" /reference:"C:\Program Files (x86)\Reference Assemblies\Microsoft\Framework\.NETFramework\v4.8\Facades\netstandard.dll" /reference:"C:\Program Files (x86)\Reference Assemblies\Microsoft\Framework\.NETFramework\v4.8\Facades\System.AppContext.dll" /reference:"C:\Program Files (x86)\Reference Assemblies\Microsoft\Framework\.NETFramework\v4.8\Facades\System.Collections.Concurrent.dll" /reference:"C:\Program Files (x86)\Reference Assemblies\Microsoft\Framework\.NETFramework\v4.8\Facades\System.Collections.dll" /reference:"C:\Program Files (x86)\Reference Assemblies\Microsoft\Framework\.NETFramework\v4.8\Facades\System.Collections.NonGeneric.dll" /reference:"C:\Program Files (x86)\Reference Assemblies\Microsoft\Framework\.NETFramework\v4.8\Facades\System.Collections.Specialized.dll" /reference:"C:\Program Files (x86)\Reference Assemblies\Microsoft\Framework\.NETFramework\v4.8\Facades\System.ComponentModel.Annotations.dll" /reference:"C:\Program Files (x86)\Reference Assemblies\Microsoft\Framework\.NETFramework\v4.8\Facades\System.ComponentModel.dll" /reference:"C:\Program Files (x86)\Reference Assemblies\Microsoft\Framework\.NETFramework\v4.8\Facades\System.ComponentModel.EventBasedAsync.dll" /reference:"C:\Program Files (x86)\Reference Assemblies\Microsoft\Framework\.NETFramework\v4.8\Facades\System.ComponentModel.Primitives.dll" /reference:"C:\Program Files (x86)\Reference Assemblies\Microsoft\Framework\.NETFramework\v4.8\Facades\System.ComponentModel.TypeConverter.dll" /reference:"C:\Program Files (x86)\Reference Assemblies\Microsoft\Framework\.NETFramework\v4.8\Facades\System.Console.dll" /reference:"C:\Program Files (x86)\Reference Assemblies\Microsoft\Framework\.NETFramework\v4.8\Facades\System.Diagnostics.Contracts.dll" /reference:"C:\Program Files (x86)\Reference Assemblies\Microsoft\Framework\.NETFramework\v4.8\Facades\System.Diagnostics.Debug.dll" /reference:"C:\Program Files (x86)\Reference Assemblies\Microsoft\Framework\.NETFramework\v4.8\Facades\System.Diagnostics.FileVersionInfo.dll" /reference:"C:\Program Files (x86)\Reference Assemblies\Microsoft\Framework\.NETFramework\v4.8\Facades\System.Diagnostics.Process.dll" /reference:"C:\Program Files (x86)\Reference Assemblies\Microsoft\Framework\.NETFramework\v4.8\Facades\System.Diagnostics.StackTrace.dll" /reference:"C:\Program Files (x86)\Reference Assemblies\Microsoft\Framework\.NETFramework\v4.8\Facades\System.Diagnostics.TextWriterTraceListener.dll" /reference:"C:\Program Files (x86)\Reference Assemblies\Microsoft\Framework\.NETFramework\v4.8\Facades\System.Diagnostics.Tools.dll" /reference:"C:\Program Files (x86)\Reference Assemblies\Microsoft\Framework\.NETFramework\v4.8\Facades\System.Diagnostics.TraceSource.dll" /reference:"C:\Program Files (x86)\Reference Assemblies\Microsoft\Framework\.NETFramework\v4.8\Facades\System.Drawing.Primitives.dll" /reference:"C:\Program Files (x86)\Reference Assemblies\Microsoft\Framework\.NETFramework\v4.8\Facades\System.Dynamic.Runtime.dll" /reference:"C:\Program Files (x86)\Reference Assemblies\Microsoft\Framework\.NETFramework\v4.8\Facades\System.Globalization.Calendars.dll" /reference:"C:\Program Files (x86)\Reference Assemblies\Microsoft\Framework\.NETFramework\v4.8\Facades\System.Globalization.dll" /reference:"C:\Program Files (x86)\Reference Assemblies\Microsoft\Framework\.NETFramework\v4.8\Facades\System.Globalization.Extensions.dll" /reference:"C:\Program Files (x86)\Reference Assemblies\Microsoft\Framework\.NETFramework\v4.8\Facades\System.IO.Compression.ZipFile.dll" /reference:"C:\Program Files (x86)\Reference Assemblies\Microsoft\Framework\.NETFramework\v4.8\Facades\System.IO.dll" /reference:"C:\Program Files (x86)\Reference Assemblies\Microsoft\Framework\.NETFramework\v4.8\Facades\System.IO.FileSystem.dll" /reference:"C:\Program Files (x86)\Reference Assemblies\Microsoft\Framework\.NETFramework\v4.8\Facades\System.IO.FileSystem.DriveInfo.dll" /reference:"C:\Program Files (x86)\Reference Assemblies\Microsoft\Framework\.NETFramework\v4.8\Facades\System.IO.FileSystem.Primitives.dll" /reference:"C:\Program Files (x86)\Reference Assemblies\Microsoft\Framework\.NETFramework\v4.8\Facades\System.IO.FileSystem.Watcher.dll" /reference:"C:\Program Files (x86)\Reference Assemblies\Microsoft\Framework\.NETFramework\v4.8\Facades\System.IO.IsolatedStorage.dll" /reference:"C:\Program Files (x86)\Reference Assemblies\Microsoft\Framework\.NETFramework\v4.8\Facades\System.IO.MemoryMappedFiles.dll" /reference:"C:\Program Files (x86)\Reference Assemblies\Microsoft\Framework\.NETFramework\v4.8\Facades\System.IO.Pipes.dll" /reference:"C:\Program Files (x86)\Reference Assemblies\Microsoft\Framework\.NETFramework\v4.8\Facades\System.IO.UnmanagedMemoryStream.dll" /reference:"C:\Program Files (x86)\Reference Assemblies\Microsoft\Framework\.NETFramework\v4.8\Facades\System.Linq.dll" /reference:"C:\Program Files (x86)\Reference Assemblies\Microsoft\Framework\.NETFramework\v4.8\Facades\System.Linq.Expressions.dll" /reference:"C:\Program Files (x86)\Reference Assemblies\Microsoft\Framework\.NETFramework\v4.8\Facades\System.Linq.Parallel.dll" /reference:"C:\Program Files (x86)\Reference Assemblies\Microsoft\Framework\.NETFramework\v4.8\Facades\System.Linq.Queryable.dll" /reference:"C:\Program Files (x86)\Reference Assemblies\Microsoft\Framework\.NETFramework\v4.8\Facades\System.Net.Http.Rtc.dll" /reference:"C:\Program Files (x86)\Reference Assemblies\Microsoft\Framework\.NETFramework\v4.8\Facades\System.Net.NameResolution.dll" /reference:"C:\Program Files (x86)\Reference Assemblies\Microsoft\Framework\.NETFramework\v4.8\Facades\System.Net.NetworkInformation.dll" /reference:"C:\Program Files (x86)\Reference Assemblies\Microsoft\Framework\.NETFramework\v4.8\Facades\System.Net.Ping.dll" /reference:"C:\Program Files (x86)\Reference Assemblies\Microsoft\Framework\.NETFramework\v4.8\Facades\System.Net.Primitives.dll" /reference:"C:\Program Files (x86)\Reference Assemblies\Microsoft\Framework\.NETFramework\v4.8\Facades\System.Net.Requests.dll" /reference:"C:\Program Files (x86)\Reference Assemblies\Microsoft\Framework\.NETFramework\v4.8\Facades\System.Net.Security.dll" /reference:"C:\Program Files (x86)\Reference Assemblies\Microsoft\Framework\.NETFramework\v4.8\Facades\System.Net.Sockets.dll" /reference:"C:\Program Files (x86)\Reference Assemblies\Microsoft\Framework\.NETFramework\v4.8\Facades\System.Net.WebHeaderCollection.dll" /reference:"C:\Program Files (x86)\Reference Assemblies\Microsoft\Framework\.NETFramework\v4.8\Facades\System.Net.WebSockets.Client.dll" /reference:"C:\Program Files (x86)\Reference Assemblies\Microsoft\Framework\.NETFramework\v4.8\Facades\System.Net.WebSockets.dll" /reference:"C:\Program Files (x86)\Reference Assemblies\Microsoft\Framework\.NETFramework\v4.8\Facades\System.ObjectModel.dll" /reference:"C:\Program Files (x86)\Reference Assemblies\Microsoft\Framework\.NETFramework\v4.8\Facades\System.Reflection.dll" /reference:"C:\Program Files (x86)\Reference Assemblies\Microsoft\Framework\.NETFramework\v4.8\Facades\System.Reflection.Emit.dll" /reference:"C:\Program Files (x86)\Reference Assemblies\Microsoft\Framework\.NETFramework\v4.8\Facades\System.Reflection.Emit.ILGeneration.dll" /reference:"C:\Program Files (x86)\Reference Assemblies\Microsoft\Framework\.NETFramework\v4.8\Facades\System.Reflection.Emit.Lightweight.dll" /reference:"C:\Program Files (x86)\Reference Assemblies\Microsoft\Framework\.NETFramework\v4.8\Facades\System.Reflection.Extensions.dll" /reference:"C:\Program Files (x86)\Reference Assemblies\Microsoft\Framework\.NETFramework\v4.8\Facades\System.Reflection.Primitives.dll" /reference:"C:\Program Files (x86)\Reference Assemblies\Microsoft\Framework\.NETFramework\v4.8\Facades\System.Resources.Reader.dll" /reference:"C:\Program Files (x86)\Reference Assemblies\Microsoft\Framework\.NETFramework\v4.8\Facades\System.Resources.ResourceManager.dll" /reference:"C:\Program Files (x86)\Reference Assemblies\Microsoft\Framework\.NETFramework\v4.8\Facades\System.Resources.Writer.dll" /reference:"C:\Program Files (x86)\Reference Assemblies\Microsoft\Framework\.NETFramework\v4.8\Facades\System.Runtime.CompilerServices.VisualC.dll" /reference:"C:\Program Files (x86)\Reference Assemblies\Microsoft\Framework\.NETFramework\v4.8\Facades\System.Runtime.dll" /reference:"C:\Program Files (x86)\Reference Assemblies\Microsoft\Framework\.NETFramework\v4.8\Facades\System.Runtime.Extensions.dll" /reference:"C:\Program Files (x86)\Reference Assemblies\Microsoft\Framework\.NETFramework\v4.8\Facades\System.Runtime.Handles.dll" /reference:"C:\Program Files (x86)\Reference Assemblies\Microsoft\Framework\.NETFramework\v4.8\Facades\System.Runtime.InteropServices.dll" /reference:"C:\Program Files (x86)\Reference Assemblies\Microsoft\Framework\.NETFramework\v4.8\Facades\System.Runtime.InteropServices.RuntimeInformation.dll" /reference:"C:\Program Files (x86)\Reference Assemblies\Microsoft\Framework\.NETFramework\v4.8\Facades\System.Runtime.InteropServices.WindowsRuntime.dll" /reference:"C:\Program Files (x86)\Reference Assemblies\Microsoft\Framework\.NETFramework\v4.8\Facades\System.Runtime.Numerics.dll" /reference:"C:\Program Files (x86)\Reference Assemblies\Microsoft\Framework\.NETFramework\v4.8\Facades\System.Runtime.Serialization.Formatters.dll" /reference:"C:\Program Files (x86)\Reference Assemblies\Microsoft\Framework\.NETFramework\v4.8\Facades\System.Runtime.Serialization.Json.dll" /reference:"C:\Program Files (x86)\Reference Assemblies\Microsoft\Framework\.NETFramework\v4.8\Facades\System.Runtime.Serialization.Primitives.dll" /reference:"C:\Program Files (x86)\Reference Assemblies\Microsoft\Framework\.NETFramework\v4.8\Facades\System.Runtime.Serialization.Xml.dll" /reference:"C:\Program Files (x86)\Reference Assemblies\Microsoft\Framework\.NETFramework\v4.8\Facades\System.Security.Claims.dll" /reference:"C:\Program Files (x86)\Reference Assemblies\Microsoft\Framework\.NETFramework\v4.8\Facades\System.Security.Cryptography.Algorithms.dll" /reference:"C:\Program Files (x86)\Reference Assemblies\Microsoft\Framework\.NETFramework\v4.8\Facades\System.Security.Cryptography.Csp.dll" /reference:"C:\Program Files (x86)\Reference Assemblies\Microsoft\Framework\.NETFramework\v4.8\Facades\System.Security.Cryptography.Encoding.dll" /reference:"C:\Program Files (x86)\Reference Assemblies\Microsoft\Framework\.NETFramework\v4.8\Facades\System.Security.Cryptography.Primitives.dll" /reference:"C:\Program Files (x86)\Reference Assemblies\Microsoft\Framework\.NETFramework\v4.8\Facades\System.Security.Cryptography.X509Certificates.dll" /reference:"C:\Program Files (x86)\Reference Assemblies\Microsoft\Framework\.NETFramework\v4.8\Facades\System.Security.Principal.dll" /reference:"C:\Program Files (x86)\Reference Assemblies\Microsoft\Framework\.NETFramework\v4.8\Facades\System.Security.SecureString.dll" /reference:"C:\Program Files (x86)\Reference Assemblies\Microsoft\Framework\.NETFramework\v4.8\Facades\System.ServiceModel.Duplex.dll" /reference:"C:\Program Files (x86)\Reference Assemblies\Microsoft\Framework\.NETFramework\v4.8\Facades\System.ServiceModel.Http.dll" /reference:"C:\Program Files (x86)\Reference Assemblies\Microsoft\Framework\.NETFramework\v4.8\Facades\System.ServiceModel.NetTcp.dll" /reference:"C:\Program Files (x86)\Reference Assemblies\Microsoft\Framework\.NETFramework\v4.8\Facades\System.ServiceModel.Primitives.dll" /reference:"C:\Program Files (x86)\Reference Assemblies\Microsoft\Framework\.NETFramework\v4.8\Facades\System.ServiceModel.Security.dll" /reference:"C:\Program Files (x86)\Reference Assemblies\Microsoft\Framework\.NETFramework\v4.8\Facades\System.Text.Encoding.dll" /reference:"C:\Program Files (x86)\Reference Assemblies\Microsoft\Framework\.NETFramework\v4.8\Facades\System.Text.Encoding.Extensions.dll" /reference:"C:\Program Files (x86)\Reference Assemblies\Microsoft\Framework\.NETFramework\v4.8\Facades\System.Text.RegularExpressions.dll" /reference:"C:\Program Files (x86)\Reference Assemblies\Microsoft\Framework\.NETFramework\v4.8\Facades\System.Threading.dll" /reference:"C:\Program Files (x86)\Reference Assemblies\Microsoft\Framework\.NETFramework\v4.8\Facades\System.Threading.Overlapped.dll" /reference:"C:\Program Files (x86)\Reference Assemblies\Microsoft\Framework\.NETFramework\v4.8\Facades\System.Threading.Tasks.dll" /reference:"C:\Program Files (x86)\Reference Assemblies\Microsoft\Framework\.NETFramework\v4.8\Facades\System.Threading.Tasks.Parallel.dll" /reference:"C:\Program Files (x86)\Reference Assemblies\Microsoft\Framework\.NETFramework\v4.8\Facades\System.Threading.Thread.dll" /reference:"C:\Program Files (x86)\Reference Assemblies\Microsoft\Framework\.NETFramework\v4.8\Facades\System.Threading.ThreadPool.dll" /reference:"C:\Program Files (x86)\Reference Assemblies\Microsoft\Framework\.NETFramework\v4.8\Facades\System.Threading.Timer.dll" /reference:"C:\Program Files (x86)\Reference Assemblies\Microsoft\Framework\.NETFramework\v4.8\Facades\System.Xml.ReaderWriter.dll" /reference:"C:\Program Files (x86)\Reference Assemblies\Microsoft\Framework\.NETFramework\v4.8\Facades\System.Xml.XDocument.dll" /reference:"C:\Program Files (x86)\Reference Assemblies\Microsoft\Framework\.NETFramework\v4.8\Facades\System.Xml.XmlDocument.dll" /reference:"C:\Program Files (x86)\Reference Assemblies\Microsoft\Framework\.NETFramework\v4.8\Facades\System.Xml.XmlSerializer.dll" /reference:"C:\Program Files (x86)\Reference Assemblies\Microsoft\Framework\.NETFramework\v4.8\Facades\System.Xml.XPath.dll" /reference:"C:\Program Files (x86)\Reference Assemblies\Microsoft\Framework\.NETFramework\v4.8\Facades\System.Xml.XPath.XDocument.dll" /debug+ /debug:full /filealign:512 /optimize- /out:obj\BulkCellphoneValidation\Yakult.Inventory.App.exe /subsystemversion:6.00 /target:winexe /utf8output /win32icon:yakult_icon_desktop.ico /deterministic+ /langversion:latest /analyzerconfig:C:\Users\russel.mercado\source\repos\Yakult-System-for-Merging\Yakult.Inventory.App\Forms\.editorconfig /analyzer:packages\Microsoft.CodeAnalysis.NetAnalyzers.10.0.100\analyzers\dotnet\cs\Microsoft.CodeAnalysis.CSharp.NetAnalyzers.dll /analyzer:packages\Microsoft.CodeAnalysis.NetAnalyzers.10.0.100\analyzers\dotnet\cs\Microsoft.CodeAnalysis.NetAnalyzers.resources.dll /analyzer:packages\Microsoft.CodeAnalysis.NetAnalyzers.10.0.100\analyzers\dotnet\Microsoft.CodeAnalysis.NetAnalyzers.dll Helpers\EmailAddressValidator.cs Components\DynamicSectionControl.cs Controls\BranchEntry.cs Controls\BranchEntry.Designer.cs Controls\DepartmentEntry.cs Controls\DepartmentEntry.Designer.cs Core\AppConfig.cs Core\AppSettingsLoader.cs Core\DatabaseConfig.cs Core\EntryTypes.cs Core\ItemTypes.cs Core\AppTime.cs Core\Logger.cs Data\UserRepository.cs Dialogs\CombinedColumnSelectionDialog.cs Dialogs\ReportColumnSelectionDialog.cs Dialogs\SignatoryPickerDialog.cs Forms\CartridgeManagement\CartridgeManagementWpfHost.cs Forms\CartridgeManagement\SendNotificationsWpfHost.cs Forms\CartridgeManagement\FulfilledCartridgesWpfHost.cs Forms\Request\PartiallyFulfilledRequestsWpfHost.cs Forms\Request\UnfulfilledRequestsWpfHost.cs Forms\Consumables\ConsumableModelsWpfHost.cs Forms\CartridgeManagement\PartiallyFulfilledWpfHost.cs Forms\CartridgeManagement\UnfulfilledExchangesWpfHost.cs Forms\CartridgeManagement\VendorCartridgeRefillWpfHost.cs Forms\CartridgeManagement\NonRefillableWpfHost.cs Forms\CartridgeManagement\OutboundBatchesWpfHost.cs Forms\CartridgeManagement\DamagedEmptyCartridgesWpfHost.cs Helpers\CallMonitoringSla.cs Helpers\TaskHelper.cs Helpers\DataGridViewSafety.cs Helpers\InvoiceReportPdfGenerator.cs Helpers\InvoiceSheetRdlHelper.cs Helpers\ModernUiHelper.cs Helpers\ReceiptSetPdfGenerator.cs Helpers\ReportLauncher.cs Helpers\RequestPdfGenerator.cs Helpers\UserActivityPdfGenerator.cs Helpers\SetInvoicePdfGenerator.cs Helpers\SetPdfGenerator.cs Helpers\SplitContainerUtil.cs Models\CartridgeApprovalDto.cs Models\ReceiptSetImageDto.cs Models\CartridgeAuthorizationModel.cs Models\ITAuthorizationModels.cs Models\NotificationCreateDto.cs Models\NotificationDto.cs Models\ReportListItem.cs WPF\CartridgeManagement\Infrastructure\ViewModelBase.cs WPF\CartridgeManagement\Infrastructure\RelayCommand.cs WPF\CartridgeManagement\Converters\Converters.cs WPF\CartridgeManagement\Controls\IntegerSpinner.cs WPF\CartridgeManagement\ViewModels\ClosedCartridgesViewModel.cs Wpf\CartridgeManagement\ViewModels\FulfilledCartridgesViewModel.cs Wpf\CartridgeManagement\ViewModels\ViewCartridgesViewModel.cs Wpf\CartridgeManagement\ViewModels\ViewCartridgeModelsViewModel.cs Wpf\CartridgeManagement\ViewModels\AuthorizationMonitorViewModel.cs Wpf\CartridgeManagement\ViewModels\ViewCartridgeSetsViewModel.cs Wpf\CartridgeManagement\ViewModels\CartridgeTrackingViewModel.cs WPF\CartridgeManagement\ViewModels\DamagedEmptyCartridgesViewModel.cs WPF\CartridgeManagement\ViewModels\NonRefillableEmptyCartridgesViewModel.cs WPF\CartridgeManagement\ViewModels\OutboundBatchesViewModel.cs WPF\CartridgeManagement\ViewModels\VendorCartridgeRefillViewModel.cs Wpf\Admin\AccountManagement\ViewModels\EmployeeManagementViewModel.cs Wpf\Admin\AccountManagement\ViewModels\UserAccountManagementViewModel.cs Wpf\Shared\Controls\TokenSearchBox.cs Wpf\Admin\AccountManagement\ViewModels\DepartmentAccountsViewModel.cs Wpf\Admin\AccountManagement\ViewModels\ApproverManagementViewModel.cs Wpf\Admin\UserPositions\ViewModels\UserPositionsViewModel.cs Wpf\Admin\UserActivity\ViewModels\UserActivityViewModel.cs Wpf\Admin\UserActivityInsights\ViewModels\UserActivityInsightsViewModel.cs Wpf\Shared\Win32WindowWrapper.cs Wpf\Admin\EmailManagement\ViewModels\EmailAddressesViewModel.cs Wpf\Admin\EmailManagement\ViewModels\SmtpProfilesViewModel.cs Wpf\Admin\EmailManagement\ViewModels\EmailTemplatesViewModel.cs Wpf\Admin\EmailManagement\ViewModels\EmailConfigurationViewModel.cs Wpf\Admin\EmailManagement\ViewModels\SmtpSendSettingsViewModel.cs Wpf\Admin\EmailManagement\Converters\NullableProfileIdConverter.cs Wpf\Admin\AccountManagement\Views\EmployeeManagementView.xaml.cs Wpf\Admin\AccountManagement\Views\UserAccountManagementView.xaml.cs Wpf\Admin\AccountManagement\Views\ApproverManagementView.xaml.cs Wpf\Admin\UserPositions\Views\UserPositionsView.xaml.cs Wpf\Admin\UserActivity\Views\UserActivityView.xaml.cs Wpf\Admin\UserActivityInsights\Views\UserActivityInsightsView.xaml.cs Wpf\Admin\EmailManagement\Views\EmailAddressesTabView.xaml.cs Wpf\Admin\EmailManagement\Views\SmtpProfilesTabView.xaml.cs Wpf\Admin\EmailManagement\Views\EmailTemplatesTabView.xaml.cs Wpf\Admin\EmailManagement\Views\EmailConfigurationWindow.xaml.cs Wpf\Admin\EmailManagement\Views\SmtpSendSettingsView.xaml.cs Wpf\Admin\EmailManagement\Views\ApplyProfileToTemplatesDialog.xaml.cs Wpf\Admin\EmailManagement\Views\TurnOffTemplatesDialog.xaml.cs Wpf\Admin\AccountManagement\Views\DepartmentAccountsView.xaml.cs Wpf\Admin\AccountManagement\Dialogs\CreateDeptAccountWindow.xaml.cs Wpf\Admin\AccountManagement\Dialogs\ChangeDeptPasswordWindow.xaml.cs Wpf\Admin\AccountManagement\Dialogs\VerifyAdminPasswordWindow.xaml.cs Wpf\Admin\AccountManagement\Dialogs\ShowDeptPasswordWindow.xaml.cs Wpf\Admin\AccountManagement\Dialogs\EditDeptAccountWindow.xaml.cs Wpf\Admin\AccountManagement\Dialogs\ColumnFilterWindow.xaml.cs Wpf\Admin\AccountManagement\Dialogs\EmployeeImportRow.cs Wpf\Admin\AccountManagement\Dialogs\EmployeeImportPreviewWindow.xaml.cs Wpf\Admin\AccountManagement\Dialogs\EmployeeImportSummaryWindow.xaml.cs Wpf\Admin\AccountManagement\Dialogs\SelectedEmployeesReviewDialog.xaml.cs Wpf\Admin\AccountManagement\Dialogs\ExportFilterDialog.xaml.cs Wpf\Admin\AccountManagement\Dialogs\ExportPreviewWindow.xaml.cs WPF\CartridgeManagement\Views\ClosedCartridgesView.xaml.cs Wpf\CartridgeManagement\Views\FulfilledCartridgesView.xaml.cs Wpf\CartridgeManagement\Views\ViewCartridgesView.xaml.cs Wpf\CartridgeManagement\Views\ViewCartridgeModelsView.xaml.cs Wpf\CartridgeManagement\Views\EditCartridgeModelWindow.xaml.cs Wpf\CartridgeManagement\Views\AuthorizationMonitorView.xaml.cs Wpf\CartridgeManagement\Views\ViewCartridgeSetsView.xaml.cs Wpf\CartridgeManagement\Views\CartridgeTrackingView.xaml.cs WPF\CartridgeManagement\Views\DamagedEmptyCartridgesView.xaml.cs WPF\CartridgeManagement\Views\NonRefillableEmptyCartridgesView.xaml.cs WPF\CartridgeManagement\Views\OutboundBatchesView.xaml.cs WPF\CartridgeManagement\Views\VendorCartridgeRefillView.xaml.cs Wpf\CartridgeManagement\Dialogs\CreateBatchDialog.xaml.cs Wpf\CartridgeManagement\Dialogs\EditBatchWindow.xaml.cs Wpf\Receipt\ReceiptSetViewerWindow.xaml.cs Wpf\Set\BulkAddFiles\BulkAddFilesWindow.xaml.cs Wpf\Receipt\ReceiptSetsView.xaml.cs Wpf\Receipt\ReceiptSetViewerLauncher.cs Wpf\Receipt\ReceiptSetsViewModel.cs Wpf\Receipt\ReceiptSetsWpfHost.cs Wpf\CartridgeManagement\Dialogs\TransferBatchDialog.xaml.cs Wpf\CartridgeManagement\Dialogs\TransferCartridgesWpfDialog.xaml.cs Wpf\CartridgeManagement\Dialogs\AssignReturnsDialog.xaml.cs Wpf\CartridgeManagement\Dialogs\OutboundBatchAssignmentWpfDialog.xaml.cs Wpf\SendNotifications\ViewModels\NotificationRowViewModel.cs Wpf\SendNotifications\ViewModels\SendNotificationsViewModel.cs Wpf\SendNotifications\Views\SendNotificationsView.xaml.cs Wpf\NotificationCenter\ViewModels\ExpiryRowViewModel.cs Wpf\NotificationCenter\ViewModels\MobileUpdateRowViewModel.cs Wpf\NotificationCenter\ViewModels\NotificationCenterViewModel.cs Wpf\NotificationCenter\Controls\NotificationCardControl.xaml.cs Wpf\NotificationCenter\Views\NotificationCenterView.xaml.cs Wpf\Archive\ViewModels\ArchiveRecordDto.cs Wpf\Archive\ViewModels\EntityFieldDto.cs Wpf\Archive\ViewModels\SetItemRowDto.cs Wpf\Archive\ViewModels\ArchivePageViewModel.cs Wpf\Archive\ViewModels\ArchiveDetailsViewModel.cs Wpf\Archive\Views\ArchivePageView.xaml.cs Wpf\Archive\Views\ArchiveDetailsWindow.xaml.cs Wpf\Items\ViewModels\ItemsPageViewModel.cs Wpf\Items\ViewModels\ItemsPageViewModel.Queries.cs Wpf\Items\ViewModels\ItemsPageViewModel.Import.cs Wpf\Items\Views\ItemsPageView.xaml.cs Wpf\Shared\Controls\PagingControl.xaml.cs Wpf\Shared\Controls\SelectedCountBadge.xaml.cs Wpf\Shared\Controls\SelectedRowsReviewDialog.xaml.cs Wpf\Shared\Helpers\CategoryFilterOption.cs Wpf\Shared\Helpers\DocumentDateFilterRow.cs Wpf\Shared\Helpers\ListSortHelper.cs Wpf\Shared\Helpers\ScrollBubbleBehavior.cs Wpf\Shared\Helpers\SearchTextHelper.cs Wpf\Shared\Helpers\SelectionTracker.cs Wpf\Shared\Views\InputPromptWindow.xaml.cs Wpf\Shared\Views\DocumentDateOverflowWindow.xaml.cs Wpf\FixedAssets\ViewModels\FixedAssetsPageViewModel.cs Wpf\FixedAssets\Views\FixedAssetsPageView.xaml.cs Wpf\Warranty\ViewModels\WarrantyItemDto.cs Wpf\Warranty\ViewModels\WarrantyPageViewModel.cs Wpf\Warranty\Views\WarrantyPageView.xaml.cs Wpf\Update\ViewModels\UpdatesPageViewModel.cs Wpf\Update\Views\UpdatesPageView.xaml.cs Wpf\Asset\ViewModels\AssetPageViewModel.cs Wpf\Asset\Views\AssetPageView.xaml.cs Wpf\Vendor\ViewModels\VendorPageViewModel.cs Wpf\Vendor\Views\VendorPageView.xaml.cs Wpf\Category\ViewModels\CategoryPageViewModel.cs Wpf\Category\Views\CategoryPageView.xaml.cs Wpf\Branch\ViewModels\BranchPageViewModel.cs Wpf\Branch\Views\BranchPageView.xaml.cs Wpf\Department\ViewModels\DepartmentPageViewModel.cs Wpf\Department\Views\DepartmentPageView.xaml.cs Wpf\Company\ViewModels\CompanyPageViewModel.cs Wpf\Company\Views\CompanyPageView.xaml.cs Wpf\Employee\ViewModels\EmployeePageViewModel.cs Wpf\Employee\Views\EmployeePageView.xaml.cs Wpf\Export\Invoice\ViewModels\InvoiceExportViewModel.cs Wpf\Export\Invoice\Views\InvoiceExportView.xaml.cs Wpf\Export\Renewal\ViewModels\RenewalExportViewModel.cs Wpf\Export\Renewal\Views\RenewalExportView.xaml.cs Wpf\Export\Sets\ViewModels\SetsExportViewModel.cs Wpf\Export\Sets\Views\SetsExportView.xaml.cs Wpf\Export\RenewalsGrouped\ViewModels\RenewalsGroupedExportViewModel.cs Wpf\Export\RenewalsGrouped\Views\RenewalsGroupedExportView.xaml.cs Wpf\Invoice\ViewModels\InvoiceRow.cs Wpf\Invoice\ViewModels\InvoicePageViewModel.cs Wpf\Invoice\ViewModels\InvoicePageViewModel.Filters.cs Wpf\Invoice\ViewModels\InvoicePageViewModel.Actions.cs Wpf\Invoice\Views\InvoicePageView.xaml.cs Wpf\Invoice\ViewModels\InvoiceLicenseReviewRow.cs Wpf\Invoice\ViewModels\InvoiceLicenseReviewViewModel.cs Wpf\Invoice\Views\InvoiceLicenseReviewView.xaml.cs Wpf\Invoice\ViewModels\NonLicensedInvoiceRow.cs Wpf\Invoice\ViewModels\NonLicensedInvoiceViewModel.cs Wpf\Invoice\Views\NonLicensedInvoiceView.xaml.cs Wpf\Request\ViewModels\RequestRow.cs Wpf\Request\ViewModels\RequestPageViewModel.cs Wpf\Request\ViewModels\RequestPageViewModel.Filters.cs Wpf\Request\ViewModels\RequestPageViewModel.Actions.cs Wpf\Request\Views\RequestPageView.xaml.cs Pages\Request\ArchiveRequestDialog.cs Wpf\Set\ViewModels\SetRow.cs Wpf\Set\ViewModels\SetPageViewModel.cs Wpf\Set\ViewModels\SetPageViewModel.Filters.cs Wpf\Set\ViewModels\SetPageViewModel.Actions.cs Wpf\Set\Views\SetPageView.xaml.cs Wpf\Set\RequisitionForm\Converters\RequisitionFormScaleConverters.cs Wpf\Set\RequisitionForm\ViewModels\RequisitionFormViewModel.cs Wpf\Set\RequisitionForm\ViewModels\PrepareRequisitionViewModel.cs Wpf\Set\RequisitionForm\Services\RequisitionFormPrintService.cs Wpf\Set\RequisitionForm\Views\RequisitionFormPrintView.xaml.cs Wpf\Set\RequisitionForm\Dialogs\PrepareRequisitionDialog.xaml.cs Wpf\Set\RequisitionForm\Dialogs\PrintRequisitionDialog.xaml.cs Pages\Set\ArchiveSetDialog.cs Wpf\Renewal\ViewRenewals\ViewModels\RenewalRow.cs Wpf\Renewal\ViewRenewals\ViewModels\RenewalPageViewModel.cs Wpf\Renewal\ViewRenewals\ViewModels\RenewalPageViewModel.Filters.cs Wpf\Renewal\ViewRenewals\ViewModels\RenewalPageViewModel.Actions.cs Wpf\Renewal\ViewRenewals\Views\RenewalPageView.xaml.cs Wpf\Renewal\RenewalGroups\ViewModels\RenewalGroupRow.cs Wpf\Renewal\RenewalGroups\ViewModels\RenewalHistoryEntryVm.cs Wpf\Renewal\RenewalGroups\ViewModels\RenewalGroupPageViewModel.cs Wpf\Renewal\RenewalGroups\ViewModels\RenewalGroupPageViewModel.Filters.cs Wpf\Renewal\RenewalGroups\ViewModels\RenewalGroupPageViewModel.Actions.cs Wpf\Renewal\RenewalGroups\Views\RenewalGroupPageView.xaml.cs Wpf\Renewal\RenewalGroups\Views\RenewalHistoryWindow.xaml.cs Wpf\ItemMovementAudit\ViewModels\ItemMovementAuditPageViewModel.cs Wpf\ItemMovementAudit\ViewModels\ItemMovementAuditPageViewModel.Data.cs Wpf\ItemMovementAudit\ViewModels\ItemMovementAuditPageViewModel.Sorting.cs Wpf\ItemMovementAudit\ViewModels\ItemMovementAuditPageViewModel.State.cs Wpf\ItemMovementAudit\Views\ItemMovementAuditPageView.xaml.cs Wpf\RepairedItems\ViewModels\RepairedItemsPageViewModel.cs Wpf\RepairedItems\ViewModels\RepairedItemsPageViewModel.Filters.cs Wpf\RepairedItems\ViewModels\RepairedItemsPageViewModel.State.cs Wpf\RepairedItems\ViewModels\RepairedItemsPageViewModel.Actions.cs Wpf\RepairedItems\Views\RepairedItemsPageView.xaml.cs Pages\Inventory\InventoryDtos.cs Wpf\Inventory\ViewModels\SimpleTabState.cs Wpf\Inventory\ViewModels\InventoryPageViewModel.cs Wpf\Inventory\ViewModels\InventoryPageViewModel.Tabs1to4.cs Wpf\Inventory\ViewModels\InventoryPageViewModel.InventoryTab.cs Wpf\Inventory\Views\InventoryPageView.xaml.cs WPF\CartridgeManagement\ViewModels\MultiModelRowViewModel.cs WPF\CartridgeManagement\ViewModels\SessionGroupViewModel.cs WPF\CartridgeManagement\ViewModels\ExchangePanelViewModel.cs WPF\CartridgeManagement\ViewModels\CartridgeManagementViewModel.cs Wpf\CartridgeManagement\ViewModels\CartridgeTransmittalViewModel.cs Wpf\CartridgeManagement\ViewModels\EmployeeSelectItem.cs Wpf\CartridgeManagement\ViewModels\PrepareTransmittalViewModel.cs Wpf\CartridgeManagement\Services\TransmittalPrintService.cs Wpf\CartridgeManagement\Services\PrintDiagnosticsService.cs Wpf\CartridgeManagement\Services\CalibrationPrintService.cs Wpf\CartridgeManagement\Views\CartridgeTransmittalPrintView.xaml.cs Wpf\CartridgeManagement\Views\CartridgeTransmittalPrintPage.xaml.cs Wpf\CartridgeManagement\Dialogs\PrintTransmittalDialog.xaml.cs Wpf\CartridgeManagement\Dialogs\PrepareTransmittalDialog.xaml.cs Wpf\CartridgeManagement\Dialogs\FulfilledCartridgeDetailDialog.xaml.cs Wpf\CartridgeManagement\ViewModels\PfExchangeRowViewModel.cs Wpf\CartridgeManagement\ViewModels\PfSessionGroupViewModel.cs Wpf\CartridgeManagement\ViewModels\FulfillRowStateViewModel.cs Wpf\CartridgeManagement\ViewModels\PartiallyFulfilledViewModel.cs Wpf\CartridgeManagement\ViewModels\UnfulfilledExchangesViewModel.cs Wpf\CartridgeManagement\Views\PartiallyFulfilledView.xaml.cs Wpf\CartridgeManagement\Views\UnfulfilledExchangesView.xaml.cs Wpf\CartridgeManagement\Views\FulfillExchangeDialog.xaml.cs Wpf\RequestManagement\ViewModels\RequestFulfillmentRowViewModel.cs Wpf\RequestManagement\ViewModels\RequestSessionGroupViewModel.cs Wpf\RequestManagement\ViewModels\FulfillRequestRowStateViewModel.cs Wpf\RequestManagement\ViewModels\PartiallyFulfilledRequestsViewModel.cs Wpf\RequestManagement\ViewModels\UnfulfilledRequestsViewModel.cs Wpf\RequestManagement\Views\PartiallyFulfilledRequestsView.xaml.cs Wpf\RequestManagement\Views\UnfulfilledRequestsView.xaml.cs Wpf\RequestManagement\Views\FulfillRequestDialog.xaml.cs Wpf\ConsumableManagement\ViewModels\ViewConsumableModelsViewModel.cs Wpf\ConsumableManagement\Views\ViewConsumableModelsView.xaml.cs Wpf\ConsumableManagement\Views\EditConsumableModelWindow.xaml.cs WPF\CartridgeManagement\Views\CartridgeManagementView.xaml.cs Wpf\Search\Converters\SearchConverters.cs Wpf\Search\ViewModels\SearchCardViewModel.cs Wpf\Search\ViewModels\SearchViewModel.cs Wpf\Search\Views\SearchView.xaml.cs Wpf\RequestPortal\NewRequest\ViewModels\RequestItemRowViewModel.cs Wpf\RequestPortal\NewRequest\ViewModels\NewRequestViewModel.cs Wpf\RequestPortal\NewRequest\Views\NewRequestView.xaml.cs Wpf\RequestPortal\AssistedRequest\ViewModels\AssistedRequestViewModel.cs Wpf\RequestPortal\AssistedRequest\Views\AssistedRequestView.xaml.cs Wpf\RequestPortal\RequestHistory\ViewModels\RequestHistoryViewModel.cs Wpf\RequestPortal\RequestHistory\Views\RequestHistoryView.xaml.cs Wpf\RequestPortal\NotificationBellControl.xaml.cs Wpf\Notifications\NotificationSettingsWindow.xaml.cs Wpf\RequestPortal\AuthorizationHistory\ViewModels\AuthorizationHistoryViewModel.cs Wpf\RequestPortal\AuthorizationHistory\Views\AuthorizationHistoryView.xaml.cs Wpf\RequestPortal\AuthorizeRequest\ViewModels\AuthorizeRequestViewModel.cs Wpf\RequestPortal\AuthorizeRequest\Views\AuthorizeRequestView.xaml.cs Wpf\RequestPortal\WalkThrough\WpfPortalTourStep.cs Wpf\RequestPortal\WalkThrough\WpfPortalTourService.cs Wpf\RequestPortal\WalkThrough\WpfPortalTourWindow.xaml.cs Wpf\Renewal\LinkRenewal\ViewModels\CandidateSetViewModel.cs Wpf\Renewal\LinkRenewal\ViewModels\SetItemComparisonRow.cs Wpf\Renewal\LinkRenewal\ViewModels\LinkRenewalViewModel.cs Wpf\Renewal\LinkRenewal\Views\LinkRenewalWindow.xaml.cs Wpf\Renewal\RenewItems\ViewModels\RenewItemRow.cs Wpf\Renewal\RenewItems\ViewModels\RenewItemsViewModel.cs Wpf\Renewal\RenewItems\Views\RenewItemsWindow.xaml.cs Wpf\Renewal\RenewalDetail\ViewModels\RenewalChainNodeViewModel.cs Wpf\Renewal\RenewalDetail\ViewModels\InvoiceItemRowViewModel.cs Wpf\Renewal\RenewalDetail\ViewModels\RenewalHistoryRowViewModel.cs Wpf\Renewal\RenewalDetail\ViewModels\RenewalDetailViewModel.cs Wpf\Renewal\RenewalDetail\Views\RenewalDetailWindow.xaml.cs Wpf\Renewal\RenewalWorkspace\ViewModels\RenewalWorkspaceViewModel.cs Wpf\Renewal\RenewalWorkspace\Views\RenewalWorkspaceWindow.xaml.cs Wpf\Renewal\ChainReceipts\ViewModels\ChainReceiptsViewModel.cs Wpf\Renewal\ChainReceipts\Views\ChainReceiptsWindow.xaml.cs Pages\Dtos.cs Pages\Admin\Account-Management\AccountPermissionsPage.cs Pages\Set\SetDispatchNotificationPage.cs Pages\SupervisorApprovalPage.cs Repositories\CartridgeApprovalRepository.cs Repositories\CartridgeAuthorizationRepository.cs Repositories\NotificationRepository.cs Repositories\UserNotificationSettingRepository.cs Repositories\ReportsRepository.cs Services\CartridgeApprovalService.cs Services\AuthorizationService.cs Yakult_Inventory_System_DEVDataSet.Designer.cs Forms\Admin\AdminPortalForm.cs Forms\Admin\UserActivityInsightsForm.cs Forms\Admin\UserActivityInsightsWpfHost.cs Forms\CartridgeManagement\CartridgeManagementForm.cs Forms\CartridgeManagement\CartridgeManagementPortalForm.cs Forms\ConsumableManagement\RequestSetManagementPortalForm.cs Forms\Admin\AccountManagement\EmployeeManagementWpfHost.cs Forms\Admin\AccountManagement\UserAccountManagementWpfHost.cs Forms\Admin\AccountManagement\UserPositionsWpfHost.cs Forms\Admin\UserActivityWpfHost.cs Forms\Admin\AccountManagement\ApproverManagementWpfHost.cs Forms\Admin\AccountManagement\DepartmentAccountsWpfHost.cs Forms\CartridgeManagement\ClosedCartridgesWpfHost.cs Forms\CartridgeManagement\ViewCartridgesWpfHost.cs Forms\CartridgeManagement\ViewCartridgeModelsWpfHost.cs Forms\CartridgeManagement\AuthorizationMonitorWpfHost.cs Forms\CartridgeManagement\ViewCartridgeSetsWpfHost.cs Forms\CartridgeManagement\CartridgeTrackingWpfHost.cs Forms\Dashboard\DashboardDrillDownDialog.cs Forms\Dashboard\DashboardHome.cs Forms\CallMonitoringDashboard.cs Forms\BorrowItemsDashboard.cs Forms\BorrowItems\ReturnBorrowDialog.cs Forms\BorrowItems\BorrowUiTheme.cs Forms\BorrowItems\ConfirmBorrowDialog.cs Forms\BorrowItems\BorrowDetailsDialog.cs Forms\BorrowItems\ConfirmReturnDialog.cs Forms\CallMonitoring\EmailNotificationForm.cs Forms\CallMonitoring\DepartmentSmtpProfileDialog.cs Forms\CallMonitoring\SmtpProfileLinkDialog.cs Forms\CallMonitoring\DepartmentSmtpProfileLinkDialog.cs Forms\CallMonitoring\BranchSmtpProfileLinkDialog.cs Forms\CallMonitoring\SmtpProfileDialogUi.cs Forms\CallMonitoring\CallMonitoringReportsForm.cs Forms\CallMonitoring\CallMonitoringProfilesForm.cs Forms\CallMonitoring\EmployeeProfileDetailsDialog.cs Forms\CallMonitoring\EmployeeReplacementItemsDialog.cs Forms\CallMonitoring\AutoEscalationAssigneeDialog.cs Forms\CallMonitoring\EscalationOverrideForm.cs Forms\CallMonitoring\MarkAsResolutionDialog.cs Forms\CallMonitoring\TicketDetailsDialog.cs Forms\CallMonitoring\TicketSummaryDialog.cs Forms\CallMonitoring\DashboardDrillDownForm.cs Forms\CallMonitoring\EmailLogDetailsDialog.cs Forms\CallMonitoring\EmailTemplatePreviewDialog.cs Forms\CallMonitoring\ConfirmTicketCreationDialog.cs Forms\CallMonitoring\TicketPickerDialog.cs Forms\CallMonitoring\CallMonitoringDisplayModeControl.cs Forms\CallMonitoring\Hybrid\WpfCallMonitoringHostControl.cs Forms\CallMonitoring\Hybrid\WpfTicketManagementHostControl.cs Forms\CallMonitoring\Hybrid\WpfDisplayModeHostControl.cs Forms\CallMonitoring\Hybrid\WpfCallMonitoringProfilesHostControl.cs Forms\CallMonitoring\Hybrid\WpfIncomingTicketsHostControl.cs Forms\CallMonitoring\Hybrid\WpfReportsHostControl.cs Forms\CallMonitoring\Hybrid\WpfEmailNotificationHostControl.cs Forms\CallMonitoring\TicketManagementControl.Presentation.cs Forms\CallMonitoring\TicketManagementControl.StatusWorkflow.cs Forms\CallMonitoring\TicketManagementControl.cs Forms\CallMonitoring\CallMonitoringIcons.cs Forms\CallMonitoring\ToastNotification.cs Forms\CallMonitoring\NotificationDrawerControl.cs Forms\CallMonitoring\TicketWorkflow.cs Models\CallMonitoring\CallAssignmentEligibilityItem.cs Wpf\CallMonitoring\ICallMonitoringNavigator.cs Wpf\CallMonitoring\WpfCallMonitoringShell.cs Wpf\CallMonitoring\WpfNotificationDrawer.cs Wpf\Portal\WpfMainDashboardShell.cs Wpf\Portal\ConsumableManagementPortalShell.xaml.cs Wpf\RequestSetSearch\ViewModels\RequestSetSearchViewModel.cs Wpf\RequestSetSearch\Converters\RequestSetTypeToBrushConverter.cs Wpf\RequestSetSearch\Views\RequestSetSearchView.xaml.cs Wpf\CallMonitoring\WpfCallMonitoringWorkspace.cs Wpf\CallMonitoring\WpfTicketDetailsDialog.cs Wpf\CallMonitoring\WpfItcmDialogs.cs Wpf\CallMonitoring\WpfMarkAsResolutionDialog.cs Wpf\CallMonitoring\WpfTicketStatusActionDialog.cs Wpf\CallMonitoring\WpfEmployeeProfileDetailsDialog.cs Wpf\CallMonitoring\WpfSmtpTestDialog.cs Wpf\CallMonitoring\WpfTicketManagementWorkspace.cs Wpf\CallMonitoring\WpfDisplayModeWorkspace.cs Wpf\CallMonitoring\WpfCallMonitoringProfilesWorkspace.cs Wpf\CallMonitoring\WpfAssigneeEligibilityDialog.cs Wpf\CallMonitoring\WpfCallMonitoringReportsWorkspace.cs Wpf\CallMonitoring\WpfIncomingTicketsWorkspace.cs Wpf\CallMonitoring\WpfIncomingTicketAssigneePickerDialog.cs Wpf\CallMonitoring\WpfEmailNotificationWorkspace.cs Wpf\BorrowItems\WpfBorrowWorkspace.cs Wpf\BorrowItems\WpfBorrowBoardWorkspace.cs Wpf\BorrowItems\WpfBorrowBoardHostControl.cs Wpf\BorrowItems\WpfBorrowHostControl.cs Wpf\BorrowItems\WpfBorrowTransactionWorkspace.cs Wpf\BorrowItems\WpfBorrowDetailsDialog.cs Wpf\BorrowItems\WpfBorrowableItemsPickerDialog.cs Wpf\BorrowItems\WpfAddExternalAndBorrowDialog.cs Wpf\BorrowItems\WpfBorrowTransactionHostControl.cs Forms\Portal\MainDashboardForm.cs Forms\Notifications\NotificationCenterHost.cs Forms\Notifications\NotificationSettingsForm.cs Forms\Notifications\NotificationSettingsForm.Designer.cs Forms\SystemSettings\EmailTemplateEditorDialog.cs Forms\SystemSettings\SendTestEmailDialog.cs Forms\SystemSettings\SystemEmailSettingsForm.cs Forms\SystemSettings\SystemSmtpProfileDialog.cs Helpers\AesEncryptionHelper.cs Helpers\InventoryException.cs Helpers\InventoryHelper.cs Helpers\PasswordHelper.cs Helpers\SecretProtector.cs Helpers\RenewalTestingHelper.cs Helpers\RenewalReportPdfGenerator.cs Helpers\ReportHelper.cs Helpers\ItemPdfGenerator.cs Helpers\TabularPdfGenerator.cs Helpers\SetQRGenerator.cs Helpers\LocalImageFileHelper.cs Helpers\ListPageStateHelper.cs Helpers\UiTheme.cs Helpers\UiFactory.cs Helpers\DefaultListPageTemplate.cs Helpers\ColumnFilterPopup.cs Helpers\DateRangeFilterPopup.cs Models\CartridgeModelDto.cs Models\ConsumableModelDto.cs Models\DamagedEmptyCartridgeDto.cs Models\OutboundBatchDto.cs Models\NonRefillableEmptyDto.cs Models\NonRefillableGroupedDto.cs Models\ClosedEmptyCartridgeDto.cs Models\UnassignedReturnDto.cs Models\UserActivityFilter.cs Models\UserActivityLogDto.cs Models\CartridgeMovementDto.cs Models\CartridgeReturnForRefillDto.cs Models\EmailAddressDto.cs Models\EmailTemplateDto.cs Models\EmployeeEmailDto.cs Models\EmptyCartridgesByVendorDto.cs Models\LookupItem.cs Models\AssetDto.cs Models\BorrowItems\BorrowEmployeeLookup.cs Models\BorrowItems\BorrowItemLookup.cs Models\BorrowItems\BorrowLogPage.cs Models\BorrowItems\BorrowLogRow.cs Models\CallMonitoring\CallDashboardMetrics.cs Models\CallMonitoring\CallEmailSettingsItem.cs Models\CallMonitoring\CallEmailTemplateItem.cs Models\CallMonitoring\CallTicketContactEmailResolution.cs Models\CallMonitoring\CallTicketNotificationData.cs Models\CallMonitoring\CallDepartmentSmtpProfileItem.cs Models\CallMonitoring\CallEmailLogItem.cs Models\CallMonitoring\CallEscalationSettingsItem.cs Models\CallMonitoring\CallIssueTypePoint.cs Models\CallMonitoring\CallNotificationRulesItem.cs Models\CallMonitoring\SmtpSenderConfig.cs Models\CallMonitoring\CallSmtpProfileItem.cs Models\CallMonitoring\CallDepartmentSmtpProfileRow.cs Models\CallMonitoring\CallDepartmentNotificationRecipientItem.cs Models\CallMonitoring\CallBranchSmtpProfileRow.cs Models\CallMonitoring\CallBranchNotificationRecipientItem.cs Models\CallMonitoring\CallTicketEscalationOverrideItem.cs Models\CallMonitoring\CallTicketHistoryItem.cs Models\CallMonitoring\CallTicketListItem.cs Models\CallMonitoring\CallTicketNoteItem.cs Models\CallMonitoring\CallTicketVolumePoint.cs Models\CallMonitoring\CallResolutionReportRow.cs Models\CallMonitoring\CallSlaComplianceReportRow.cs Models\CallMonitoring\CallSolvedSummaryReportRow.cs Models\CallMonitoring\CallEmployeeProfileLookup.cs Models\CallMonitoring\CallEmployeeOrgInfo.cs Models\CallMonitoring\CallEmployeeReplacementItemRow.cs Models\CallMonitoring\CallTechProfileSummary.cs Models\CallMonitoring\CallTechHandledTicketRow.cs Models\CallMonitoring\CallTechOpenTicketRow.cs Models\Inventory.cs Models\InventoryAuditLog.cs Models\InventoryCreateDto.cs Models\ItemAuditTrailDto.cs Models\MovementType.cs Models\DisposedSoldItemDto.cs Models\RenewalDto.cs Models\SetItemRenewalDto.cs Models\ItemCatalogDto.cs Models\RenewalDetailDto.cs Models\ConditionDto.cs Models\ServiceSetModels.cs Models\SetImageDto.cs Models\AuditEntry.cs Models\SystemEmailLogDto.cs Models\SystemSmtpProfileDto.cs Models\UnfulfilledCartridgeExchangeDto.cs Models\VendorBatchAuditTrailDto.cs Models\VendorCartridgeBatchDto.cs Models\RefillTransactionDto.cs Models\RefillEligibilityResult.cs Models\ConsumableCategories.cs Models\ViewModels\BranchViewModel.cs Models\ViewModels\CartridgeModelAvailabilityViewModel.cs Models\ViewModels\CartridgeRequestItemViewModel.cs Models\ViewModels\CartridgeRequestViewModel.cs Models\ViewModels\CompanyViewModel.cs Models\ViewModels\DepartmentViewModel.cs Models\ViewModels\EmployeeViewModel.cs Models\ViewModels\PortalRequestStatusViewModel.cs Models\ViewModels\RequestSubmissionSnapshotViewModel.cs Pages\Admin\Email-Management\EmailLogsPage.cs Pages\CartridgeManagement\CartridgesForRefillPage.cs Pages\Branch\AddBranchDialog.cs Pages\Branch\AddBranchDialog.Designer.cs Pages\Cartridge\DamagedEmptyCartridgesPage.cs Pages\Request-Portal\RequestDetailDialog.cs Pages\Invoice\ViewInvoiceDetailPage.cs Pages\Invoice\ViewInvoiceDetailPage.Designer.cs Pages\Request\ViewRequestsPage.cs Pages\Request\ViewRequestsPage.Designer.cs Pages\Request\EditRequestDialog.cs Pages\Request\EditRequestDialog.Designer.cs Pages\SimpleCropForm.cs Pages\SelectSetDialog.cs Pages\DocumentImagesDialog.cs Pages\ImageViewerDialog.cs Forms\Dashboard\DashboardModels.cs Forms\Dashboard\DashboardService.cs Forms\Dashboard\DashboardView.cs Forms\Reports\ReportDetailsForm.cs Forms\Reports\ReportsForm.cs Forms\Reports\ReportsForm.Designer.cs Repositories\ArchiveRepository.cs Repositories\BaseRepositoryHelper.cs Repositories\BranchRepository.cs Repositories\CartridgeManagementRepository.cs Repositories\SystemSettingRepository.cs Repositories\UserActivityRepository.cs Repositories\HolidayRepository.cs Repositories\CartridgeModelRepository.cs Repositories\ConsumableModelRepository.cs Repositories\PermissionItemRepository.cs Repositories\CartridgeRepository.cs Repositories\CartridgeRefillRepository.cs Repositories\CategoryRepository.cs Repositories\CompanyRepository.cs Repositories\DepartmentRepository.cs Repositories\EmailRepository.cs Repositories\EmployeeRepository.cs Repositories\BorrowItemsRepository.cs Repositories\InventoryRepository.cs Repositories\InvoiceRepository.cs Repositories\InvoiceLicenseReviewRepository.cs Repositories\NonLicensedInvoiceRepository.cs Repositories\ItemRepository.cs Repositories\ItemAuditTrailWriter.cs Repositories\RenewalRepository.cs Repositories\RequestRepository.cs Repositories\RoleRepository.cs Repositories\SearchRepository.cs Repositories\ServiceSetRepository.cs Repositories\CallSchemaGate.cs Repositories\ICallMonitoringRepository.cs Repositories\CallMonitoringRepository.cs Repositories\CallMonitoringRepository.EmailNotifications.cs Repositories\CallMonitoringRepository.SmtpProfiles.cs Repositories\CallMonitoringRepository.Tickets.Core.cs Repositories\CallMonitoringRepository.Tickets.Workflow.cs Repositories\CallMonitoringRepository.Lookups.cs Repositories\CallMonitoringRepository.Reports.DashboardAndTech.cs Repositories\CallMonitoringRepository.Reports.Analytics.cs Repositories\CallMonitoringRepository.Reports.SolvedSummary.cs Repositories\SetRepository.cs Repositories\SetItemUpdateRepository.cs Repositories\ItemMovementAuditRepository.cs Repositories\ItemAuditTrailRepository.cs Repositories\AuditRepository.cs Repositories\ReceiptSetRepository.cs Repositories\ItemRepairHistoryRepository.cs Repositories\ItemLifecycleDecisionRepository.cs Repositories\DisposedSoldReportRepository.cs Repositories\ItemConditionRepository.cs Pages\User\LoginPage.cs Pages\User\LoginPage.Designer.cs Pages\User\MainForm.cs Pages\User\MainForm.Designer.cs Pages\User\RegisterPage.cs Pages\User\RegisterPage.Designer.cs Program.cs Properties\AssemblyInfo.cs Repositories\SetRepositoryEmailHelpers.cs Repositories\UnfulfilledCartridgeExchangeRepository.cs Repositories\VendorRepository.cs Repositories\AssetRepository.cs Security\PermissionResolver.cs Services\ActivityLogger.cs Services\UserActivityInsightsService.cs Services\CartridgeExchangeService.cs Services\CartridgeRefillService.cs Services\EmailReceiptService.cs Services\InventoryService.cs Services\ConsumableStockReconciliationService.cs Services\CallEmailNotificationService.cs Services\ISmtpService.cs Services\PortalNotificationService.cs Services\QRDataService.cs Services\DesktopNotificationPoller.cs Services\WindowsToastService.cs Services\RequesterPortalService.cs Services\SmtpService.cs Services\SystemEmailNotificationService.cs Session\AppSession.cs Session\SessionContext.cs Properties\Resources.Designer.cs Properties\Settings.Designer.cs Wpf\CallMonitoring\WpfThemeResources.cs Pages\Branch\BulkAssignBranchDeptDialog.cs Pages\Employee\EmployeeDialog.xaml.cs Pages\Branch\EditBranchDialog.xaml.cs Pages\BranchAssignment\ViewBranchAssignmentPage.cs Pages\BranchAssignment\AddBranchAssignmentDialog.cs Pages\ApprovalPendingPage.cs Pages\Cartridge\AuthorizationMonitorPage.cs Pages\DisposedSoldReportPage.cs Pages\User\MyAccountPage.cs Pages\Admin\Account-Management\EmployeeManagementPage.cs Pages\Admin\Account-Management\EmployeeManagementPage.Designer.cs Pages\Admin\Account-Management\ResetPasswordDialog.cs Pages\Admin\Account-Management\ResetPasswordDialog.Designer.cs Pages\Admin\Account-Management\RoleManagementPage.cs Pages\Admin\Account-Management\UserAccountManagementPage.cs Pages\Admin\Account-Management\UserAccountManagementPage.Designer.cs Pages\Admin\Reference-Data\BranchAcronymPage.cs Pages\Admin\Reference-Data\DepartmentAcronymPage.cs Pages\Admin\Reference-Data\HolidayManagementPage.cs Pages\Admin\Reference-Data\MasterDataUpdatePage.cs Pages\Admin\Account-Management\DepartmentAccountsPage.cs Pages\Admin\Account-Management\DepartmentAccountsPage.Designer.cs Pages\Admin\Security\PortalAccessPage.cs Pages\Admin\Security\UserPortalAccessPage.cs Pages\Admin\Security\PermissionGridPanel.cs Pages\Admin\Security\CategoryAccessPanel.cs Pages\Admin\Security\PageAccessPanel.cs Pages\Admin\Security\RolePageAccessPanel.cs Pages\Admin\QrImageBackfillPage.cs Pages\Admin\ReceiptBackfillPage.cs Pages\Admin\DBConn\DatabaseSetupForm.cs Pages\Admin\Email-Management\BranchEmailBindingPage.cs Pages\Admin\Email-Management\EmployeeEmailBindingPage.cs Forms\Admin\EmailManagement\SmtpSendSettingsWpfHost.cs Pages\Archive\ArchiveDetailsDialog.cs Pages\Archive\ItemArchiveDetailsDialog.cs Pages\Archive\ItemArchiveDetailsDialog.Designer.cs Pages\Archive\ViewArchivePage.cs Pages\Archive\ViewArchivePage.Designer.cs Pages\Branch\AddBranchPage.cs Pages\Branch\AddBranchPage.Designer.cs Pages\Branch\AddBranchPage_New.cs Pages\Branch\AddBranchPage_New.Designer.cs Pages\Branch\ViewBranchPage.cs Pages\Branch\ViewBranchPage.Designer.cs Pages\BulkAddMasterDataPage.cs Pages\BulkAddMasterDataPagecs.cs Pages\Cartridge\CartridgeReturnDialog.cs Pages\Cartridge\CartridgeReturnDialog.Designer.cs Pages\Cartridge\CreateBatchDialog.cs Pages\Cartridge\EditCartridgeModelDialog.cs Pages\Cartridge\PartiallyFulfilledCartridgePage.cs Pages\Cartridge\UnfulfilledCartridgeExchangesPage.cs Pages\Cartridge\VendorCartridgeRefillPage.cs Pages\Cartridge\VendorCartridgeRefillPage.Designer.cs Pages\Cartridge\ViewBrandNewCartridgesPage.cs Pages\Cartridge\ViewBrandNewCartridgesPage.Designer.cs Pages\Cartridge\ViewCartridgeModelsPage.cs Pages\Cartridge\ViewCartridgeRequestsPage.cs Pages\Cartridge\ViewCartridgeRequestsPage.Designer.cs Pages\Cartridge\ViewCartridgeSetPage.cs Pages\Cartridge\ViewCartridgeSetPage.Designer.cs Pages\Cartridge\ViewCartridgesForRefillPage.cs Pages\Cartridge\ViewCartridgesForRefillPage.Designer.cs Pages\Cartridge\ViewCartridgeTrackingPage.cs Pages\Cartridge\ViewCartridgeTrackingPage.Designer.cs Pages\Cartridge\ViewCartridgesPage.cs Pages\Cartridge\EditBatchDialog.cs Pages\Cartridge\TransferCartridgesDialog.cs Pages\Cartridge\ManualBatchAssignmentDialog.cs Pages\Cartridge\NonRefillableCartridgesPage.cs Pages\Cartridge\DisposedSoldReportFilterDialog.cs Pages\Cartridge\OutboundBatchAssignmentDialog.cs Pages\Cartridge\OutboundBatchesPage.cs Pages\Cartridge\ClosedCartridgesPage.cs Pages\Cartridge\CartridgeFulfillmentNotificationPage.cs Pages\Cartridge\ConfirmReceiverDialog.cs Pages\Category\AddCategoryDialog.cs Pages\Category\EditCategoryDialog.xaml.cs Pages\Category\QuickAddCategoryDialog.cs Pages\Category\QuickAddCategoryDialog.Designer.cs Pages\Category\ViewCategoryPage.cs Pages\Category\ViewCategoryPage.Designer.cs Pages\Company\AddCompanyPage.cs Pages\Company\AddCompanyPage.Designer.cs Pages\Company\ArchiveCompanyDialog.cs Pages\Company\CompanyDialog.xaml.cs Pages\Company\ViewCompanyPage.cs Pages\Company\ViewCompanyPage.Designer.cs Pages\Department\AddDepartmentDialog.cs Pages\Department\AddDepartmentDialog.Designer.cs Pages\Department\AddDepartmentPage.cs Pages\Department\AddDepartmentPage.Designer.cs Pages\Department\AddDepartmentPage_New.cs Pages\Department\AddDepartmentPage_New.Designer.cs Pages\Department\DepartmentDialog.xaml.cs Pages\Department\ViewDepartmentPage.cs Pages\Department\ViewDepartmentPage.Designer.cs Pages\Employee\AddEmployeePage.cs Pages\Employee\AddEmployeePage.Designer.cs Pages\Employee\QuickAddEmployeeDialog.cs Pages\Employee\QuickAddEmployeeDialog.Designer.cs Pages\Employee\ViewEmployeePage.cs Pages\Employee\ViewEmployeePage.Designer.cs Pages\Employee\EmployeeExcelImportPreviewForm.cs Pages\Export\ExportCartridgeDisposedSold.cs Pages\Export\ExportCartridgeDisposedSoldPreviewDialog.cs Pages\Export\ExportInvoice.cs Pages\Export\ExportInvoicePreviewDialog.cs Pages\Export\RenewalGroupViewModel.cs Pages\Export\ExportRenewal.cs Pages\Export\ExportRenewalsGrouped.cs Pages\Export\ExportSets.cs Pages\Export\ExportSetsPreviewDialog.cs Pages\Export\ExportRenewalPreviewDialog.cs Pages\Export\ExportRenewalsGroupedPreviewDialog.cs Pages\Export\ReportPickerPage.cs Pages\Export\CombinedReportPreviewDialog.cs Pages\Export\CombinedReportSettingsDialog.cs Pages\Export\CombinedRdlcPreviewWindow.cs Pages\Asset\AddEditAssetDialog.cs Pages\Asset\ViewAssetPage.cs Pages\Fixed-Asset\ViewFixedAssetsPage.cs Pages\Fixed-Asset\ViewFixedAssetsPage.Designer.cs Pages\Inventory\AddInventoryDialog.cs Pages\Inventory\AddInventoryDialog.Designer.cs Pages\Inventory\EditInventoryDialog.cs Pages\Inventory\EditInventoryDialog.Designer.cs Pages\Inventory\ViewInventoryPage.cs Pages\Inventory\ViewInventoryPage.Designer.cs Pages\Invoice\InvoiceImportDialog.cs Pages\Invoice\InvoiceImportDialog.Designer.cs Pages\Invoice\AddInvoiceItemDialog.cs Pages\Invoice\BatchAddInvoiceItemsDialog.cs Pages\Invoice\BulkAddItemsDialog.cs Pages\Invoice\PickOrCreateInvoiceDialog.cs Pages\Invoice\QuickCreateInvoicePage.cs Pages\Invoice\DeleteInvoiceLineDialog.cs Pages\Invoice\DeleteInvoicesDialog.cs Pages\Invoice\InvoiceSheetForm.cs Pages\Invoice\ViewInvoiceReportPage.cs Pages\Invoice\ViewInvoiceLicenseReviewPage.cs Pages\Invoice\ViewNonLicensedInvoicesPage.cs Pages\Item-Audit\ItemMovementAuditDetailsWindow.cs Pages\Item-Audit\ItemMovementAuditInsightsDialog.cs Pages\Item-Audit\ViewItemMovementAuditPage.cs Pages\Item-Audit\ViewItemMovementAuditPage.Designer.cs Pages\Item\AddItemPage.cs Pages\Item\AddItemPage.Designer.cs Pages\Item\BatchAddItemDialog.xaml.cs Pages\Item\BatchAddItemDialog.Designer.cs Pages\Item\CartridgeCsvImportDialog.xaml.cs Pages\Item\InvoiceCsvImportDialog.xaml.cs Pages\Item\CategoryFixDialog.cs Pages\Item\MobileSerialsPreviewDialog.cs Pages\Item\EditItemDialog.xaml.cs Pages\Item\ItemSelectionManager.cs Pages\Item\IncludeExcludedCellphonesDialog.cs Pages\Item\BulkCellphoneNumberUpdateDialog.cs Pages\Item\UpdateCellphoneDetailsDialog.cs Pages\Item\ViewItemsPage.cs Pages\Item\ViewItemsPage.Designer.cs Pages\Item\ViewRepairedItemsPage.cs Pages\Item\RepairedItemRow.cs Pages\Item\MarkActionDialog.cs Pages\Item\SellDisposeDialog.cs Pages\Item\RepairHistoryDialog.cs Pages\MarkAsProcessedDialog.cs Pages\Receipt\AttachReceiptSetDialog.cs Pages\Receipt\CopyLocalReceiptToDbDialog.cs Pages\Receipt\ReceiptSetViewerDialog.cs Pages\Receipt\ViewReceiptsPage.cs Pages\Renewal\AddRenewalDialog.cs Pages\Renewal\RenewalReportFilterDialog.cs Pages\Renewal\RenewalReportOptionsDialog.cs Pages\Renewal\SetItemRenewalDialog.cs Pages\Renewal\ViewRenewalDetailPage.cs Pages\Renewal\ViewRenewalDetailPage.Designer.cs Pages\Renewal\ViewRenewalPage.cs Pages\Renewal\ViewRenewalPage.Designer.cs Pages\Renewal\ViewRenewalGroupPage.cs Pages\Renewal\ViewRenewalGroupPage.Designer.cs Pages\Request-Portal\AuthorizationHistoryPage.cs Pages\Request-Portal\AuthorizationDetailDialog.cs Pages\Request-Portal\NotificationDropdownForm.cs Pages\Request-Portal\RequesterPortalForm.cs Pages\Request\AddRequestPage.cs Pages\Request\AddRequestPage.Designer.cs Pages\Request\BatchAddRequestDialog.Designer.cs Pages\Set\AddRequestsToSetDialog.cs Pages\Set\AddSetPage.cs Pages\Set\AddSetPage.Designer.cs Pages\Set\SetItemUpdateDetailsDialog.cs Pages\Set\ViewSetDetailPage.cs Pages\Set\ViewSetDetailPage.Designer.cs Pages\Set\ViewSetDetailPage.xaml.cs Pages\Set\ViewSetPage.cs Pages\Set\ViewSetPage.Designer.cs Pages\Software\SelectedItemsReviewDialog.cs Pages\Software\SoftwareItemPickerDialog.cs Pages\Software\SoftwareServiceSetDialog.cs Pages\Software\SoftwareServiceSetDialog.Designer.cs Pages\Update\ViewUpdatesPage.cs Pages\User\ChangePasswordDialog.cs Pages\User\ChangePasswordDialog.Designer.cs Pages\Vendor\AddVendorDialog.cs Pages\Vendor\EditVendorDialog.xaml.cs Pages\Vendor\QuickAddVendorDialog.cs Pages\Vendor\QuickAddVendorDialog.Designer.cs Pages\Vendor\ViewVendorsPage.cs Pages\Warranty\ViewWarrantyPage.cs Pages\ReportViewerForm.cs Pages\ReportViewerForm.Designer.cs Forms\CallMonitoring\SmtpTestDialog.cs Wpf\CallMonitoring\WpfCallMonitoringDiagnosticsWorkspace.cs Forms\CallMonitoring\Hybrid\WpfDiagnosticsHostControl.cs Dialogs\AddInventoryDialog.cs Dialogs\AddInventoryDialog.Designer.cs Dialogs\EditInventoryDialog.cs Dialogs\EditInventoryDialog.Designer.cs Forms\CallMonitoring\CallMonitoringDiagnosticsForm.cs Helpers\ApplicationIcon.cs Models\EmptyCartridgeDto.cs Pages\RoleManagementPage_New.cs Pages\Cartridge\ReceiveRefilledCartridgesPage.cs Pages\Cartridge\ReceiveRefilledCartridgesPage.Designer.cs Pages\Invoice\ViewInvoicePage.cs Pages\Invoice\ViewInvoicePage.Designer.cs Pages\Item\AddItemDialog.cs Pages\Item\AddItemDialog.Designer.cs Pages\Request\BatchAddRequestDialog.xaml.cs Pages\Set\SelectRequestForSetDialog.cs C:\Users\russel.mercado\source\repos\Yakult-System-for-Merging\Yakult.Inventory.App\obj\BulkCellphoneValidation\WPF\CartridgeManagement\Views\CartridgeManagementView.g.cs C:\Users\russel.mercado\source\repos\Yakult-System-for-Merging\Yakult.Inventory.App\obj\BulkCellphoneValidation\WPF\CartridgeManagement\Dialogs\AssignReturnsDialog.g.cs C:\Users\russel.mercado\source\repos\Yakult-System-for-Merging\Yakult.Inventory.App\obj\BulkCellphoneValidation\Wpf\Admin\AccountManagement\Views\EmployeeManagementView.g.cs C:\Users\russel.mercado\source\repos\Yakult-System-for-Merging\Yakult.Inventory.App\obj\BulkCellphoneValidation\Wpf\Admin\AccountManagement\Views\UserAccountManagementView.g.cs C:\Users\russel.mercado\source\repos\Yakult-System-for-Merging\Yakult.Inventory.App\obj\BulkCellphoneValidation\Wpf\Admin\UserPositions\Views\UserPositionsView.g.cs C:\Users\russel.mercado\source\repos\Yakult-System-for-Merging\Yakult.Inventory.App\obj\BulkCellphoneValidation\Wpf\Admin\UserActivity\Views\UserActivityView.g.cs C:\Users\russel.mercado\source\repos\Yakult-System-for-Merging\Yakult.Inventory.App\obj\BulkCellphoneValidation\Wpf\Admin\AccountManagement\Views\ApproverManagementView.g.cs C:\Users\russel.mercado\source\repos\Yakult-System-for-Merging\Yakult.Inventory.App\obj\BulkCellphoneValidation\Wpf\Admin\UserActivityInsights\Views\UserActivityInsightsView.g.cs C:\Users\russel.mercado\source\repos\Yakult-System-for-Merging\Yakult.Inventory.App\obj\BulkCellphoneValidation\Wpf\Admin\EmailManagement\Views\EmailAddressesTabView.g.cs C:\Users\russel.mercado\source\repos\Yakult-System-for-Merging\Yakult.Inventory.App\obj\BulkCellphoneValidation\Wpf\Admin\EmailManagement\Views\SmtpProfilesTabView.g.cs C:\Users\russel.mercado\source\repos\Yakult-System-for-Merging\Yakult.Inventory.App\obj\BulkCellphoneValidation\Wpf\Admin\EmailManagement\Views\EmailTemplatesTabView.g.cs C:\Users\russel.mercado\source\repos\Yakult-System-for-Merging\Yakult.Inventory.App\obj\BulkCellphoneValidation\Wpf\Admin\EmailManagement\Views\EmailConfigurationWindow.g.cs C:\Users\russel.mercado\source\repos\Yakult-System-for-Merging\Yakult.Inventory.App\obj\BulkCellphoneValidation\Wpf\Admin\EmailManagement\Views\SmtpSendSettingsView.g.cs C:\Users\russel.mercado\source\repos\Yakult-System-for-Merging\Yakult.Inventory.App\obj\BulkCellphoneValidation\Wpf\Admin\EmailManagement\Views\ApplyProfileToTemplatesDialog.g.cs C:\Users\russel.mercado\source\repos\Yakult-System-for-Merging\Yakult.Inventory.App\obj\BulkCellphoneValidation\Wpf\Admin\EmailManagement\Views\TurnOffTemplatesDialog.g.cs C:\Users\russel.mercado\source\repos\Yakult-System-for-Merging\Yakult.Inventory.App\obj\BulkCellphoneValidation\Wpf\Admin\AccountManagement\Views\DepartmentAccountsView.g.cs C:\Users\russel.mercado\source\repos\Yakult-System-for-Merging\Yakult.Inventory.App\obj\BulkCellphoneValidation\Wpf\Admin\AccountManagement\Dialogs\CreateDeptAccountWindow.g.cs C:\Users\russel.mercado\source\repos\Yakult-System-for-Merging\Yakult.Inventory.App\obj\BulkCellphoneValidation\Wpf\Admin\AccountManagement\Dialogs\ChangeDeptPasswordWindow.g.cs C:\Users\russel.mercado\source\repos\Yakult-System-for-Merging\Yakult.Inventory.App\obj\BulkCellphoneValidation\Wpf\Admin\AccountManagement\Dialogs\VerifyAdminPasswordWindow.g.cs C:\Users\russel.mercado\source\repos\Yakult-System-for-Merging\Yakult.Inventory.App\obj\BulkCellphoneValidation\Wpf\Admin\AccountManagement\Dialogs\ShowDeptPasswordWindow.g.cs C:\Users\russel.mercado\source\repos\Yakult-System-for-Merging\Yakult.Inventory.App\obj\BulkCellphoneValidation\Wpf\Admin\AccountManagement\Dialogs\EditDeptAccountWindow.g.cs C:\Users\russel.mercado\source\repos\Yakult-System-for-Merging\Yakult.Inventory.App\obj\BulkCellphoneValidation\Wpf\Admin\AccountManagement\Dialogs\ColumnFilterWindow.g.cs C:\Users\russel.mercado\source\repos\Yakult-System-for-Merging\Yakult.Inventory.App\obj\BulkCellphoneValidation\Wpf\Admin\AccountManagement\Dialogs\EmployeeImportPreviewWindow.g.cs C:\Users\russel.mercado\source\repos\Yakult-System-for-Merging\Yakult.Inventory.App\obj\BulkCellphoneValidation\Wpf\Admin\AccountManagement\Dialogs\EmployeeImportSummaryWindow.g.cs C:\Users\russel.mercado\source\repos\Yakult-System-for-Merging\Yakult.Inventory.App\obj\BulkCellphoneValidation\Wpf\Admin\AccountManagement\Dialogs\SelectedEmployeesReviewDialog.g.cs C:\Users\russel.mercado\source\repos\Yakult-System-for-Merging\Yakult.Inventory.App\obj\BulkCellphoneValidation\Wpf\Admin\AccountManagement\Dialogs\ExportFilterDialog.g.cs C:\Users\russel.mercado\source\repos\Yakult-System-for-Merging\Yakult.Inventory.App\obj\BulkCellphoneValidation\Wpf\Admin\AccountManagement\Dialogs\ExportPreviewWindow.g.cs C:\Users\russel.mercado\source\repos\Yakult-System-for-Merging\Yakult.Inventory.App\obj\BulkCellphoneValidation\WPF\CartridgeManagement\Views\ClosedCartridgesView.g.cs C:\Users\russel.mercado\source\repos\Yakult-System-for-Merging\Yakult.Inventory.App\obj\BulkCellphoneValidation\Wpf\CartridgeManagement\Views\FulfilledCartridgesView.g.cs C:\Users\russel.mercado\source\repos\Yakult-System-for-Merging\Yakult.Inventory.App\obj\BulkCellphoneValidation\Wpf\CartridgeManagement\Views\ViewCartridgesView.g.cs C:\Users\russel.mercado\source\repos\Yakult-System-for-Merging\Yakult.Inventory.App\obj\BulkCellphoneValidation\Wpf\CartridgeManagement\Views\ViewCartridgeModelsView.g.cs C:\Users\russel.mercado\source\repos\Yakult-System-for-Merging\Yakult.Inventory.App\obj\BulkCellphoneValidation\Wpf\CartridgeManagement\Views\EditCartridgeModelWindow.g.cs C:\Users\russel.mercado\source\repos\Yakult-System-for-Merging\Yakult.Inventory.App\obj\BulkCellphoneValidation\Wpf\CartridgeManagement\Views\AuthorizationMonitorView.g.cs C:\Users\russel.mercado\source\repos\Yakult-System-for-Merging\Yakult.Inventory.App\obj\BulkCellphoneValidation\Wpf\CartridgeManagement\Views\ViewCartridgeSetsView.g.cs C:\Users\russel.mercado\source\repos\Yakult-System-for-Merging\Yakult.Inventory.App\obj\BulkCellphoneValidation\Wpf\CartridgeManagement\Views\CartridgeTrackingView.g.cs C:\Users\russel.mercado\source\repos\Yakult-System-for-Merging\Yakult.Inventory.App\obj\BulkCellphoneValidation\WPF\CartridgeManagement\Views\DamagedEmptyCartridgesView.g.cs C:\Users\russel.mercado\source\repos\Yakult-System-for-Merging\Yakult.Inventory.App\obj\BulkCellphoneValidation\WPF\CartridgeManagement\Views\VendorCartridgeRefillView.g.cs C:\Users\russel.mercado\source\repos\Yakult-System-for-Merging\Yakult.Inventory.App\obj\BulkCellphoneValidation\WPF\CartridgeManagement\Dialogs\CreateBatchDialog.g.cs C:\Users\russel.mercado\source\repos\Yakult-System-for-Merging\Yakult.Inventory.App\obj\BulkCellphoneValidation\WPF\CartridgeManagement\Dialogs\EditBatchWindow.g.cs C:\Users\russel.mercado\source\repos\Yakult-System-for-Merging\Yakult.Inventory.App\obj\BulkCellphoneValidation\Wpf\Receipt\ReceiptSetViewerWindow.g.cs C:\Users\russel.mercado\source\repos\Yakult-System-for-Merging\Yakult.Inventory.App\obj\BulkCellphoneValidation\Wpf\Set\BulkAddFiles\BulkAddFilesWindow.g.cs C:\Users\russel.mercado\source\repos\Yakult-System-for-Merging\Yakult.Inventory.App\obj\BulkCellphoneValidation\Wpf\Receipt\ReceiptSetsView.g.cs C:\Users\russel.mercado\source\repos\Yakult-System-for-Merging\Yakult.Inventory.App\obj\BulkCellphoneValidation\WPF\CartridgeManagement\Dialogs\OutboundBatchAssignmentWpfDialog.g.cs C:\Users\russel.mercado\source\repos\Yakult-System-for-Merging\Yakult.Inventory.App\obj\BulkCellphoneValidation\WPF\CartridgeManagement\Dialogs\TransferBatchDialog.g.cs C:\Users\russel.mercado\source\repos\Yakult-System-for-Merging\Yakult.Inventory.App\obj\BulkCellphoneValidation\WPF\CartridgeManagement\Dialogs\TransferCartridgesWpfDialog.g.cs C:\Users\russel.mercado\source\repos\Yakult-System-for-Merging\Yakult.Inventory.App\obj\BulkCellphoneValidation\Wpf\CartridgeManagement\Views\PartiallyFulfilledView.g.cs C:\Users\russel.mercado\source\repos\Yakult-System-for-Merging\Yakult.Inventory.App\obj\BulkCellphoneValidation\Wpf\CartridgeManagement\Views\UnfulfilledExchangesView.g.cs C:\Users\russel.mercado\source\repos\Yakult-System-for-Merging\Yakult.Inventory.App\obj\BulkCellphoneValidation\Wpf\CartridgeManagement\Views\FulfillExchangeDialog.g.cs C:\Users\russel.mercado\source\repos\Yakult-System-for-Merging\Yakult.Inventory.App\obj\BulkCellphoneValidation\Wpf\RequestManagement\Views\PartiallyFulfilledRequestsView.g.cs C:\Users\russel.mercado\source\repos\Yakult-System-for-Merging\Yakult.Inventory.App\obj\BulkCellphoneValidation\Wpf\RequestManagement\Views\UnfulfilledRequestsView.g.cs C:\Users\russel.mercado\source\repos\Yakult-System-for-Merging\Yakult.Inventory.App\obj\BulkCellphoneValidation\Wpf\RequestManagement\Views\FulfillRequestDialog.g.cs C:\Users\russel.mercado\source\repos\Yakult-System-for-Merging\Yakult.Inventory.App\obj\BulkCellphoneValidation\Wpf\ConsumableManagement\Views\ViewConsumableModelsView.g.cs C:\Users\russel.mercado\source\repos\Yakult-System-for-Merging\Yakult.Inventory.App\obj\BulkCellphoneValidation\Wpf\ConsumableManagement\Views\EditConsumableModelWindow.g.cs C:\Users\russel.mercado\source\repos\Yakult-System-for-Merging\Yakult.Inventory.App\obj\BulkCellphoneValidation\Wpf\CartridgeManagement\Views\CartridgeTransmittalPrintView.g.cs C:\Users\russel.mercado\source\repos\Yakult-System-for-Merging\Yakult.Inventory.App\obj\BulkCellphoneValidation\Wpf\CartridgeManagement\Views\CartridgeTransmittalPrintPage.g.cs C:\Users\russel.mercado\source\repos\Yakult-System-for-Merging\Yakult.Inventory.App\obj\BulkCellphoneValidation\Wpf\CartridgeManagement\Dialogs\PrintTransmittalDialog.g.cs C:\Users\russel.mercado\source\repos\Yakult-System-for-Merging\Yakult.Inventory.App\obj\BulkCellphoneValidation\Wpf\CartridgeManagement\Dialogs\PrepareTransmittalDialog.g.cs C:\Users\russel.mercado\source\repos\Yakult-System-for-Merging\Yakult.Inventory.App\obj\BulkCellphoneValidation\Wpf\CartridgeManagement\Dialogs\FulfilledCartridgeDetailDialog.g.cs C:\Users\russel.mercado\source\repos\Yakult-System-for-Merging\Yakult.Inventory.App\obj\BulkCellphoneValidation\Wpf\CartridgeManagement\Views\NonRefillableEmptyCartridgesView.g.cs C:\Users\russel.mercado\source\repos\Yakult-System-for-Merging\Yakult.Inventory.App\obj\BulkCellphoneValidation\Wpf\CartridgeManagement\Views\OutboundBatchesView.g.cs C:\Users\russel.mercado\source\repos\Yakult-System-for-Merging\Yakult.Inventory.App\obj\BulkCellphoneValidation\Wpf\NotificationCenter\Controls\NotificationCardControl.g.cs C:\Users\russel.mercado\source\repos\Yakult-System-for-Merging\Yakult.Inventory.App\obj\BulkCellphoneValidation\Wpf\NotificationCenter\Views\NotificationCenterView.g.cs C:\Users\russel.mercado\source\repos\Yakult-System-for-Merging\Yakult.Inventory.App\obj\BulkCellphoneValidation\Wpf\Archive\Views\ArchivePageView.g.cs C:\Users\russel.mercado\source\repos\Yakult-System-for-Merging\Yakult.Inventory.App\obj\BulkCellphoneValidation\Wpf\Items\Views\ItemsPageView.g.cs C:\Users\russel.mercado\source\repos\Yakult-System-for-Merging\Yakult.Inventory.App\obj\BulkCellphoneValidation\Wpf\Shared\Views\InputPromptWindow.g.cs C:\Users\russel.mercado\source\repos\Yakult-System-for-Merging\Yakult.Inventory.App\obj\BulkCellphoneValidation\Wpf\Shared\Views\DocumentDateOverflowWindow.g.cs C:\Users\russel.mercado\source\repos\Yakult-System-for-Merging\Yakult.Inventory.App\obj\BulkCellphoneValidation\Wpf\Shared\Controls\PagingControl.g.cs C:\Users\russel.mercado\source\repos\Yakult-System-for-Merging\Yakult.Inventory.App\obj\BulkCellphoneValidation\Wpf\Shared\Controls\SelectedCountBadge.g.cs C:\Users\russel.mercado\source\repos\Yakult-System-for-Merging\Yakult.Inventory.App\obj\BulkCellphoneValidation\Wpf\Shared\Controls\SelectedRowsReviewDialog.g.cs C:\Users\russel.mercado\source\repos\Yakult-System-for-Merging\Yakult.Inventory.App\obj\BulkCellphoneValidation\Wpf\FixedAssets\Views\FixedAssetsPageView.g.cs C:\Users\russel.mercado\source\repos\Yakult-System-for-Merging\Yakult.Inventory.App\obj\BulkCellphoneValidation\Wpf\Warranty\Views\WarrantyPageView.g.cs C:\Users\russel.mercado\source\repos\Yakult-System-for-Merging\Yakult.Inventory.App\obj\BulkCellphoneValidation\Wpf\Update\Views\UpdatesPageView.g.cs C:\Users\russel.mercado\source\repos\Yakult-System-for-Merging\Yakult.Inventory.App\obj\BulkCellphoneValidation\Wpf\Asset\Views\AssetPageView.g.cs C:\Users\russel.mercado\source\repos\Yakult-System-for-Merging\Yakult.Inventory.App\obj\BulkCellphoneValidation\Wpf\Vendor\Views\VendorPageView.g.cs C:\Users\russel.mercado\source\repos\Yakult-System-for-Merging\Yakult.Inventory.App\obj\BulkCellphoneValidation\Wpf\Category\Views\CategoryPageView.g.cs C:\Users\russel.mercado\source\repos\Yakult-System-for-Merging\Yakult.Inventory.App\obj\BulkCellphoneValidation\Wpf\Branch\Views\BranchPageView.g.cs C:\Users\russel.mercado\source\repos\Yakult-System-for-Merging\Yakult.Inventory.App\obj\BulkCellphoneValidation\Wpf\Department\Views\DepartmentPageView.g.cs C:\Users\russel.mercado\source\repos\Yakult-System-for-Merging\Yakult.Inventory.App\obj\BulkCellphoneValidation\Wpf\Company\Views\CompanyPageView.g.cs C:\Users\russel.mercado\source\repos\Yakult-System-for-Merging\Yakult.Inventory.App\obj\BulkCellphoneValidation\Wpf\Employee\Views\EmployeePageView.g.cs C:\Users\russel.mercado\source\repos\Yakult-System-for-Merging\Yakult.Inventory.App\obj\BulkCellphoneValidation\Wpf\Export\Invoice\Views\InvoiceExportView.g.cs C:\Users\russel.mercado\source\repos\Yakult-System-for-Merging\Yakult.Inventory.App\obj\BulkCellphoneValidation\Wpf\Export\Renewal\Views\RenewalExportView.g.cs C:\Users\russel.mercado\source\repos\Yakult-System-for-Merging\Yakult.Inventory.App\obj\BulkCellphoneValidation\Wpf\Export\Sets\Views\SetsExportView.g.cs C:\Users\russel.mercado\source\repos\Yakult-System-for-Merging\Yakult.Inventory.App\obj\BulkCellphoneValidation\Wpf\Export\RenewalsGrouped\Views\RenewalsGroupedExportView.g.cs C:\Users\russel.mercado\source\repos\Yakult-System-for-Merging\Yakult.Inventory.App\obj\BulkCellphoneValidation\Wpf\Invoice\Views\InvoicePageView.g.cs C:\Users\russel.mercado\source\repos\Yakult-System-for-Merging\Yakult.Inventory.App\obj\BulkCellphoneValidation\Wpf\Invoice\Views\InvoiceLicenseReviewView.g.cs C:\Users\russel.mercado\source\repos\Yakult-System-for-Merging\Yakult.Inventory.App\obj\BulkCellphoneValidation\Wpf\Invoice\Views\NonLicensedInvoiceView.g.cs C:\Users\russel.mercado\source\repos\Yakult-System-for-Merging\Yakult.Inventory.App\obj\BulkCellphoneValidation\Wpf\Request\Views\RequestPageView.g.cs C:\Users\russel.mercado\source\repos\Yakult-System-for-Merging\Yakult.Inventory.App\obj\BulkCellphoneValidation\Wpf\Set\Views\SetPageView.g.cs C:\Users\russel.mercado\source\repos\Yakult-System-for-Merging\Yakult.Inventory.App\obj\BulkCellphoneValidation\Wpf\Set\RequisitionForm\Views\RequisitionFormPrintView.g.cs C:\Users\russel.mercado\source\repos\Yakult-System-for-Merging\Yakult.Inventory.App\obj\BulkCellphoneValidation\Wpf\Set\RequisitionForm\Dialogs\PrepareRequisitionDialog.g.cs C:\Users\russel.mercado\source\repos\Yakult-System-for-Merging\Yakult.Inventory.App\obj\BulkCellphoneValidation\Wpf\Set\RequisitionForm\Dialogs\PrintRequisitionDialog.g.cs C:\Users\russel.mercado\source\repos\Yakult-System-for-Merging\Yakult.Inventory.App\obj\BulkCellphoneValidation\Wpf\Renewal\ViewRenewals\Views\RenewalPageView.g.cs C:\Users\russel.mercado\source\repos\Yakult-System-for-Merging\Yakult.Inventory.App\obj\BulkCellphoneValidation\Wpf\Renewal\RenewalGroups\Views\RenewalGroupPageView.g.cs C:\Users\russel.mercado\source\repos\Yakult-System-for-Merging\Yakult.Inventory.App\obj\BulkCellphoneValidation\Wpf\Renewal\RenewalGroups\Views\RenewalHistoryWindow.g.cs C:\Users\russel.mercado\source\repos\Yakult-System-for-Merging\Yakult.Inventory.App\obj\BulkCellphoneValidation\Wpf\Inventory\Views\InventoryPageView.g.cs C:\Users\russel.mercado\source\repos\Yakult-System-for-Merging\Yakult.Inventory.App\obj\BulkCellphoneValidation\Wpf\RepairedItems\Views\RepairedItemsPageView.g.cs C:\Users\russel.mercado\source\repos\Yakult-System-for-Merging\Yakult.Inventory.App\obj\BulkCellphoneValidation\Wpf\ItemMovementAudit\Views\ItemMovementAuditPageView.g.cs C:\Users\russel.mercado\source\repos\Yakult-System-for-Merging\Yakult.Inventory.App\obj\BulkCellphoneValidation\Wpf\Search\Views\SearchView.g.cs C:\Users\russel.mercado\source\repos\Yakult-System-for-Merging\Yakult.Inventory.App\obj\BulkCellphoneValidation\Pages\Item\BatchAddItemDialog.g.cs C:\Users\russel.mercado\source\repos\Yakult-System-for-Merging\Yakult.Inventory.App\obj\BulkCellphoneValidation\Pages\Item\EditItemDialog.g.cs C:\Users\russel.mercado\source\repos\Yakult-System-for-Merging\Yakult.Inventory.App\obj\BulkCellphoneValidation\Pages\Category\EditCategoryDialog.g.cs C:\Users\russel.mercado\source\repos\Yakult-System-for-Merging\Yakult.Inventory.App\obj\BulkCellphoneValidation\Pages\Employee\EmployeeDialog.g.cs C:\Users\russel.mercado\source\repos\Yakult-System-for-Merging\Yakult.Inventory.App\obj\BulkCellphoneValidation\Pages\Branch\EditBranchDialog.g.cs C:\Users\russel.mercado\source\repos\Yakult-System-for-Merging\Yakult.Inventory.App\obj\BulkCellphoneValidation\Pages\Vendor\EditVendorDialog.g.cs C:\Users\russel.mercado\source\repos\Yakult-System-for-Merging\Yakult.Inventory.App\obj\BulkCellphoneValidation\Pages\Company\CompanyDialog.g.cs C:\Users\russel.mercado\source\repos\Yakult-System-for-Merging\Yakult.Inventory.App\obj\BulkCellphoneValidation\Pages\Department\DepartmentDialog.g.cs C:\Users\russel.mercado\source\repos\Yakult-System-for-Merging\Yakult.Inventory.App\obj\BulkCellphoneValidation\Pages\Item\CartridgeCsvImportDialog.g.cs C:\Users\russel.mercado\source\repos\Yakult-System-for-Merging\Yakult.Inventory.App\obj\BulkCellphoneValidation\Pages\Item\InvoiceCsvImportDialog.g.cs C:\Users\russel.mercado\source\repos\Yakult-System-for-Merging\Yakult.Inventory.App\obj\BulkCellphoneValidation\Wpf\RequestPortal\NewRequest\Views\NewRequestView.g.cs C:\Users\russel.mercado\source\repos\Yakult-System-for-Merging\Yakult.Inventory.App\obj\BulkCellphoneValidation\Wpf\Portal\ConsumableManagementPortalShell.g.cs C:\Users\russel.mercado\source\repos\Yakult-System-for-Merging\Yakult.Inventory.App\obj\BulkCellphoneValidation\Wpf\RequestSetSearch\Views\RequestSetSearchView.g.cs C:\Users\russel.mercado\source\repos\Yakult-System-for-Merging\Yakult.Inventory.App\obj\BulkCellphoneValidation\Wpf\RequestPortal\AssistedRequest\Views\AssistedRequestView.g.cs C:\Users\russel.mercado\source\repos\Yakult-System-for-Merging\Yakult.Inventory.App\obj\BulkCellphoneValidation\Wpf\RequestPortal\RequestHistory\Views\RequestHistoryView.g.cs C:\Users\russel.mercado\source\repos\Yakult-System-for-Merging\Yakult.Inventory.App\obj\BulkCellphoneValidation\Wpf\Notifications\NotificationSettingsWindow.g.cs C:\Users\russel.mercado\source\repos\Yakult-System-for-Merging\Yakult.Inventory.App\obj\BulkCellphoneValidation\Wpf\RequestPortal\NotificationBellControl.g.cs C:\Users\russel.mercado\source\repos\Yakult-System-for-Merging\Yakult.Inventory.App\obj\BulkCellphoneValidation\Wpf\RequestPortal\AuthorizationHistory\Views\AuthorizationHistoryView.g.cs C:\Users\russel.mercado\source\repos\Yakult-System-for-Merging\Yakult.Inventory.App\obj\BulkCellphoneValidation\Wpf\RequestPortal\AuthorizeRequest\Views\AuthorizeRequestView.g.cs C:\Users\russel.mercado\source\repos\Yakult-System-for-Merging\Yakult.Inventory.App\obj\BulkCellphoneValidation\Wpf\RequestPortal\WalkThrough\WpfPortalTourWindow.g.cs C:\Users\russel.mercado\source\repos\Yakult-System-for-Merging\Yakult.Inventory.App\obj\BulkCellphoneValidation\Wpf\Renewal\LinkRenewal\Views\LinkRenewalWindow.g.cs C:\Users\russel.mercado\source\repos\Yakult-System-for-Merging\Yakult.Inventory.App\obj\BulkCellphoneValidation\Wpf\Renewal\RenewItems\Views\RenewItemsWindow.g.cs C:\Users\russel.mercado\source\repos\Yakult-System-for-Merging\Yakult.Inventory.App\obj\BulkCellphoneValidation\Wpf\Renewal\RenewalDetail\Views\RenewalDetailWindow.g.cs C:\Users\russel.mercado\source\repos\Yakult-System-for-Merging\Yakult.Inventory.App\obj\BulkCellphoneValidation\Wpf\Renewal\RenewalWorkspace\Views\RenewalWorkspaceWindow.g.cs C:\Users\russel.mercado\source\repos\Yakult-System-for-Merging\Yakult.Inventory.App\obj\BulkCellphoneValidation\Wpf\Renewal\ChainReceipts\Views\ChainReceiptsWindow.g.cs C:\Users\russel.mercado\source\repos\Yakult-System-for-Merging\Yakult.Inventory.App\obj\BulkCellphoneValidation\Wpf\SendNotifications\Views\SendNotificationsView.g.cs C:\Users\russel.mercado\source\repos\Yakult-System-for-Merging\Yakult.Inventory.App\obj\BulkCellphoneValidation\Wpf\Archive\Views\ArchiveDetailsWindow.g.cs C:\Users\russel.mercado\source\repos\Yakult-System-for-Merging\Yakult.Inventory.App\obj\BulkCellphoneValidation\Pages\Set\ViewSetDetailPage.g.cs C:\Users\russel.mercado\source\repos\Yakult-System-for-Merging\Yakult.Inventory.App\obj\BulkCellphoneValidation\Pages\Request\BatchAddRequestDialog.g.cs C:\Users\russel.mercado\source\repos\Yakult-System-for-Merging\Yakult.Inventory.App\obj\BulkCellphoneValidation\Pages\Set\SelectRequestForSetDialog.g.cs C:\Users\russel.mercado\source\repos\Yakult-System-for-Merging\Yakult.Inventory.App\obj\BulkCellphoneValidation\Pages\Software\SelectedItemsReviewDialog.g.cs C:\Users\russel.mercado\source\repos\Yakult-System-for-Merging\Yakult.Inventory.App\obj\BulkCellphoneValidation\Pages\Software\SoftwareItemPickerDialog.g.cs C:\Users\russel.mercado\source\repos\Yakult-System-for-Merging\Yakult.Inventory.App\obj\BulkCellphoneValidation\Pages\Software\SoftwareServiceSetDialog.g.cs C:\Users\russel.mercado\source\repos\Yakult-System-for-Merging\Yakult.Inventory.App\obj\BulkCellphoneValidation\Yakult.Inventory.App_Content.g.cs C:\Users\russel.mercado\source\repos\Yakult-System-for-Merging\Yakult.Inventory.App\obj\BulkCellphoneValidation\GeneratedInternalTypeHelper.g.cs
  Compilation request Yakult.Inventory.App_xslqg0zj_wpftmp, PathToTool=C:\Program Files\Microsoft Visual Studio\18\Community\MSBuild\Current\Bin\Roslyn\csc.exe
  CommandLine = ' /noconfig'
  BuildResponseFile = '/nowarn:1701,1702 /fullpaths /nostdlib+ /platform:x86 /errorreport:prompt /warn:4 /define:DEBUG;TRACE /highentropyva+ /reference:C:\Users\russel.mercado\source\repos\Yakult-System-for-Merging\Yakult.Inventory.App\packages\Azure.Core.1.47.1\lib\net472\Azure.Core.dll /reference:C:\Users\russel.mercado\source\repos\Yakult-System-for-Merging\Yakult.Inventory.App\packages\Azure.Identity.1.14.2\lib\netstandard2.0\Azure.Identity.dll /reference:C:\Users\russel.mercado\source\repos\Yakult-System-for-Merging\Yakult.Inventory.App\packages\ClosedXML.0.97.0\lib\netstandard2.0\ClosedXML.dll /reference:C:\Users\russel.mercado\source\repos\Yakult-System-for-Merging\Yakult.Inventory.App\packages\Dapper.2.1.66\lib\net461\Dapper.dll /reference:C:\Users\russel.mercado\source\repos\Yakult-System-for-Merging\Yakult.Inventory.App\packages\DocumentFormat.OpenXml.2.16.0\lib\net46\DocumentFormat.OpenXml.dll /reference:C:\Users\russel.mercado\source\repos\Yakult-System-for-Merging\Yakult.Inventory.App\packages\ExcelDataReader.DataSet.3.6.0\lib\netstandard2.0\ExcelDataReader.DataSet.dll /reference:C:\Users\russel.mercado\source\repos\Yakult-System-for-Merging\Yakult.Inventory.App\packages\ExcelDataReader.3.6.0\lib\net45\ExcelDataReader.dll /reference:C:\Users\russel.mercado\source\repos\Yakult-System-for-Merging\Yakult.Inventory.App\packages\ExcelNumberFormat.1.1.0\lib\net20\ExcelNumberFormat.dll /reference:C:\Users\russel.mercado\source\repos\Yakult-System-for-Merging\Yakult.Inventory.App\packages\HarfBuzzSharp.8.3.1.1\lib\net462\HarfBuzzSharp.dll /reference:C:\Users\russel.mercado\source\repos\Yakult-System-for-Merging\Yakult.Inventory.App\packages\Irony.NetCore.1.0.11\lib\net461\Irony.dll /reference:C:\Users\russel.mercado\source\repos\Yakult-System-for-Merging\Yakult.Inventory.App\packages\LiveChartsCore.2.0.5\lib\net462\LiveChartsCore.dll /reference:C:\Users\russel.mercado\source\repos\Yakult-System-for-Merging\Yakult.Inventory.App\packages\LiveChartsCore.SkiaSharpView.2.0.5\lib\net462\LiveChartsCore.SkiaSharpView.dll /reference:C:\Users\russel.mercado\source\repos\Yakult-System-for-Merging\Yakult.Inventory.App\packages\LiveChartsCore.SkiaSharpView.WPF.2.0.5\lib\net462\LiveChartsCore.SkiaSharpView.WPF.dll /reference:C:\Users\russel.mercado\source\repos\Yakult-System-for-Merging\Yakult.Inventory.App\packages\Microsoft.Bcl.AsyncInterfaces.9.0.1\lib\net462\Microsoft.Bcl.AsyncInterfaces.dll /reference:C:\Users\russel.mercado\source\repos\Yakult-System-for-Merging\Yakult.Inventory.App\packages\Microsoft.Bcl.Cryptography.8.0.0\lib\net462\Microsoft.Bcl.Cryptography.dll /reference:"C:\Program Files (x86)\Reference Assemblies\Microsoft\Framework\.NETFramework\v4.8\Microsoft.CSharp.dll" /reference:C:\Users\russel.mercado\source\repos\Yakult-System-for-Merging\Yakult.Inventory.App\packages\Microsoft.Data.SqlClient.6.1.2\lib\net462\Microsoft.Data.SqlClient.dll /reference:C:\Users\russel.mercado\source\repos\Yakult-System-for-Merging\Yakult.Inventory.App\packages\Microsoft.Extensions.Caching.Abstractions.8.0.0\lib\net462\Microsoft.Extensions.Caching.Abstractions.dll /reference:C:\Users\russel.mercado\source\repos\Yakult-System-for-Merging\Yakult.Inventory.App\packages\Microsoft.Extensions.Caching.Memory.8.0.1\lib\net462\Microsoft.Extensions.Caching.Memory.dll /reference:C:\Users\russel.mercado\source\repos\Yakult-System-for-Merging\Yakult.Inventory.App\packages\Microsoft.Extensions.DependencyInjection.Abstractions.8.0.2\lib\net462\Microsoft.Extensions.DependencyInjection.Abstractions.dll /reference:C:\Users\russel.mercado\source\repos\Yakult-System-for-Merging\Yakult.Inventory.App\packages\Microsoft.Extensions.DependencyInjection.8.0.1\lib\net462\Microsoft.Extensions.DependencyInjection.dll /reference:C:\Users\russel.mercado\source\repos\Yakult-System-for-Merging\Yakult.Inventory.App\packages\Microsoft.Extensions.Logging.Abstractions.8.0.3\lib\net462\Microsoft.Extensions.Logging.Abstractions.dll /reference:C:\Users\russel.mercado\source\repos\Yakult-System-for-Merging\Yakult.Inventory.App\packages\Microsoft.Extensions.Logging.8.0.1\lib\net462\Microsoft.Extensions.Logging.dll /reference:C:\Users\russel.mercado\source\repos\Yakult-System-for-Merging\Yakult.Inventory.App\packages\Microsoft.Extensions.Options.8.0.2\lib\net462\Microsoft.Extensions.Options.dll /reference:C:\Users\russel.mercado\source\repos\Yakult-System-for-Merging\Yakult.Inventory.App\packages\Microsoft.Extensions.Primitives.8.0.0\lib\net462\Microsoft.Extensions.Primitives.dll /reference:C:\Users\russel.mercado\source\repos\Yakult-System-for-Merging\Yakult.Inventory.App\packages\Microsoft.Identity.Client.4.73.1\lib\net472\Microsoft.Identity.Client.dll /reference:C:\Users\russel.mercado\source\repos\Yakult-System-for-Merging\Yakult.Inventory.App\packages\Microsoft.Identity.Client.Extensions.Msal.4.73.1\lib\netstandard2.0\Microsoft.Identity.Client.Extensions.Msal.dll /reference:C:\Users\russel.mercado\source\repos\Yakult-System-for-Merging\Yakult.Inventory.App\packages\Microsoft.IdentityModel.Abstractions.7.7.1\lib\net472\Microsoft.IdentityModel.Abstractions.dll /reference:C:\Users\russel.mercado\source\repos\Yakult-System-for-Merging\Yakult.Inventory.App\packages\Microsoft.IdentityModel.JsonWebTokens.7.7.1\lib\net472\Microsoft.IdentityModel.JsonWebTokens.dll /reference:C:\Users\russel.mercado\source\repos\Yakult-System-for-Merging\Yakult.Inventory.App\packages\Microsoft.IdentityModel.Logging.7.7.1\lib\net472\Microsoft.IdentityModel.Logging.dll /reference:C:\Users\russel.mercado\source\repos\Yakult-System-for-Merging\Yakult.Inventory.App\packages\Microsoft.IdentityModel.Protocols.7.7.1\lib\net472\Microsoft.IdentityModel.Protocols.dll /reference:C:\Users\russel.mercado\source\repos\Yakult-System-for-Merging\Yakult.Inventory.App\packages\Microsoft.IdentityModel.Protocols.OpenIdConnect.7.7.1\lib\net472\Microsoft.IdentityModel.Protocols.OpenIdConnect.dll /reference:C:\Users\russel.mercado\source\repos\Yakult-System-for-Merging\Yakult.Inventory.App\packages\Microsoft.IdentityModel.Tokens.7.7.1\lib\net472\Microsoft.IdentityModel.Tokens.dll /reference:C:\Users\russel.mercado\source\repos\Yakult-System-for-Merging\Yakult.Inventory.App\packages\Microsoft.ReportingServices.ReportViewerControl.Winforms.150.1652.0\lib\net40\Microsoft.ReportViewer.Common.dll /reference:C:\Users\russel.mercado\source\repos\Yakult-System-for-Merging\Yakult.Inventory.App\packages\Microsoft.ReportingServices.ReportViewerControl.Winforms.150.1652.0\lib\net40\Microsoft.ReportViewer.DataVisualization.dll /reference:C:\Users\russel.mercado\source\repos\Yakult-System-for-Merging\Yakult.Inventory.App\packages\Microsoft.ReportingServices.ReportViewerControl.Winforms.150.1652.0\lib\net40\Microsoft.ReportViewer.Design.dll /reference:C:\Users\russel.mercado\source\repos\Yakult-System-for-Merging\Yakult.Inventory.App\packages\Microsoft.ReportingServices.ReportViewerControl.Winforms.150.1652.0\lib\net40\Microsoft.ReportViewer.ProcessingObjectModel.dll /reference:C:\Users\russel.mercado\source\repos\Yakult-System-for-Merging\Yakult.Inventory.App\packages\Microsoft.ReportingServices.ReportViewerControl.Winforms.150.1652.0\lib\net40\Microsoft.ReportViewer.WinForms.dll /reference:C:\Users\russel.mercado\source\repos\Yakult-System-for-Merging\Yakult.Inventory.App\packages\Microsoft.SqlServer.Types.160.1000.6\lib\net462\Microsoft.SqlServer.Types.dll /reference:"C:\Program Files (x86)\Reference Assemblies\Microsoft\Framework\.NETFramework\v4.8\mscorlib.dll" /reference:C:\Users\russel.mercado\source\repos\Yakult-System-for-Merging\Yakult.Inventory.App\packages\Newtonsoft.Json.13.0.4\lib\net45\Newtonsoft.Json.dll /reference:C:\Users\russel.mercado\source\repos\Yakult-System-for-Merging\Yakult.Inventory.App\packages\PDFsharp.1.50.5147\lib\net20\PdfSharp.Charting.dll /reference:C:\Users\russel.mercado\source\repos\Yakult-System-for-Merging\Yakult.Inventory.App\packages\PDFsharp.1.50.5147\lib\net20\PdfSharp.dll /reference:"C:\Program Files (x86)\Reference Assemblies\Microsoft\Framework\.NETFramework\v4.8\PresentationCore.dll" /reference:"C:\Program Files (x86)\Reference Assemblies\Microsoft\Framework\.NETFramework\v4.8\PresentationFramework.dll" /reference:C:\Users\russel.mercado\source\repos\Yakult-System-for-Merging\Yakult.Inventory.App\packages\QRCoder.1.7.0\lib\net40\QRCoder.dll /reference:"C:\Program Files (x86)\Reference Assemblies\Microsoft\Framework\.NETFramework\v4.8\ReachFramework.dll" /reference:C:\Users\russel.mercado\source\repos\Yakult-System-for-Merging\Yakult.Inventory.App\packages\ReaLTaiizor.3.8.1.4\lib\net48\ReaLTaiizor.dll /reference:C:\Users\russel.mercado\source\repos\Yakult-System-for-Merging\Yakult.Inventory.App\packages\SixLabors.Fonts.1.0.0\lib\netstandard2.0\SixLabors.Fonts.dll /reference:C:\Users\russel.mercado\source\repos\Yakult-System-for-Merging\Yakult.Inventory.App\packages\SkiaSharp.3.119.0\lib\net462\SkiaSharp.dll /reference:C:\Users\russel.mercado\source\repos\Yakult-System-for-Merging\Yakult.Inventory.App\packages\SkiaSharp.HarfBuzz.3.119.0\lib\net462\SkiaSharp.HarfBuzz.dll /reference:C:\Users\russel.mercado\source\repos\Yakult-System-for-Merging\Yakult.Inventory.App\packages\SkiaSharp.Views.Desktop.Common.3.119.0\lib\net462\SkiaSharp.Views.Desktop.Common.dll /reference:C:\Users\russel.mercado\source\repos\Yakult-System-for-Merging\Yakult.Inventory.App\packages\SkiaSharp.Views.WPF.3.119.0\lib\net462\SkiaSharp.Views.WPF.dll /reference:C:\Users\russel.mercado\source\repos\Yakult-System-for-Merging\Yakult.Inventory.App\packages\System.Buffers.4.5.1\lib\net461\System.Buffers.dll /reference:C:\Users\russel.mercado\source\repos\Yakult-System-for-Merging\Yakult.Inventory.App\packages\System.ClientModel.1.5.1\lib\netstandard2.0\System.ClientModel.dll /reference:"C:\Program Files (x86)\Reference Assemblies\Microsoft\Framework\.NETFramework\v4.8\System.ComponentModel.DataAnnotations.dll" /reference:C:\Users\russel.mercado\source\repos\Yakult-System-for-Merging\Yakult.Inventory.App\packages\System.Configuration.ConfigurationManager.9.0.10\lib\net462\System.Configuration.ConfigurationManager.dll /reference:"C:\Program Files (x86)\Reference Assemblies\Microsoft\Framework\.NETFramework\v4.8\System.Configuration.dll" /reference:"C:\Program Files (x86)\Reference Assemblies\Microsoft\Framework\.NETFramework\v4.8\System.Core.dll" /reference:"C:\Program Files (x86)\Reference Assemblies\Microsoft\Framework\.NETFramework\v4.8\Facades\System.Data.Common.dll" /reference:"C:\Program Files (x86)\Reference Assemblies\Microsoft\Framework\.NETFramework\v4.8\System.Data.DataSetExtensions.dll" /reference:"C:\Program Files (x86)\Reference Assemblies\Microsoft\Framework\.NETFramework\v4.8\System.Data.dll" /reference:"C:\Program Files (x86)\Reference Assemblies\Microsoft\Framework\.NETFramework\v4.8\System.Deployment.dll" /reference:C:\Users\russel.mercado\source\repos\Yakult-System-for-Merging\Yakult.Inventory.App\packages\System.Diagnostics.DiagnosticSource.8.0.1\lib\net462\System.Diagnostics.DiagnosticSource.dll /reference:"C:\Program Files (x86)\Reference Assemblies\Microsoft\Framework\.NETFramework\v4.8\System.dll" /reference:"C:\Program Files (x86)\Reference Assemblies\Microsoft\Framework\.NETFramework\v4.8\System.Drawing.dll" /reference:"C:\Program Files (x86)\Reference Assemblies\Microsoft\Framework\.NETFramework\v4.8\System.IdentityModel.dll" /reference:C:\Users\russel.mercado\source\repos\Yakult-System-for-Merging\Yakult.Inventory.App\packages\System.IdentityModel.Tokens.Jwt.7.7.1\lib\net472\System.IdentityModel.Tokens.Jwt.dll /reference:C:\Users\russel.mercado\source\repos\Yakult-System-for-Merging\Yakult.Inventory.App\packages\System.IO.FileSystem.AccessControl.5.0.0\lib\net461\System.IO.FileSystem.AccessControl.dll /reference:C:\Users\russel.mercado\source\repos\Yakult-System-for-Merging\Yakult.Inventory.App\packages\System.IO.Packaging.4.7.0\lib\net46\System.IO.Packaging.dll /reference:C:\Users\russel.mercado\source\repos\Yakult-System-for-Merging\Yakult.Inventory.App\packages\System.Memory.Data.8.0.1\lib\net462\System.Memory.Data.dll /reference:C:\Users\russel.mercado\source\repos\Yakult-System-for-Merging\Yakult.Inventory.App\packages\System.Memory.4.5.5\lib\net461\System.Memory.dll /reference:"C:\Program Files (x86)\Reference Assemblies\Microsoft\Framework\.NETFramework\v4.8\System.Net.Http.dll" /reference:"C:\Program Files (x86)\Reference Assemblies\Microsoft\Framework\.NETFramework\v4.8\System.Numerics.dll" /reference:C:\Users\russel.mercado\source\repos\Yakult-System-for-Merging\Yakult.Inventory.App\packages\System.Numerics.Vectors.4.5.0\lib\net46\System.Numerics.Vectors.dll /reference:"C:\Program Files (x86)\Reference Assemblies\Microsoft\Framework\.NETFramework\v4.8\System.Printing.dll" /reference:C:\Users\russel.mercado\source\repos\Yakult-System-for-Merging\Yakult.Inventory.App\packages\System.Resources.Extensions.8.0.0\lib\net462\System.Resources.Extensions.dll /reference:C:\Users\russel.mercado\source\repos\Yakult-System-for-Merging\Yakult.Inventory.App\packages\System.Runtime.CompilerServices.Unsafe.6.0.0\lib\net461\System.Runtime.CompilerServices.Unsafe.dll /reference:C:\Windows\Microsoft.Net\assembly\GAC_MSIL\System.Runtime.WindowsRuntime\v4.0_4.0.0.0__b77a5c561934e089\System.Runtime.WindowsRuntime.dll /reference:C:\Users\russel.mercado\source\repos\Yakult-System-for-Merging\Yakult.Inventory.App\packages\System.Security.AccessControl.5.0.0\lib\net461\System.Security.AccessControl.dll /reference:C:\Users\russel.mercado\source\repos\Yakult-System-for-Merging\Yakult.Inventory.App\packages\System.Security.Cryptography.Pkcs.8.0.1\lib\net462\System.Security.Cryptography.Pkcs.dll /reference:C:\Users\russel.mercado\source\repos\Yakult-System-for-Merging\Yakult.Inventory.App\packages\System.Security.Cryptography.ProtectedData.4.5.0\lib\net461\System.Security.Cryptography.ProtectedData.dll /reference:"C:\Program Files (x86)\Reference Assemblies\Microsoft\Framework\.NETFramework\v4.8\System.Security.dll" /reference:C:\Users\russel.mercado\source\repos\Yakult-System-for-Merging\Yakult.Inventory.App\packages\System.Security.Principal.Windows.5.0.0\lib\net461\System.Security.Principal.Windows.dll /reference:C:\Users\russel.mercado\source\repos\Yakult-System-for-Merging\Yakult.Inventory.App\packages\System.Text.Encoding.CodePages.4.7.1\lib\net461\System.Text.Encoding.CodePages.dll /reference:C:\Users\russel.mercado\source\repos\Yakult-System-for-Merging\Yakult.Inventory.App\packages\System.Text.Encodings.Web.8.0.0\lib\net462\System.Text.Encodings.Web.dll /reference:C:\Users\russel.mercado\source\repos\Yakult-System-for-Merging\Yakult.Inventory.App\packages\System.Text.Json.8.0.6\lib\net462\System.Text.Json.dll /reference:C:\Users\russel.mercado\source\repos\Yakult-System-for-Merging\Yakult.Inventory.App\packages\System.Threading.Tasks.Extensions.4.5.4\lib\net461\System.Threading.Tasks.Extensions.dll /reference:C:\Users\russel.mercado\source\repos\Yakult-System-for-Merging\Yakult.Inventory.App\packages\System.ValueTuple.4.5.0\lib\net47\System.ValueTuple.dll /reference:"C:\Program Files (x86)\Reference Assemblies\Microsoft\Framework\.NETFramework\v4.8\System.Web.Extensions.dll" /reference:"C:\Program Files (x86)\Reference Assemblies\Microsoft\Framework\.NETFramework\v4.8\System.Windows.Forms.DataVisualization.dll" /reference:"C:\Program Files (x86)\Reference Assemblies\Microsoft\Framework\.NETFramework\v4.8\System.Windows.Forms.dll" /reference:"C:\Program Files (x86)\Reference Assemblies\Microsoft\Framework\.NETFramework\v4.8\System.Xaml.dll" /reference:"C:\Program Files (x86)\Reference Assemblies\Microsoft\Framework\.NETFramework\v4.8\System.Xml.dll" /reference:"C:\Program Files (x86)\Reference Assemblies\Microsoft\Framework\.NETFramework\v4.8\System.Xml.Linq.dll" /reference:C:\Windows\System32\WinMetadata\Windows.Data.winmd /reference:C:\Windows\System32\WinMetadata\Windows.Foundation.winmd /reference:C:\Windows\System32\WinMetadata\Windows.UI.winmd /reference:"C:\Program Files (x86)\Reference Assemblies\Microsoft\Framework\.NETFramework\v4.8\WindowsBase.dll" /reference:"C:\Program Files (x86)\Reference Assemblies\Microsoft\Framework\.NETFramework\v4.8\WindowsFormsIntegration.dll" /reference:C:\Users\russel.mercado\source\repos\Yakult-System-for-Merging\Yakult.Inventory.App\packages\WPF-UI.Abstractions.4.3.0\lib\net472\Wpf.Ui.Abstractions.dll /reference:C:\Users\russel.mercado\source\repos\Yakult-System-for-Merging\Yakult.Inventory.App\packages\WPF-UI.4.3.0\lib\net472\Wpf.Ui.dll /reference:C:\Users\russel.mercado\source\repos\Yakult-System-for-Merging\Yakult.Inventory.App\packages\XLParser.1.5.2\lib\net461\XLParser.dll /reference:"C:\Program Files (x86)\Reference Assemblies\Microsoft\Framework\.NETFramework\v4.8\Facades\Microsoft.Win32.Primitives.dll" /reference:"C:\Program Files (x86)\Reference Assemblies\Microsoft\Framework\.NETFramework\v4.8\Facades\netstandard.dll" /reference:"C:\Program Files (x86)\Reference Assemblies\Microsoft\Framework\.NETFramework\v4.8\Facades\System.AppContext.dll" /reference:"C:\Program Files (x86)\Reference Assemblies\Microsoft\Framework\.NETFramework\v4.8\Facades\System.Collections.Concurrent.dll" /reference:"C:\Program Files (x86)\Reference Assemblies\Microsoft\Framework\.NETFramework\v4.8\Facades\System.Collections.dll" /reference:"C:\Program Files (x86)\Reference Assemblies\Microsoft\Framework\.NETFramework\v4.8\Facades\System.Collections.NonGeneric.dll" /reference:"C:\Program Files (x86)\Reference Assemblies\Microsoft\Framework\.NETFramework\v4.8\Facades\System.Collections.Specialized.dll" /reference:"C:\Program Files (x86)\Reference Assemblies\Microsoft\Framework\.NETFramework\v4.8\Facades\System.ComponentModel.Annotations.dll" /reference:"C:\Program Files (x86)\Reference Assemblies\Microsoft\Framework\.NETFramework\v4.8\Facades\System.ComponentModel.dll" /reference:"C:\Program Files (x86)\Reference Assemblies\Microsoft\Framework\.NETFramework\v4.8\Facades\System.ComponentModel.EventBasedAsync.dll" /reference:"C:\Program Files (x86)\Reference Assemblies\Microsoft\Framework\.NETFramework\v4.8\Facades\System.ComponentModel.Primitives.dll" /reference:"C:\Program Files (x86)\Reference Assemblies\Microsoft\Framework\.NETFramework\v4.8\Facades\System.ComponentModel.TypeConverter.dll" /reference:"C:\Program Files (x86)\Reference Assemblies\Microsoft\Framework\.NETFramework\v4.8\Facades\System.Console.dll" /reference:"C:\Program Files (x86)\Reference Assemblies\Microsoft\Framework\.NETFramework\v4.8\Facades\System.Diagnostics.Contracts.dll" /reference:"C:\Program Files (x86)\Reference Assemblies\Microsoft\Framework\.NETFramework\v4.8\Facades\System.Diagnostics.Debug.dll" /reference:"C:\Program Files (x86)\Reference Assemblies\Microsoft\Framework\.NETFramework\v4.8\Facades\System.Diagnostics.FileVersionInfo.dll" /reference:"C:\Program Files (x86)\Reference Assemblies\Microsoft\Framework\.NETFramework\v4.8\Facades\System.Diagnostics.Process.dll" /reference:"C:\Program Files (x86)\Reference Assemblies\Microsoft\Framework\.NETFramework\v4.8\Facades\System.Diagnostics.StackTrace.dll" /reference:"C:\Program Files (x86)\Reference Assemblies\Microsoft\Framework\.NETFramework\v4.8\Facades\System.Diagnostics.TextWriterTraceListener.dll" /reference:"C:\Program Files (x86)\Reference Assemblies\Microsoft\Framework\.NETFramework\v4.8\Facades\System.Diagnostics.Tools.dll" /reference:"C:\Program Files (x86)\Reference Assemblies\Microsoft\Framework\.NETFramework\v4.8\Facades\System.Diagnostics.TraceSource.dll" /reference:"C:\Program Files (x86)\Reference Assemblies\Microsoft\Framework\.NETFramework\v4.8\Facades\System.Drawing.Primitives.dll" /reference:"C:\Program Files (x86)\Reference Assemblies\Microsoft\Framework\.NETFramework\v4.8\Facades\System.Dynamic.Runtime.dll" /reference:"C:\Program Files (x86)\Reference Assemblies\Microsoft\Framework\.NETFramework\v4.8\Facades\System.Globalization.Calendars.dll" /reference:"C:\Program Files (x86)\Reference Assemblies\Microsoft\Framework\.NETFramework\v4.8\Facades\System.Globalization.dll" /reference:"C:\Program Files (x86)\Reference Assemblies\Microsoft\Framework\.NETFramework\v4.8\Facades\System.Globalization.Extensions.dll" /reference:"C:\Program Files (x86)\Reference Assemblies\Microsoft\Framework\.NETFramework\v4.8\Facades\System.IO.Compression.ZipFile.dll" /reference:"C:\Program Files (x86)\Reference Assemblies\Microsoft\Framework\.NETFramework\v4.8\Facades\System.IO.dll" /reference:"C:\Program Files (x86)\Reference Assemblies\Microsoft\Framework\.NETFramework\v4.8\Facades\System.IO.FileSystem.dll" /reference:"C:\Program Files (x86)\Reference Assemblies\Microsoft\Framework\.NETFramework\v4.8\Facades\System.IO.FileSystem.DriveInfo.dll" /reference:"C:\Program Files (x86)\Reference Assemblies\Microsoft\Framework\.NETFramework\v4.8\Facades\System.IO.FileSystem.Primitives.dll" /reference:"C:\Program Files (x86)\Reference Assemblies\Microsoft\Framework\.NETFramework\v4.8\Facades\System.IO.FileSystem.Watcher.dll" /reference:"C:\Program Files (x86)\Reference Assemblies\Microsoft\Framework\.NETFramework\v4.8\Facades\System.IO.IsolatedStorage.dll" /reference:"C:\Program Files (x86)\Reference Assemblies\Microsoft\Framework\.NETFramework\v4.8\Facades\System.IO.MemoryMappedFiles.dll" /reference:"C:\Program Files (x86)\Reference Assemblies\Microsoft\Framework\.NETFramework\v4.8\Facades\System.IO.Pipes.dll" /reference:"C:\Program Files (x86)\Reference Assemblies\Microsoft\Framework\.NETFramework\v4.8\Facades\System.IO.UnmanagedMemoryStream.dll" /reference:"C:\Program Files (x86)\Reference Assemblies\Microsoft\Framework\.NETFramework\v4.8\Facades\System.Linq.dll" /reference:"C:\Program Files (x86)\Reference Assemblies\Microsoft\Framework\.NETFramework\v4.8\Facades\System.Linq.Expressions.dll" /reference:"C:\Program Files (x86)\Reference Assemblies\Microsoft\Framework\.NETFramework\v4.8\Facades\System.Linq.Parallel.dll" /reference:"C:\Program Files (x86)\Reference Assemblies\Microsoft\Framework\.NETFramework\v4.8\Facades\System.Linq.Queryable.dll" /reference:"C:\Program Files (x86)\Reference Assemblies\Microsoft\Framework\.NETFramework\v4.8\Facades\System.Net.Http.Rtc.dll" /reference:"C:\Program Files (x86)\Reference Assemblies\Microsoft\Framework\.NETFramework\v4.8\Facades\System.Net.NameResolution.dll" /reference:"C:\Program Files (x86)\Reference Assemblies\Microsoft\Framework\.NETFramework\v4.8\Facades\System.Net.NetworkInformation.dll" /reference:"C:\Program Files (x86)\Reference Assemblies\Microsoft\Framework\.NETFramework\v4.8\Facades\System.Net.Ping.dll" /reference:"C:\Program Files (x86)\Reference Assemblies\Microsoft\Framework\.NETFramework\v4.8\Facades\System.Net.Primitives.dll" /reference:"C:\Program Files (x86)\Reference Assemblies\Microsoft\Framework\.NETFramework\v4.8\Facades\System.Net.Requests.dll" /reference:"C:\Program Files (x86)\Reference Assemblies\Microsoft\Framework\.NETFramework\v4.8\Facades\System.Net.Security.dll" /reference:"C:\Program Files (x86)\Reference Assemblies\Microsoft\Framework\.NETFramework\v4.8\Facades\System.Net.Sockets.dll" /reference:"C:\Program Files (x86)\Reference Assemblies\Microsoft\Framework\.NETFramework\v4.8\Facades\System.Net.WebHeaderCollection.dll" /reference:"C:\Program Files (x86)\Reference Assemblies\Microsoft\Framework\.NETFramework\v4.8\Facades\System.Net.WebSockets.Client.dll" /reference:"C:\Program Files (x86)\Reference Assemblies\Microsoft\Framework\.NETFramework\v4.8\Facades\System.Net.WebSockets.dll" /reference:"C:\Program Files (x86)\Reference Assemblies\Microsoft\Framework\.NETFramework\v4.8\Facades\System.ObjectModel.dll" /reference:"C:\Program Files (x86)\Reference Assemblies\Microsoft\Framework\.NETFramework\v4.8\Facades\System.Reflection.dll" /reference:"C:\Program Files (x86)\Reference Assemblies\Microsoft\Framework\.NETFramework\v4.8\Facades\System.Reflection.Emit.dll" /reference:"C:\Program Files (x86)\Reference Assemblies\Microsoft\Framework\.NETFramework\v4.8\Facades\System.Reflection.Emit.ILGeneration.dll" /reference:"C:\Program Files (x86)\Reference Assemblies\Microsoft\Framework\.NETFramework\v4.8\Facades\System.Reflection.Emit.Lightweight.dll" /reference:"C:\Program Files (x86)\Reference Assemblies\Microsoft\Framework\.NETFramework\v4.8\Facades\System.Reflection.Extensions.dll" /reference:"C:\Program Files (x86)\Reference Assemblies\Microsoft\Framework\.NETFramework\v4.8\Facades\System.Reflection.Primitives.dll" /reference:"C:\Program Files (x86)\Reference Assemblies\Microsoft\Framework\.NETFramework\v4.8\Facades\System.Resources.Reader.dll" /reference:"C:\Program Files (x86)\Reference Assemblies\Microsoft\Framework\.NETFramework\v4.8\Facades\System.Resources.ResourceManager.dll" /reference:"C:\Program Files (x86)\Reference Assemblies\Microsoft\Framework\.NETFramework\v4.8\Facades\System.Resources.Writer.dll" /reference:"C:\Program Files (x86)\Reference Assemblies\Microsoft\Framework\.NETFramework\v4.8\Facades\System.Runtime.CompilerServices.VisualC.dll" /reference:"C:\Program Files (x86)\Reference Assemblies\Microsoft\Framework\.NETFramework\v4.8\Facades\System.Runtime.dll" /reference:"C:\Program Files (x86)\Reference Assemblies\Microsoft\Framework\.NETFramework\v4.8\Facades\System.Runtime.Extensions.dll" /reference:"C:\Program Files (x86)\Reference Assemblies\Microsoft\Framework\.NETFramework\v4.8\Facades\System.Runtime.Handles.dll" /reference:"C:\Program Files (x86)\Reference Assemblies\Microsoft\Framework\.NETFramework\v4.8\Facades\System.Runtime.InteropServices.dll" /reference:"C:\Program Files (x86)\Reference Assemblies\Microsoft\Framework\.NETFramework\v4.8\Facades\System.Runtime.InteropServices.RuntimeInformation.dll" /reference:"C:\Program Files (x86)\Reference Assemblies\Microsoft\Framework\.NETFramework\v4.8\Facades\System.Runtime.InteropServices.WindowsRuntime.dll" /reference:"C:\Program Files (x86)\Reference Assemblies\Microsoft\Framework\.NETFramework\v4.8\Facades\System.Runtime.Numerics.dll" /reference:"C:\Program Files (x86)\Reference Assemblies\Microsoft\Framework\.NETFramework\v4.8\Facades\System.Runtime.Serialization.Formatters.dll" /reference:"C:\Program Files (x86)\Reference Assemblies\Microsoft\Framework\.NETFramework\v4.8\Facades\System.Runtime.Serialization.Json.dll" /reference:"C:\Program Files (x86)\Reference Assemblies\Microsoft\Framework\.NETFramework\v4.8\Facades\System.Runtime.Serialization.Primitives.dll" /reference:"C:\Program Files (x86)\Reference Assemblies\Microsoft\Framework\.NETFramework\v4.8\Facades\System.Runtime.Serialization.Xml.dll" /reference:"C:\Program Files (x86)\Reference Assemblies\Microsoft\Framework\.NETFramework\v4.8\Facades\System.Security.Claims.dll" /reference:"C:\Program Files (x86)\Reference Assemblies\Microsoft\Framework\.NETFramework\v4.8\Facades\System.Security.Cryptography.Algorithms.dll" /reference:"C:\Program Files (x86)\Reference Assemblies\Microsoft\Framework\.NETFramework\v4.8\Facades\System.Security.Cryptography.Csp.dll" /reference:"C:\Program Files (x86)\Reference Assemblies\Microsoft\Framework\.NETFramework\v4.8\Facades\System.Security.Cryptography.Encoding.dll" /reference:"C:\Program Files (x86)\Reference Assemblies\Microsoft\Framework\.NETFramework\v4.8\Facades\System.Security.Cryptography.Primitives.dll" /reference:"C:\Program Files (x86)\Reference Assemblies\Microsoft\Framework\.NETFramework\v4.8\Facades\System.Security.Cryptography.X509Certificates.dll" /reference:"C:\Program Files (x86)\Reference Assemblies\Microsoft\Framework\.NETFramework\v4.8\Facades\System.Security.Principal.dll" /reference:"C:\Program Files (x86)\Reference Assemblies\Microsoft\Framework\.NETFramework\v4.8\Facades\System.Security.SecureString.dll" /reference:"C:\Program Files (x86)\Reference Assemblies\Microsoft\Framework\.NETFramework\v4.8\Facades\System.ServiceModel.Duplex.dll" /reference:"C:\Program Files (x86)\Reference Assemblies\Microsoft\Framework\.NETFramework\v4.8\Facades\System.ServiceModel.Http.dll" /reference:"C:\Program Files (x86)\Reference Assemblies\Microsoft\Framework\.NETFramework\v4.8\Facades\System.ServiceModel.NetTcp.dll" /reference:"C:\Program Files (x86)\Reference Assemblies\Microsoft\Framework\.NETFramework\v4.8\Facades\System.ServiceModel.Primitives.dll" /reference:"C:\Program Files (x86)\Reference Assemblies\Microsoft\Framework\.NETFramework\v4.8\Facades\System.ServiceModel.Security.dll" /reference:"C:\Program Files (x86)\Reference Assemblies\Microsoft\Framework\.NETFramework\v4.8\Facades\System.Text.Encoding.dll" /reference:"C:\Program Files (x86)\Reference Assemblies\Microsoft\Framework\.NETFramework\v4.8\Facades\System.Text.Encoding.Extensions.dll" /reference:"C:\Program Files (x86)\Reference Assemblies\Microsoft\Framework\.NETFramework\v4.8\Facades\System.Text.RegularExpressions.dll" /reference:"C:\Program Files (x86)\Reference Assemblies\Microsoft\Framework\.NETFramework\v4.8\Facades\System.Threading.dll" /reference:"C:\Program Files (x86)\Reference Assemblies\Microsoft\Framework\.NETFramework\v4.8\Facades\System.Threading.Overlapped.dll" /reference:"C:\Program Files (x86)\Reference Assemblies\Microsoft\Framework\.NETFramework\v4.8\Facades\System.Threading.Tasks.dll" /reference:"C:\Program Files (x86)\Reference Assemblies\Microsoft\Framework\.NETFramework\v4.8\Facades\System.Threading.Tasks.Parallel.dll" /reference:"C:\Program Files (x86)\Reference Assemblies\Microsoft\Framework\.NETFramework\v4.8\Facades\System.Threading.Thread.dll" /reference:"C:\Program Files (x86)\Reference Assemblies\Microsoft\Framework\.NETFramework\v4.8\Facades\System.Threading.ThreadPool.dll" /reference:"C:\Program Files (x86)\Reference Assemblies\Microsoft\Framework\.NETFramework\v4.8\Facades\System.Threading.Timer.dll" /reference:"C:\Program Files (x86)\Reference Assemblies\Microsoft\Framework\.NETFramework\v4.8\Facades\System.Xml.ReaderWriter.dll" /reference:"C:\Program Files (x86)\Reference Assemblies\Microsoft\Framework\.NETFramework\v4.8\Facades\System.Xml.XDocument.dll" /reference:"C:\Program Files (x86)\Reference Assemblies\Microsoft\Framework\.NETFramework\v4.8\Facades\System.Xml.XmlDocument.dll" /reference:"C:\Program Files (x86)\Reference Assemblies\Microsoft\Framework\.NETFramework\v4.8\Facades\System.Xml.XmlSerializer.dll" /reference:"C:\Program Files (x86)\Reference Assemblies\Microsoft\Framework\.NETFramework\v4.8\Facades\System.Xml.XPath.dll" /reference:"C:\Program Files (x86)\Reference Assemblies\Microsoft\Framework\.NETFramework\v4.8\Facades\System.Xml.XPath.XDocument.dll" /debug+ /debug:full /filealign:512 /optimize- /out:obj\BulkCellphoneValidation\Yakult.Inventory.App.exe /subsystemversion:6.00 /target:winexe /utf8output /win32icon:yakult_icon_desktop.ico /deterministic+ /langversion:latest /analyzerconfig:C:\Users\russel.mercado\source\repos\Yakult-System-for-Merging\Yakult.Inventory.App\Forms\.editorconfig /analyzer:packages\Microsoft.CodeAnalysis.NetAnalyzers.10.0.100\analyzers\dotnet\cs\Microsoft.CodeAnalysis.CSharp.NetAnalyzers.dll /analyzer:packages\Microsoft.CodeAnalysis.NetAnalyzers.10.0.100\analyzers\dotnet\cs\Microsoft.CodeAnalysis.NetAnalyzers.resources.dll /analyzer:packages\Microsoft.CodeAnalysis.NetAnalyzers.10.0.100\analyzers\dotnet\Microsoft.CodeAnalysis.NetAnalyzers.dll Helpers\EmailAddressValidator.cs Components\DynamicSectionControl.cs Controls\BranchEntry.cs Controls\BranchEntry.Designer.cs Controls\DepartmentEntry.cs Controls\DepartmentEntry.Designer.cs Core\AppConfig.cs Core\AppSettingsLoader.cs Core\DatabaseConfig.cs Core\EntryTypes.cs Core\ItemTypes.cs Core\AppTime.cs Core\Logger.cs Data\UserRepository.cs Dialogs\CombinedColumnSelectionDialog.cs Dialogs\ReportColumnSelectionDialog.cs Dialogs\SignatoryPickerDialog.cs Forms\CartridgeManagement\CartridgeManagementWpfHost.cs Forms\CartridgeManagement\SendNotificationsWpfHost.cs Forms\CartridgeManagement\FulfilledCartridgesWpfHost.cs Forms\Request\PartiallyFulfilledRequestsWpfHost.cs Forms\Request\UnfulfilledRequestsWpfHost.cs Forms\Consumables\ConsumableModelsWpfHost.cs Forms\CartridgeManagement\PartiallyFulfilledWpfHost.cs Forms\CartridgeManagement\UnfulfilledExchangesWpfHost.cs Forms\CartridgeManagement\VendorCartridgeRefillWpfHost.cs Forms\CartridgeManagement\NonRefillableWpfHost.cs Forms\CartridgeManagement\OutboundBatchesWpfHost.cs Forms\CartridgeManagement\DamagedEmptyCartridgesWpfHost.cs Helpers\CallMonitoringSla.cs Helpers\TaskHelper.cs Helpers\DataGridViewSafety.cs Helpers\InvoiceReportPdfGenerator.cs Helpers\InvoiceSheetRdlHelper.cs Helpers\ModernUiHelper.cs Helpers\ReceiptSetPdfGenerator.cs Helpers\ReportLauncher.cs Helpers\RequestPdfGenerator.cs Helpers\UserActivityPdfGenerator.cs Helpers\SetInvoicePdfGenerator.cs Helpers\SetPdfGenerator.cs Helpers\SplitContainerUtil.cs Models\CartridgeApprovalDto.cs Models\ReceiptSetImageDto.cs Models\CartridgeAuthorizationModel.cs Models\ITAuthorizationModels.cs Models\NotificationCreateDto.cs Models\NotificationDto.cs Models\ReportListItem.cs WPF\CartridgeManagement\Infrastructure\ViewModelBase.cs WPF\CartridgeManagement\Infrastructure\RelayCommand.cs WPF\CartridgeManagement\Converters\Converters.cs WPF\CartridgeManagement\Controls\IntegerSpinner.cs WPF\CartridgeManagement\ViewModels\ClosedCartridgesViewModel.cs Wpf\CartridgeManagement\ViewModels\FulfilledCartridgesViewModel.cs Wpf\CartridgeManagement\ViewModels\ViewCartridgesViewModel.cs Wpf\CartridgeManagement\ViewModels\ViewCartridgeModelsViewModel.cs Wpf\CartridgeManagement\ViewModels\AuthorizationMonitorViewModel.cs Wpf\CartridgeManagement\ViewModels\ViewCartridgeSetsViewModel.cs Wpf\CartridgeManagement\ViewModels\CartridgeTrackingViewModel.cs WPF\CartridgeManagement\ViewModels\DamagedEmptyCartridgesViewModel.cs WPF\CartridgeManagement\ViewModels\NonRefillableEmptyCartridgesViewModel.cs WPF\CartridgeManagement\ViewModels\OutboundBatchesViewModel.cs WPF\CartridgeManagement\ViewModels\VendorCartridgeRefillViewModel.cs Wpf\Admin\AccountManagement\ViewModels\EmployeeManagementViewModel.cs Wpf\Admin\AccountManagement\ViewModels\UserAccountManagementViewModel.cs Wpf\Shared\Controls\TokenSearchBox.cs Wpf\Admin\AccountManagement\ViewModels\DepartmentAccountsViewModel.cs Wpf\Admin\AccountManagement\ViewModels\ApproverManagementViewModel.cs Wpf\Admin\UserPositions\ViewModels\UserPositionsViewModel.cs Wpf\Admin\UserActivity\ViewModels\UserActivityViewModel.cs Wpf\Admin\UserActivityInsights\ViewModels\UserActivityInsightsViewModel.cs Wpf\Shared\Win32WindowWrapper.cs Wpf\Admin\EmailManagement\ViewModels\EmailAddressesViewModel.cs Wpf\Admin\EmailManagement\ViewModels\SmtpProfilesViewModel.cs Wpf\Admin\EmailManagement\ViewModels\EmailTemplatesViewModel.cs Wpf\Admin\EmailManagement\ViewModels\EmailConfigurationViewModel.cs Wpf\Admin\EmailManagement\ViewModels\SmtpSendSettingsViewModel.cs Wpf\Admin\EmailManagement\Converters\NullableProfileIdConverter.cs Wpf\Admin\AccountManagement\Views\EmployeeManagementView.xaml.cs Wpf\Admin\AccountManagement\Views\UserAccountManagementView.xaml.cs Wpf\Admin\AccountManagement\Views\ApproverManagementView.xaml.cs Wpf\Admin\UserPositions\Views\UserPositionsView.xaml.cs Wpf\Admin\UserActivity\Views\UserActivityView.xaml.cs Wpf\Admin\UserActivityInsights\Views\UserActivityInsightsView.xaml.cs Wpf\Admin\EmailManagement\Views\EmailAddressesTabView.xaml.cs Wpf\Admin\EmailManagement\Views\SmtpProfilesTabView.xaml.cs Wpf\Admin\EmailManagement\Views\EmailTemplatesTabView.xaml.cs Wpf\Admin\EmailManagement\Views\EmailConfigurationWindow.xaml.cs Wpf\Admin\EmailManagement\Views\SmtpSendSettingsView.xaml.cs Wpf\Admin\EmailManagement\Views\ApplyProfileToTemplatesDialog.xaml.cs Wpf\Admin\EmailManagement\Views\TurnOffTemplatesDialog.xaml.cs Wpf\Admin\AccountManagement\Views\DepartmentAccountsView.xaml.cs Wpf\Admin\AccountManagement\Dialogs\CreateDeptAccountWindow.xaml.cs Wpf\Admin\AccountManagement\Dialogs\ChangeDeptPasswordWindow.xaml.cs Wpf\Admin\AccountManagement\Dialogs\VerifyAdminPasswordWindow.xaml.cs Wpf\Admin\AccountManagement\Dialogs\ShowDeptPasswordWindow.xaml.cs Wpf\Admin\AccountManagement\Dialogs\EditDeptAccountWindow.xaml.cs Wpf\Admin\AccountManagement\Dialogs\ColumnFilterWindow.xaml.cs Wpf\Admin\AccountManagement\Dialogs\EmployeeImportRow.cs Wpf\Admin\AccountManagement\Dialogs\EmployeeImportPreviewWindow.xaml.cs Wpf\Admin\AccountManagement\Dialogs\EmployeeImportSummaryWindow.xaml.cs Wpf\Admin\AccountManagement\Dialogs\SelectedEmployeesReviewDialog.xaml.cs Wpf\Admin\AccountManagement\Dialogs\ExportFilterDialog.xaml.cs Wpf\Admin\AccountManagement\Dialogs\ExportPreviewWindow.xaml.cs WPF\CartridgeManagement\Views\ClosedCartridgesView.xaml.cs Wpf\CartridgeManagement\Views\FulfilledCartridgesView.xaml.cs Wpf\CartridgeManagement\Views\ViewCartridgesView.xaml.cs Wpf\CartridgeManagement\Views\ViewCartridgeModelsView.xaml.cs Wpf\CartridgeManagement\Views\EditCartridgeModelWindow.xaml.cs Wpf\CartridgeManagement\Views\AuthorizationMonitorView.xaml.cs Wpf\CartridgeManagement\Views\ViewCartridgeSetsView.xaml.cs Wpf\CartridgeManagement\Views\CartridgeTrackingView.xaml.cs WPF\CartridgeManagement\Views\DamagedEmptyCartridgesView.xaml.cs WPF\CartridgeManagement\Views\NonRefillableEmptyCartridgesView.xaml.cs WPF\CartridgeManagement\Views\OutboundBatchesView.xaml.cs WPF\CartridgeManagement\Views\VendorCartridgeRefillView.xaml.cs Wpf\CartridgeManagement\Dialogs\CreateBatchDialog.xaml.cs Wpf\CartridgeManagement\Dialogs\EditBatchWindow.xaml.cs Wpf\Receipt\ReceiptSetViewerWindow.xaml.cs Wpf\Set\BulkAddFiles\BulkAddFilesWindow.xaml.cs Wpf\Receipt\ReceiptSetsView.xaml.cs Wpf\Receipt\ReceiptSetViewerLauncher.cs Wpf\Receipt\ReceiptSetsViewModel.cs Wpf\Receipt\ReceiptSetsWpfHost.cs Wpf\CartridgeManagement\Dialogs\TransferBatchDialog.xaml.cs Wpf\CartridgeManagement\Dialogs\TransferCartridgesWpfDialog.xaml.cs Wpf\CartridgeManagement\Dialogs\AssignReturnsDialog.xaml.cs Wpf\CartridgeManagement\Dialogs\OutboundBatchAssignmentWpfDialog.xaml.cs Wpf\SendNotifications\ViewModels\NotificationRowViewModel.cs Wpf\SendNotifications\ViewModels\SendNotificationsViewModel.cs Wpf\SendNotifications\Views\SendNotificationsView.xaml.cs Wpf\NotificationCenter\ViewModels\ExpiryRowViewModel.cs Wpf\NotificationCenter\ViewModels\MobileUpdateRowViewModel.cs Wpf\NotificationCenter\ViewModels\NotificationCenterViewModel.cs Wpf\NotificationCenter\Controls\NotificationCardControl.xaml.cs Wpf\NotificationCenter\Views\NotificationCenterView.xaml.cs Wpf\Archive\ViewModels\ArchiveRecordDto.cs Wpf\Archive\ViewModels\EntityFieldDto.cs Wpf\Archive\ViewModels\SetItemRowDto.cs Wpf\Archive\ViewModels\ArchivePageViewModel.cs Wpf\Archive\ViewModels\ArchiveDetailsViewModel.cs Wpf\Archive\Views\ArchivePageView.xaml.cs Wpf\Archive\Views\ArchiveDetailsWindow.xaml.cs Wpf\Items\ViewModels\ItemsPageViewModel.cs Wpf\Items\ViewModels\ItemsPageViewModel.Queries.cs Wpf\Items\ViewModels\ItemsPageViewModel.Import.cs Wpf\Items\Views\ItemsPageView.xaml.cs Wpf\Shared\Controls\PagingControl.xaml.cs Wpf\Shared\Controls\SelectedCountBadge.xaml.cs Wpf\Shared\Controls\SelectedRowsReviewDialog.xaml.cs Wpf\Shared\Helpers\CategoryFilterOption.cs Wpf\Shared\Helpers\DocumentDateFilterRow.cs Wpf\Shared\Helpers\ListSortHelper.cs Wpf\Shared\Helpers\ScrollBubbleBehavior.cs Wpf\Shared\Helpers\SearchTextHelper.cs Wpf\Shared\Helpers\SelectionTracker.cs Wpf\Shared\Views\InputPromptWindow.xaml.cs Wpf\Shared\Views\DocumentDateOverflowWindow.xaml.cs Wpf\FixedAssets\ViewModels\FixedAssetsPageViewModel.cs Wpf\FixedAssets\Views\FixedAssetsPageView.xaml.cs Wpf\Warranty\ViewModels\WarrantyItemDto.cs Wpf\Warranty\ViewModels\WarrantyPageViewModel.cs Wpf\Warranty\Views\WarrantyPageView.xaml.cs Wpf\Update\ViewModels\UpdatesPageViewModel.cs Wpf\Update\Views\UpdatesPageView.xaml.cs Wpf\Asset\ViewModels\AssetPageViewModel.cs Wpf\Asset\Views\AssetPageView.xaml.cs Wpf\Vendor\ViewModels\VendorPageViewModel.cs Wpf\Vendor\Views\VendorPageView.xaml.cs Wpf\Category\ViewModels\CategoryPageViewModel.cs Wpf\Category\Views\CategoryPageView.xaml.cs Wpf\Branch\ViewModels\BranchPageViewModel.cs Wpf\Branch\Views\BranchPageView.xaml.cs Wpf\Department\ViewModels\DepartmentPageViewModel.cs Wpf\Department\Views\DepartmentPageView.xaml.cs Wpf\Company\ViewModels\CompanyPageViewModel.cs Wpf\Company\Views\CompanyPageView.xaml.cs Wpf\Employee\ViewModels\EmployeePageViewModel.cs Wpf\Employee\Views\EmployeePageView.xaml.cs Wpf\Export\Invoice\ViewModels\InvoiceExportViewModel.cs Wpf\Export\Invoice\Views\InvoiceExportView.xaml.cs Wpf\Export\Renewal\ViewModels\RenewalExportViewModel.cs Wpf\Export\Renewal\Views\RenewalExportView.xaml.cs Wpf\Export\Sets\ViewModels\SetsExportViewModel.cs Wpf\Export\Sets\Views\SetsExportView.xaml.cs Wpf\Export\RenewalsGrouped\ViewModels\RenewalsGroupedExportViewModel.cs Wpf\Export\RenewalsGrouped\Views\RenewalsGroupedExportView.xaml.cs Wpf\Invoice\ViewModels\InvoiceRow.cs Wpf\Invoice\ViewModels\InvoicePageViewModel.cs Wpf\Invoice\ViewModels\InvoicePageViewModel.Filters.cs Wpf\Invoice\ViewModels\InvoicePageViewModel.Actions.cs Wpf\Invoice\Views\InvoicePageView.xaml.cs Wpf\Invoice\ViewModels\InvoiceLicenseReviewRow.cs Wpf\Invoice\ViewModels\InvoiceLicenseReviewViewModel.cs Wpf\Invoice\Views\InvoiceLicenseReviewView.xaml.cs Wpf\Invoice\ViewModels\NonLicensedInvoiceRow.cs Wpf\Invoice\ViewModels\NonLicensedInvoiceViewModel.cs Wpf\Invoice\Views\NonLicensedInvoiceView.xaml.cs Wpf\Request\ViewModels\RequestRow.cs Wpf\Request\ViewModels\RequestPageViewModel.cs Wpf\Request\ViewModels\RequestPageViewModel.Filters.cs Wpf\Request\ViewModels\RequestPageViewModel.Actions.cs Wpf\Request\Views\RequestPageView.xaml.cs Pages\Request\ArchiveRequestDialog.cs Wpf\Set\ViewModels\SetRow.cs Wpf\Set\ViewModels\SetPageViewModel.cs Wpf\Set\ViewModels\SetPageViewModel.Filters.cs Wpf\Set\ViewModels\SetPageViewModel.Actions.cs Wpf\Set\Views\SetPageView.xaml.cs Wpf\Set\RequisitionForm\Converters\RequisitionFormScaleConverters.cs Wpf\Set\RequisitionForm\ViewModels\RequisitionFormViewModel.cs Wpf\Set\RequisitionForm\ViewModels\PrepareRequisitionViewModel.cs Wpf\Set\RequisitionForm\Services\RequisitionFormPrintService.cs Wpf\Set\RequisitionForm\Views\RequisitionFormPrintView.xaml.cs Wpf\Set\RequisitionForm\Dialogs\PrepareRequisitionDialog.xaml.cs Wpf\Set\RequisitionForm\Dialogs\PrintRequisitionDialog.xaml.cs Pages\Set\ArchiveSetDialog.cs Wpf\Renewal\ViewRenewals\ViewModels\RenewalRow.cs Wpf\Renewal\ViewRenewals\ViewModels\RenewalPageViewModel.cs Wpf\Renewal\ViewRenewals\ViewModels\RenewalPageViewModel.Filters.cs Wpf\Renewal\ViewRenewals\ViewModels\RenewalPageViewModel.Actions.cs Wpf\Renewal\ViewRenewals\Views\RenewalPageView.xaml.cs Wpf\Renewal\RenewalGroups\ViewModels\RenewalGroupRow.cs Wpf\Renewal\RenewalGroups\ViewModels\RenewalHistoryEntryVm.cs Wpf\Renewal\RenewalGroups\ViewModels\RenewalGroupPageViewModel.cs Wpf\Renewal\RenewalGroups\ViewModels\RenewalGroupPageViewModel.Filters.cs Wpf\Renewal\RenewalGroups\ViewModels\RenewalGroupPageViewModel.Actions.cs Wpf\Renewal\RenewalGroups\Views\RenewalGroupPageView.xaml.cs Wpf\Renewal\RenewalGroups\Views\RenewalHistoryWindow.xaml.cs Wpf\ItemMovementAudit\ViewModels\ItemMovementAuditPageViewModel.cs Wpf\ItemMovementAudit\ViewModels\ItemMovementAuditPageViewModel.Data.cs Wpf\ItemMovementAudit\ViewModels\ItemMovementAuditPageViewModel.Sorting.cs Wpf\ItemMovementAudit\ViewModels\ItemMovementAuditPageViewModel.State.cs Wpf\ItemMovementAudit\Views\ItemMovementAuditPageView.xaml.cs Wpf\RepairedItems\ViewModels\RepairedItemsPageViewModel.cs Wpf\RepairedItems\ViewModels\RepairedItemsPageViewModel.Filters.cs Wpf\RepairedItems\ViewModels\RepairedItemsPageViewModel.State.cs Wpf\RepairedItems\ViewModels\RepairedItemsPageViewModel.Actions.cs Wpf\RepairedItems\Views\RepairedItemsPageView.xaml.cs Pages\Inventory\InventoryDtos.cs Wpf\Inventory\ViewModels\SimpleTabState.cs Wpf\Inventory\ViewModels\InventoryPageViewModel.cs Wpf\Inventory\ViewModels\InventoryPageViewModel.Tabs1to4.cs Wpf\Inventory\ViewModels\InventoryPageViewModel.InventoryTab.cs Wpf\Inventory\Views\InventoryPageView.xaml.cs WPF\CartridgeManagement\ViewModels\MultiModelRowViewModel.cs WPF\CartridgeManagement\ViewModels\SessionGroupViewModel.cs WPF\CartridgeManagement\ViewModels\ExchangePanelViewModel.cs WPF\CartridgeManagement\ViewModels\CartridgeManagementViewModel.cs Wpf\CartridgeManagement\ViewModels\CartridgeTransmittalViewModel.cs Wpf\CartridgeManagement\ViewModels\EmployeeSelectItem.cs Wpf\CartridgeManagement\ViewModels\PrepareTransmittalViewModel.cs Wpf\CartridgeManagement\Services\TransmittalPrintService.cs Wpf\CartridgeManagement\Services\PrintDiagnosticsService.cs Wpf\CartridgeManagement\Services\CalibrationPrintService.cs Wpf\CartridgeManagement\Views\CartridgeTransmittalPrintView.xaml.cs Wpf\CartridgeManagement\Views\CartridgeTransmittalPrintPage.xaml.cs Wpf\CartridgeManagement\Dialogs\PrintTransmittalDialog.xaml.cs Wpf\CartridgeManagement\Dialogs\PrepareTransmittalDialog.xaml.cs Wpf\CartridgeManagement\Dialogs\FulfilledCartridgeDetailDialog.xaml.cs Wpf\CartridgeManagement\ViewModels\PfExchangeRowViewModel.cs Wpf\CartridgeManagement\ViewModels\PfSessionGroupViewModel.cs Wpf\CartridgeManagement\ViewModels\FulfillRowStateViewModel.cs Wpf\CartridgeManagement\ViewModels\PartiallyFulfilledViewModel.cs Wpf\CartridgeManagement\ViewModels\UnfulfilledExchangesViewModel.cs Wpf\CartridgeManagement\Views\PartiallyFulfilledView.xaml.cs Wpf\CartridgeManagement\Views\UnfulfilledExchangesView.xaml.cs Wpf\CartridgeManagement\Views\FulfillExchangeDialog.xaml.cs Wpf\RequestManagement\ViewModels\RequestFulfillmentRowViewModel.cs Wpf\RequestManagement\ViewModels\RequestSessionGroupViewModel.cs Wpf\RequestManagement\ViewModels\FulfillRequestRowStateViewModel.cs Wpf\RequestManagement\ViewModels\PartiallyFulfilledRequestsViewModel.cs Wpf\RequestManagement\ViewModels\UnfulfilledRequestsViewModel.cs Wpf\RequestManagement\Views\PartiallyFulfilledRequestsView.xaml.cs Wpf\RequestManagement\Views\UnfulfilledRequestsView.xaml.cs Wpf\RequestManagement\Views\FulfillRequestDialog.xaml.cs Wpf\ConsumableManagement\ViewModels\ViewConsumableModelsViewModel.cs Wpf\ConsumableManagement\Views\ViewConsumableModelsView.xaml.cs Wpf\ConsumableManagement\Views\EditConsumableModelWindow.xaml.cs WPF\CartridgeManagement\Views\CartridgeManagementView.xaml.cs Wpf\Search\Converters\SearchConverters.cs Wpf\Search\ViewModels\SearchCardViewModel.cs Wpf\Search\ViewModels\SearchViewModel.cs Wpf\Search\Views\SearchView.xaml.cs Wpf\RequestPortal\NewRequest\ViewModels\RequestItemRowViewModel.cs Wpf\RequestPortal\NewRequest\ViewModels\NewRequestViewModel.cs Wpf\RequestPortal\NewRequest\Views\NewRequestView.xaml.cs Wpf\RequestPortal\AssistedRequest\ViewModels\AssistedRequestViewModel.cs Wpf\RequestPortal\AssistedRequest\Views\AssistedRequestView.xaml.cs Wpf\RequestPortal\RequestHistory\ViewModels\RequestHistoryViewModel.cs Wpf\RequestPortal\RequestHistory\Views\RequestHistoryView.xaml.cs Wpf\RequestPortal\NotificationBellControl.xaml.cs Wpf\Notifications\NotificationSettingsWindow.xaml.cs Wpf\RequestPortal\AuthorizationHistory\ViewModels\AuthorizationHistoryViewModel.cs Wpf\RequestPortal\AuthorizationHistory\Views\AuthorizationHistoryView.xaml.cs Wpf\RequestPortal\AuthorizeRequest\ViewModels\AuthorizeRequestViewModel.cs Wpf\RequestPortal\AuthorizeRequest\Views\AuthorizeRequestView.xaml.cs Wpf\RequestPortal\WalkThrough\WpfPortalTourStep.cs Wpf\RequestPortal\WalkThrough\WpfPortalTourService.cs Wpf\RequestPortal\WalkThrough\WpfPortalTourWindow.xaml.cs Wpf\Renewal\LinkRenewal\ViewModels\CandidateSetViewModel.cs Wpf\Renewal\LinkRenewal\ViewModels\SetItemComparisonRow.cs Wpf\Renewal\LinkRenewal\ViewModels\LinkRenewalViewModel.cs Wpf\Renewal\LinkRenewal\Views\LinkRenewalWindow.xaml.cs Wpf\Renewal\RenewItems\ViewModels\RenewItemRow.cs Wpf\Renewal\RenewItems\ViewModels\RenewItemsViewModel.cs Wpf\Renewal\RenewItems\Views\RenewItemsWindow.xaml.cs Wpf\Renewal\RenewalDetail\ViewModels\RenewalChainNodeViewModel.cs Wpf\Renewal\RenewalDetail\ViewModels\InvoiceItemRowViewModel.cs Wpf\Renewal\RenewalDetail\ViewModels\RenewalHistoryRowViewModel.cs Wpf\Renewal\RenewalDetail\ViewModels\RenewalDetailViewModel.cs Wpf\Renewal\RenewalDetail\Views\RenewalDetailWindow.xaml.cs Wpf\Renewal\RenewalWorkspace\ViewModels\RenewalWorkspaceViewModel.cs Wpf\Renewal\RenewalWorkspace\Views\RenewalWorkspaceWindow.xaml.cs Wpf\Renewal\ChainReceipts\ViewModels\ChainReceiptsViewModel.cs Wpf\Renewal\ChainReceipts\Views\ChainReceiptsWindow.xaml.cs Pages\Dtos.cs Pages\Admin\Account-Management\AccountPermissionsPage.cs Pages\Set\SetDispatchNotificationPage.cs Pages\SupervisorApprovalPage.cs Repositories\CartridgeApprovalRepository.cs Repositories\CartridgeAuthorizationRepository.cs Repositories\NotificationRepository.cs Repositories\UserNotificationSettingRepository.cs Repositories\ReportsRepository.cs Services\CartridgeApprovalService.cs Services\AuthorizationService.cs Yakult_Inventory_System_DEVDataSet.Designer.cs Forms\Admin\AdminPortalForm.cs Forms\Admin\UserActivityInsightsForm.cs Forms\Admin\UserActivityInsightsWpfHost.cs Forms\CartridgeManagement\CartridgeManagementForm.cs Forms\CartridgeManagement\CartridgeManagementPortalForm.cs Forms\ConsumableManagement\RequestSetManagementPortalForm.cs Forms\Admin\AccountManagement\EmployeeManagementWpfHost.cs Forms\Admin\AccountManagement\UserAccountManagementWpfHost.cs Forms\Admin\AccountManagement\UserPositionsWpfHost.cs Forms\Admin\UserActivityWpfHost.cs Forms\Admin\AccountManagement\ApproverManagementWpfHost.cs Forms\Admin\AccountManagement\DepartmentAccountsWpfHost.cs Forms\CartridgeManagement\ClosedCartridgesWpfHost.cs Forms\CartridgeManagement\ViewCartridgesWpfHost.cs Forms\CartridgeManagement\ViewCartridgeModelsWpfHost.cs Forms\CartridgeManagement\AuthorizationMonitorWpfHost.cs Forms\CartridgeManagement\ViewCartridgeSetsWpfHost.cs Forms\CartridgeManagement\CartridgeTrackingWpfHost.cs Forms\Dashboard\DashboardDrillDownDialog.cs Forms\Dashboard\DashboardHome.cs Forms\CallMonitoringDashboard.cs Forms\BorrowItemsDashboard.cs Forms\BorrowItems\ReturnBorrowDialog.cs Forms\BorrowItems\BorrowUiTheme.cs Forms\BorrowItems\ConfirmBorrowDialog.cs Forms\BorrowItems\BorrowDetailsDialog.cs Forms\BorrowItems\ConfirmReturnDialog.cs Forms\CallMonitoring\EmailNotificationForm.cs Forms\CallMonitoring\DepartmentSmtpProfileDialog.cs Forms\CallMonitoring\SmtpProfileLinkDialog.cs Forms\CallMonitoring\DepartmentSmtpProfileLinkDialog.cs Forms\CallMonitoring\BranchSmtpProfileLinkDialog.cs Forms\CallMonitoring\SmtpProfileDialogUi.cs Forms\CallMonitoring\CallMonitoringReportsForm.cs Forms\CallMonitoring\CallMonitoringProfilesForm.cs Forms\CallMonitoring\EmployeeProfileDetailsDialog.cs Forms\CallMonitoring\EmployeeReplacementItemsDialog.cs Forms\CallMonitoring\AutoEscalationAssigneeDialog.cs Forms\CallMonitoring\EscalationOverrideForm.cs Forms\CallMonitoring\MarkAsResolutionDialog.cs Forms\CallMonitoring\TicketDetailsDialog.cs Forms\CallMonitoring\TicketSummaryDialog.cs Forms\CallMonitoring\DashboardDrillDownForm.cs Forms\CallMonitoring\EmailLogDetailsDialog.cs Forms\CallMonitoring\EmailTemplatePreviewDialog.cs Forms\CallMonitoring\ConfirmTicketCreationDialog.cs Forms\CallMonitoring\TicketPickerDialog.cs Forms\CallMonitoring\CallMonitoringDisplayModeControl.cs Forms\CallMonitoring\Hybrid\WpfCallMonitoringHostControl.cs Forms\CallMonitoring\Hybrid\WpfTicketManagementHostControl.cs Forms\CallMonitoring\Hybrid\WpfDisplayModeHostControl.cs Forms\CallMonitoring\Hybrid\WpfCallMonitoringProfilesHostControl.cs Forms\CallMonitoring\Hybrid\WpfIncomingTicketsHostControl.cs Forms\CallMonitoring\Hybrid\WpfReportsHostControl.cs Forms\CallMonitoring\Hybrid\WpfEmailNotificationHostControl.cs Forms\CallMonitoring\TicketManagementControl.Presentation.cs Forms\CallMonitoring\TicketManagementControl.StatusWorkflow.cs Forms\CallMonitoring\TicketManagementControl.cs Forms\CallMonitoring\CallMonitoringIcons.cs Forms\CallMonitoring\ToastNotification.cs Forms\CallMonitoring\NotificationDrawerControl.cs Forms\CallMonitoring\TicketWorkflow.cs Models\CallMonitoring\CallAssignmentEligibilityItem.cs Wpf\CallMonitoring\ICallMonitoringNavigator.cs Wpf\CallMonitoring\WpfCallMonitoringShell.cs Wpf\CallMonitoring\WpfNotificationDrawer.cs Wpf\Portal\WpfMainDashboardShell.cs Wpf\Portal\ConsumableManagementPortalShell.xaml.cs Wpf\RequestSetSearch\ViewModels\RequestSetSearchViewModel.cs Wpf\RequestSetSearch\Converters\RequestSetTypeToBrushConverter.cs Wpf\RequestSetSearch\Views\RequestSetSearchView.xaml.cs Wpf\CallMonitoring\WpfCallMonitoringWorkspace.cs Wpf\CallMonitoring\WpfTicketDetailsDialog.cs Wpf\CallMonitoring\WpfItcmDialogs.cs Wpf\CallMonitoring\WpfMarkAsResolutionDialog.cs Wpf\CallMonitoring\WpfTicketStatusActionDialog.cs Wpf\CallMonitoring\WpfEmployeeProfileDetailsDialog.cs Wpf\CallMonitoring\WpfSmtpTestDialog.cs Wpf\CallMonitoring\WpfTicketManagementWorkspace.cs Wpf\CallMonitoring\WpfDisplayModeWorkspace.cs Wpf\CallMonitoring\WpfCallMonitoringProfilesWorkspace.cs Wpf\CallMonitoring\WpfAssigneeEligibilityDialog.cs Wpf\CallMonitoring\WpfCallMonitoringReportsWorkspace.cs Wpf\CallMonitoring\WpfIncomingTicketsWorkspace.cs Wpf\CallMonitoring\WpfIncomingTicketAssigneePickerDialog.cs Wpf\CallMonitoring\WpfEmailNotificationWorkspace.cs Wpf\BorrowItems\WpfBorrowWorkspace.cs Wpf\BorrowItems\WpfBorrowBoardWorkspace.cs Wpf\BorrowItems\WpfBorrowBoardHostControl.cs Wpf\BorrowItems\WpfBorrowHostControl.cs Wpf\BorrowItems\WpfBorrowTransactionWorkspace.cs Wpf\BorrowItems\WpfBorrowDetailsDialog.cs Wpf\BorrowItems\WpfBorrowableItemsPickerDialog.cs Wpf\BorrowItems\WpfAddExternalAndBorrowDialog.cs Wpf\BorrowItems\WpfBorrowTransactionHostControl.cs Forms\Portal\MainDashboardForm.cs Forms\Notifications\NotificationCenterHost.cs Forms\Notifications\NotificationSettingsForm.cs Forms\Notifications\NotificationSettingsForm.Designer.cs Forms\SystemSettings\EmailTemplateEditorDialog.cs Forms\SystemSettings\SendTestEmailDialog.cs Forms\SystemSettings\SystemEmailSettingsForm.cs Forms\SystemSettings\SystemSmtpProfileDialog.cs Helpers\AesEncryptionHelper.cs Helpers\InventoryException.cs Helpers\InventoryHelper.cs Helpers\PasswordHelper.cs Helpers\SecretProtector.cs Helpers\RenewalTestingHelper.cs Helpers\RenewalReportPdfGenerator.cs Helpers\ReportHelper.cs Helpers\ItemPdfGenerator.cs Helpers\TabularPdfGenerator.cs Helpers\SetQRGenerator.cs Helpers\LocalImageFileHelper.cs Helpers\ListPageStateHelper.cs Helpers\UiTheme.cs Helpers\UiFactory.cs Helpers\DefaultListPageTemplate.cs Helpers\ColumnFilterPopup.cs Helpers\DateRangeFilterPopup.cs Models\CartridgeModelDto.cs Models\ConsumableModelDto.cs Models\DamagedEmptyCartridgeDto.cs Models\OutboundBatchDto.cs Models\NonRefillableEmptyDto.cs Models\NonRefillableGroupedDto.cs Models\ClosedEmptyCartridgeDto.cs Models\UnassignedReturnDto.cs Models\UserActivityFilter.cs Models\UserActivityLogDto.cs Models\CartridgeMovementDto.cs Models\CartridgeReturnForRefillDto.cs Models\EmailAddressDto.cs Models\EmailTemplateDto.cs Models\EmployeeEmailDto.cs Models\EmptyCartridgesByVendorDto.cs Models\LookupItem.cs Models\AssetDto.cs Models\BorrowItems\BorrowEmployeeLookup.cs Models\BorrowItems\BorrowItemLookup.cs Models\BorrowItems\BorrowLogPage.cs Models\BorrowItems\BorrowLogRow.cs Models\CallMonitoring\CallDashboardMetrics.cs Models\CallMonitoring\CallEmailSettingsItem.cs Models\CallMonitoring\CallEmailTemplateItem.cs Models\CallMonitoring\CallTicketContactEmailResolution.cs Models\CallMonitoring\CallTicketNotificationData.cs Models\CallMonitoring\CallDepartmentSmtpProfileItem.cs Models\CallMonitoring\CallEmailLogItem.cs Models\CallMonitoring\CallEscalationSettingsItem.cs Models\CallMonitoring\CallIssueTypePoint.cs Models\CallMonitoring\CallNotificationRulesItem.cs Models\CallMonitoring\SmtpSenderConfig.cs Models\CallMonitoring\CallSmtpProfileItem.cs Models\CallMonitoring\CallDepartmentSmtpProfileRow.cs Models\CallMonitoring\CallDepartmentNotificationRecipientItem.cs Models\CallMonitoring\CallBranchSmtpProfileRow.cs Models\CallMonitoring\CallBranchNotificationRecipientItem.cs Models\CallMonitoring\CallTicketEscalationOverrideItem.cs Models\CallMonitoring\CallTicketHistoryItem.cs Models\CallMonitoring\CallTicketListItem.cs Models\CallMonitoring\CallTicketNoteItem.cs Models\CallMonitoring\CallTicketVolumePoint.cs Models\CallMonitoring\CallResolutionReportRow.cs Models\CallMonitoring\CallSlaComplianceReportRow.cs Models\CallMonitoring\CallSolvedSummaryReportRow.cs Models\CallMonitoring\CallEmployeeProfileLookup.cs Models\CallMonitoring\CallEmployeeOrgInfo.cs Models\CallMonitoring\CallEmployeeReplacementItemRow.cs Models\CallMonitoring\CallTechProfileSummary.cs Models\CallMonitoring\CallTechHandledTicketRow.cs Models\CallMonitoring\CallTechOpenTicketRow.cs Models\Inventory.cs Models\InventoryAuditLog.cs Models\InventoryCreateDto.cs Models\ItemAuditTrailDto.cs Models\MovementType.cs Models\DisposedSoldItemDto.cs Models\RenewalDto.cs Models\SetItemRenewalDto.cs Models\ItemCatalogDto.cs Models\RenewalDetailDto.cs Models\ConditionDto.cs Models\ServiceSetModels.cs Models\SetImageDto.cs Models\AuditEntry.cs Models\SystemEmailLogDto.cs Models\SystemSmtpProfileDto.cs Models\UnfulfilledCartridgeExchangeDto.cs Models\VendorBatchAuditTrailDto.cs Models\VendorCartridgeBatchDto.cs Models\RefillTransactionDto.cs Models\RefillEligibilityResult.cs Models\ConsumableCategories.cs Models\ViewModels\BranchViewModel.cs Models\ViewModels\CartridgeModelAvailabilityViewModel.cs Models\ViewModels\CartridgeRequestItemViewModel.cs Models\ViewModels\CartridgeRequestViewModel.cs Models\ViewModels\CompanyViewModel.cs Models\ViewModels\DepartmentViewModel.cs Models\ViewModels\EmployeeViewModel.cs Models\ViewModels\PortalRequestStatusViewModel.cs Models\ViewModels\RequestSubmissionSnapshotViewModel.cs Pages\Admin\Email-Management\EmailLogsPage.cs Pages\CartridgeManagement\CartridgesForRefillPage.cs Pages\Branch\AddBranchDialog.cs Pages\Branch\AddBranchDialog.Designer.cs Pages\Cartridge\DamagedEmptyCartridgesPage.cs Pages\Request-Portal\RequestDetailDialog.cs Pages\Invoice\ViewInvoiceDetailPage.cs Pages\Invoice\ViewInvoiceDetailPage.Designer.cs Pages\Request\ViewRequestsPage.cs Pages\Request\ViewRequestsPage.Designer.cs Pages\Request\EditRequestDialog.cs Pages\Request\EditRequestDialog.Designer.cs Pages\SimpleCropForm.cs Pages\SelectSetDialog.cs Pages\DocumentImagesDialog.cs Pages\ImageViewerDialog.cs Forms\Dashboard\DashboardModels.cs Forms\Dashboard\DashboardService.cs Forms\Dashboard\DashboardView.cs Forms\Reports\ReportDetailsForm.cs Forms\Reports\ReportsForm.cs Forms\Reports\ReportsForm.Designer.cs Repositories\ArchiveRepository.cs Repositories\BaseRepositoryHelper.cs Repositories\BranchRepository.cs Repositories\CartridgeManagementRepository.cs Repositories\SystemSettingRepository.cs Repositories\UserActivityRepository.cs Repositories\HolidayRepository.cs Repositories\CartridgeModelRepository.cs Repositories\ConsumableModelRepository.cs Repositories\PermissionItemRepository.cs Repositories\CartridgeRepository.cs Repositories\CartridgeRefillRepository.cs Repositories\CategoryRepository.cs Repositories\CompanyRepository.cs Repositories\DepartmentRepository.cs Repositories\EmailRepository.cs Repositories\EmployeeRepository.cs Repositories\BorrowItemsRepository.cs Repositories\InventoryRepository.cs Repositories\InvoiceRepository.cs Repositories\InvoiceLicenseReviewRepository.cs Repositories\NonLicensedInvoiceRepository.cs Repositories\ItemRepository.cs Repositories\ItemAuditTrailWriter.cs Repositories\RenewalRepository.cs Repositories\RequestRepository.cs Repositories\RoleRepository.cs Repositories\SearchRepository.cs Repositories\ServiceSetRepository.cs Repositories\CallSchemaGate.cs Repositories\ICallMonitoringRepository.cs Repositories\CallMonitoringRepository.cs Repositories\CallMonitoringRepository.EmailNotifications.cs Repositories\CallMonitoringRepository.SmtpProfiles.cs Repositories\CallMonitoringRepository.Tickets.Core.cs Repositories\CallMonitoringRepository.Tickets.Workflow.cs Repositories\CallMonitoringRepository.Lookups.cs Repositories\CallMonitoringRepository.Reports.DashboardAndTech.cs Repositories\CallMonitoringRepository.Reports.Analytics.cs Repositories\CallMonitoringRepository.Reports.SolvedSummary.cs Repositories\SetRepository.cs Repositories\SetItemUpdateRepository.cs Repositories\ItemMovementAuditRepository.cs Repositories\ItemAuditTrailRepository.cs Repositories\AuditRepository.cs Repositories\ReceiptSetRepository.cs Repositories\ItemRepairHistoryRepository.cs Repositories\ItemLifecycleDecisionRepository.cs Repositories\DisposedSoldReportRepository.cs Repositories\ItemConditionRepository.cs Pages\User\LoginPage.cs Pages\User\LoginPage.Designer.cs Pages\User\MainForm.cs Pages\User\MainForm.Designer.cs Pages\User\RegisterPage.cs Pages\User\RegisterPage.Designer.cs Program.cs Properties\AssemblyInfo.cs Repositories\SetRepositoryEmailHelpers.cs Repositories\UnfulfilledCartridgeExchangeRepository.cs Repositories\VendorRepository.cs Repositories\AssetRepository.cs Security\PermissionResolver.cs Services\ActivityLogger.cs Services\UserActivityInsightsService.cs Services\CartridgeExchangeService.cs Services\CartridgeRefillService.cs Services\EmailReceiptService.cs Services\InventoryService.cs Services\ConsumableStockReconciliationService.cs Services\CallEmailNotificationService.cs Services\ISmtpService.cs Services\PortalNotificationService.cs Services\QRDataService.cs Services\DesktopNotificationPoller.cs Services\WindowsToastService.cs Services\RequesterPortalService.cs Services\SmtpService.cs Services\SystemEmailNotificationService.cs Session\AppSession.cs Session\SessionContext.cs Properties\Resources.Designer.cs Properties\Settings.Designer.cs Wpf\CallMonitoring\WpfThemeResources.cs Pages\Branch\BulkAssignBranchDeptDialog.cs Pages\Employee\EmployeeDialog.xaml.cs Pages\Branch\EditBranchDialog.xaml.cs Pages\BranchAssignment\ViewBranchAssignmentPage.cs Pages\BranchAssignment\AddBranchAssignmentDialog.cs Pages\ApprovalPendingPage.cs Pages\Cartridge\AuthorizationMonitorPage.cs Pages\DisposedSoldReportPage.cs Pages\User\MyAccountPage.cs Pages\Admin\Account-Management\EmployeeManagementPage.cs Pages\Admin\Account-Management\EmployeeManagementPage.Designer.cs Pages\Admin\Account-Management\ResetPasswordDialog.cs Pages\Admin\Account-Management\ResetPasswordDialog.Designer.cs Pages\Admin\Account-Management\RoleManagementPage.cs Pages\Admin\Account-Management\UserAccountManagementPage.cs Pages\Admin\Account-Management\UserAccountManagementPage.Designer.cs Pages\Admin\Reference-Data\BranchAcronymPage.cs Pages\Admin\Reference-Data\DepartmentAcronymPage.cs Pages\Admin\Reference-Data\HolidayManagementPage.cs Pages\Admin\Reference-Data\MasterDataUpdatePage.cs Pages\Admin\Account-Management\DepartmentAccountsPage.cs Pages\Admin\Account-Management\DepartmentAccountsPage.Designer.cs Pages\Admin\Security\PortalAccessPage.cs Pages\Admin\Security\UserPortalAccessPage.cs Pages\Admin\Security\PermissionGridPanel.cs Pages\Admin\Security\CategoryAccessPanel.cs Pages\Admin\Security\PageAccessPanel.cs Pages\Admin\Security\RolePageAccessPanel.cs Pages\Admin\QrImageBackfillPage.cs Pages\Admin\ReceiptBackfillPage.cs Pages\Admin\DBConn\DatabaseSetupForm.cs Pages\Admin\Email-Management\BranchEmailBindingPage.cs Pages\Admin\Email-Management\EmployeeEmailBindingPage.cs Forms\Admin\EmailManagement\SmtpSendSettingsWpfHost.cs Pages\Archive\ArchiveDetailsDialog.cs Pages\Archive\ItemArchiveDetailsDialog.cs Pages\Archive\ItemArchiveDetailsDialog.Designer.cs Pages\Archive\ViewArchivePage.cs Pages\Archive\ViewArchivePage.Designer.cs Pages\Branch\AddBranchPage.cs Pages\Branch\AddBranchPage.Designer.cs Pages\Branch\AddBranchPage_New.cs Pages\Branch\AddBranchPage_New.Designer.cs Pages\Branch\ViewBranchPage.cs Pages\Branch\ViewBranchPage.Designer.cs Pages\BulkAddMasterDataPage.cs Pages\BulkAddMasterDataPagecs.cs Pages\Cartridge\CartridgeReturnDialog.cs Pages\Cartridge\CartridgeReturnDialog.Designer.cs Pages\Cartridge\CreateBatchDialog.cs Pages\Cartridge\EditCartridgeModelDialog.cs Pages\Cartridge\PartiallyFulfilledCartridgePage.cs Pages\Cartridge\UnfulfilledCartridgeExchangesPage.cs Pages\Cartridge\VendorCartridgeRefillPage.cs Pages\Cartridge\VendorCartridgeRefillPage.Designer.cs Pages\Cartridge\ViewBrandNewCartridgesPage.cs Pages\Cartridge\ViewBrandNewCartridgesPage.Designer.cs Pages\Cartridge\ViewCartridgeModelsPage.cs Pages\Cartridge\ViewCartridgeRequestsPage.cs Pages\Cartridge\ViewCartridgeRequestsPage.Designer.cs Pages\Cartridge\ViewCartridgeSetPage.cs Pages\Cartridge\ViewCartridgeSetPage.Designer.cs Pages\Cartridge\ViewCartridgesForRefillPage.cs Pages\Cartridge\ViewCartridgesForRefillPage.Designer.cs Pages\Cartridge\ViewCartridgeTrackingPage.cs Pages\Cartridge\ViewCartridgeTrackingPage.Designer.cs Pages\Cartridge\ViewCartridgesPage.cs Pages\Cartridge\EditBatchDialog.cs Pages\Cartridge\TransferCartridgesDialog.cs Pages\Cartridge\ManualBatchAssignmentDialog.cs Pages\Cartridge\NonRefillableCartridgesPage.cs Pages\Cartridge\DisposedSoldReportFilterDialog.cs Pages\Cartridge\OutboundBatchAssignmentDialog.cs Pages\Cartridge\OutboundBatchesPage.cs Pages\Cartridge\ClosedCartridgesPage.cs Pages\Cartridge\CartridgeFulfillmentNotificationPage.cs Pages\Cartridge\ConfirmReceiverDialog.cs Pages\Category\AddCategoryDialog.cs Pages\Category\EditCategoryDialog.xaml.cs Pages\Category\QuickAddCategoryDialog.cs Pages\Category\QuickAddCategoryDialog.Designer.cs Pages\Category\ViewCategoryPage.cs Pages\Category\ViewCategoryPage.Designer.cs Pages\Company\AddCompanyPage.cs Pages\Company\AddCompanyPage.Designer.cs Pages\Company\ArchiveCompanyDialog.cs Pages\Company\CompanyDialog.xaml.cs Pages\Company\ViewCompanyPage.cs Pages\Company\ViewCompanyPage.Designer.cs Pages\Department\AddDepartmentDialog.cs Pages\Department\AddDepartmentDialog.Designer.cs Pages\Department\AddDepartmentPage.cs Pages\Department\AddDepartmentPage.Designer.cs Pages\Department\AddDepartmentPage_New.cs Pages\Department\AddDepartmentPage_New.Designer.cs Pages\Department\DepartmentDialog.xaml.cs Pages\Department\ViewDepartmentPage.cs Pages\Department\ViewDepartmentPage.Designer.cs Pages\Employee\AddEmployeePage.cs Pages\Employee\AddEmployeePage.Designer.cs Pages\Employee\QuickAddEmployeeDialog.cs Pages\Employee\QuickAddEmployeeDialog.Designer.cs Pages\Employee\ViewEmployeePage.cs Pages\Employee\ViewEmployeePage.Designer.cs Pages\Employee\EmployeeExcelImportPreviewForm.cs Pages\Export\ExportCartridgeDisposedSold.cs Pages\Export\ExportCartridgeDisposedSoldPreviewDialog.cs Pages\Export\ExportInvoice.cs Pages\Export\ExportInvoicePreviewDialog.cs Pages\Export\RenewalGroupViewModel.cs Pages\Export\ExportRenewal.cs Pages\Export\ExportRenewalsGrouped.cs Pages\Export\ExportSets.cs Pages\Export\ExportSetsPreviewDialog.cs Pages\Export\ExportRenewalPreviewDialog.cs Pages\Export\ExportRenewalsGroupedPreviewDialog.cs Pages\Export\ReportPickerPage.cs Pages\Export\CombinedReportPreviewDialog.cs Pages\Export\CombinedReportSettingsDialog.cs Pages\Export\CombinedRdlcPreviewWindow.cs Pages\Asset\AddEditAssetDialog.cs Pages\Asset\ViewAssetPage.cs Pages\Fixed-Asset\ViewFixedAssetsPage.cs Pages\Fixed-Asset\ViewFixedAssetsPage.Designer.cs Pages\Inventory\AddInventoryDialog.cs Pages\Inventory\AddInventoryDialog.Designer.cs Pages\Inventory\EditInventoryDialog.cs Pages\Inventory\EditInventoryDialog.Designer.cs Pages\Inventory\ViewInventoryPage.cs Pages\Inventory\ViewInventoryPage.Designer.cs Pages\Invoice\InvoiceImportDialog.cs Pages\Invoice\InvoiceImportDialog.Designer.cs Pages\Invoice\AddInvoiceItemDialog.cs Pages\Invoice\BatchAddInvoiceItemsDialog.cs Pages\Invoice\BulkAddItemsDialog.cs Pages\Invoice\PickOrCreateInvoiceDialog.cs Pages\Invoice\QuickCreateInvoicePage.cs Pages\Invoice\DeleteInvoiceLineDialog.cs Pages\Invoice\DeleteInvoicesDialog.cs Pages\Invoice\InvoiceSheetForm.cs Pages\Invoice\ViewInvoiceReportPage.cs Pages\Invoice\ViewInvoiceLicenseReviewPage.cs Pages\Invoice\ViewNonLicensedInvoicesPage.cs Pages\Item-Audit\ItemMovementAuditDetailsWindow.cs Pages\Item-Audit\ItemMovementAuditInsightsDialog.cs Pages\Item-Audit\ViewItemMovementAuditPage.cs Pages\Item-Audit\ViewItemMovementAuditPage.Designer.cs Pages\Item\AddItemPage.cs Pages\Item\AddItemPage.Designer.cs Pages\Item\BatchAddItemDialog.xaml.cs Pages\Item\BatchAddItemDialog.Designer.cs Pages\Item\CartridgeCsvImportDialog.xaml.cs Pages\Item\InvoiceCsvImportDialog.xaml.cs Pages\Item\CategoryFixDialog.cs Pages\Item\MobileSerialsPreviewDialog.cs Pages\Item\EditItemDialog.xaml.cs Pages\Item\ItemSelectionManager.cs Pages\Item\IncludeExcludedCellphonesDialog.cs Pages\Item\BulkCellphoneNumberUpdateDialog.cs Pages\Item\UpdateCellphoneDetailsDialog.cs Pages\Item\ViewItemsPage.cs Pages\Item\ViewItemsPage.Designer.cs Pages\Item\ViewRepairedItemsPage.cs Pages\Item\RepairedItemRow.cs Pages\Item\MarkActionDialog.cs Pages\Item\SellDisposeDialog.cs Pages\Item\RepairHistoryDialog.cs Pages\MarkAsProcessedDialog.cs Pages\Receipt\AttachReceiptSetDialog.cs Pages\Receipt\CopyLocalReceiptToDbDialog.cs Pages\Receipt\ReceiptSetViewerDialog.cs Pages\Receipt\ViewReceiptsPage.cs Pages\Renewal\AddRenewalDialog.cs Pages\Renewal\RenewalReportFilterDialog.cs Pages\Renewal\RenewalReportOptionsDialog.cs Pages\Renewal\SetItemRenewalDialog.cs Pages\Renewal\ViewRenewalDetailPage.cs Pages\Renewal\ViewRenewalDetailPage.Designer.cs Pages\Renewal\ViewRenewalPage.cs Pages\Renewal\ViewRenewalPage.Designer.cs Pages\Renewal\ViewRenewalGroupPage.cs Pages\Renewal\ViewRenewalGroupPage.Designer.cs Pages\Request-Portal\AuthorizationHistoryPage.cs Pages\Request-Portal\AuthorizationDetailDialog.cs Pages\Request-Portal\NotificationDropdownForm.cs Pages\Request-Portal\RequesterPortalForm.cs Pages\Request\AddRequestPage.cs Pages\Request\AddRequestPage.Designer.cs Pages\Request\BatchAddRequestDialog.Designer.cs Pages\Set\AddRequestsToSetDialog.cs Pages\Set\AddSetPage.cs Pages\Set\AddSetPage.Designer.cs Pages\Set\SetItemUpdateDetailsDialog.cs Pages\Set\ViewSetDetailPage.cs Pages\Set\ViewSetDetailPage.Designer.cs Pages\Set\ViewSetDetailPage.xaml.cs Pages\Set\ViewSetPage.cs Pages\Set\ViewSetPage.Designer.cs Pages\Software\SelectedItemsReviewDialog.cs Pages\Software\SoftwareItemPickerDialog.cs Pages\Software\SoftwareServiceSetDialog.cs Pages\Software\SoftwareServiceSetDialog.Designer.cs Pages\Update\ViewUpdatesPage.cs Pages\User\ChangePasswordDialog.cs Pages\User\ChangePasswordDialog.Designer.cs Pages\Vendor\AddVendorDialog.cs Pages\Vendor\EditVendorDialog.xaml.cs Pages\Vendor\QuickAddVendorDialog.cs Pages\Vendor\QuickAddVendorDialog.Designer.cs Pages\Vendor\ViewVendorsPage.cs Pages\Warranty\ViewWarrantyPage.cs Pages\ReportViewerForm.cs Pages\ReportViewerForm.Designer.cs Forms\CallMonitoring\SmtpTestDialog.cs Wpf\CallMonitoring\WpfCallMonitoringDiagnosticsWorkspace.cs Forms\CallMonitoring\Hybrid\WpfDiagnosticsHostControl.cs Dialogs\AddInventoryDialog.cs Dialogs\AddInventoryDialog.Designer.cs Dialogs\EditInventoryDialog.cs Dialogs\EditInventoryDialog.Designer.cs Forms\CallMonitoring\CallMonitoringDiagnosticsForm.cs Helpers\ApplicationIcon.cs Models\EmptyCartridgeDto.cs Pages\RoleManagementPage_New.cs Pages\Cartridge\ReceiveRefilledCartridgesPage.cs Pages\Cartridge\ReceiveRefilledCartridgesPage.Designer.cs Pages\Invoice\ViewInvoicePage.cs Pages\Invoice\ViewInvoicePage.Designer.cs Pages\Item\AddItemDialog.cs Pages\Item\AddItemDialog.Designer.cs Pages\Request\BatchAddRequestDialog.xaml.cs Pages\Set\SelectRequestForSetDialog.cs C:\Users\russel.mercado\source\repos\Yakult-System-for-Merging\Yakult.Inventory.App\obj\BulkCellphoneValidation\WPF\CartridgeManagement\Views\CartridgeManagementView.g.cs C:\Users\russel.mercado\source\repos\Yakult-System-for-Merging\Yakult.Inventory.App\obj\BulkCellphoneValidation\WPF\CartridgeManagement\Dialogs\AssignReturnsDialog.g.cs C:\Users\russel.mercado\source\repos\Yakult-System-for-Merging\Yakult.Inventory.App\obj\BulkCellphoneValidation\Wpf\Admin\AccountManagement\Views\EmployeeManagementView.g.cs C:\Users\russel.mercado\source\repos\Yakult-System-for-Merging\Yakult.Inventory.App\obj\BulkCellphoneValidation\Wpf\Admin\AccountManagement\Views\UserAccountManagementView.g.cs C:\Users\russel.mercado\source\repos\Yakult-System-for-Merging\Yakult.Inventory.App\obj\BulkCellphoneValidation\Wpf\Admin\UserPositions\Views\UserPositionsView.g.cs C:\Users\russel.mercado\source\repos\Yakult-System-for-Merging\Yakult.Inventory.App\obj\BulkCellphoneValidation\Wpf\Admin\UserActivity\Views\UserActivityView.g.cs C:\Users\russel.mercado\source\repos\Yakult-System-for-Merging\Yakult.Inventory.App\obj\BulkCellphoneValidation\Wpf\Admin\AccountManagement\Views\ApproverManagementView.g.cs C:\Users\russel.mercado\source\repos\Yakult-System-for-Merging\Yakult.Inventory.App\obj\BulkCellphoneValidation\Wpf\Admin\UserActivityInsights\Views\UserActivityInsightsView.g.cs C:\Users\russel.mercado\source\repos\Yakult-System-for-Merging\Yakult.Inventory.App\obj\BulkCellphoneValidation\Wpf\Admin\EmailManagement\Views\EmailAddressesTabView.g.cs C:\Users\russel.mercado\source\repos\Yakult-System-for-Merging\Yakult.Inventory.App\obj\BulkCellphoneValidation\Wpf\Admin\EmailManagement\Views\SmtpProfilesTabView.g.cs C:\Users\russel.mercado\source\repos\Yakult-System-for-Merging\Yakult.Inventory.App\obj\BulkCellphoneValidation\Wpf\Admin\EmailManagement\Views\EmailTemplatesTabView.g.cs C:\Users\russel.mercado\source\repos\Yakult-System-for-Merging\Yakult.Inventory.App\obj\BulkCellphoneValidation\Wpf\Admin\EmailManagement\Views\EmailConfigurationWindow.g.cs C:\Users\russel.mercado\source\repos\Yakult-System-for-Merging\Yakult.Inventory.App\obj\BulkCellphoneValidation\Wpf\Admin\EmailManagement\Views\SmtpSendSettingsView.g.cs C:\Users\russel.mercado\source\repos\Yakult-System-for-Merging\Yakult.Inventory.App\obj\BulkCellphoneValidation\Wpf\Admin\EmailManagement\Views\ApplyProfileToTemplatesDialog.g.cs C:\Users\russel.mercado\source\repos\Yakult-System-for-Merging\Yakult.Inventory.App\obj\BulkCellphoneValidation\Wpf\Admin\EmailManagement\Views\TurnOffTemplatesDialog.g.cs C:\Users\russel.mercado\source\repos\Yakult-System-for-Merging\Yakult.Inventory.App\obj\BulkCellphoneValidation\Wpf\Admin\AccountManagement\Views\DepartmentAccountsView.g.cs C:\Users\russel.mercado\source\repos\Yakult-System-for-Merging\Yakult.Inventory.App\obj\BulkCellphoneValidation\Wpf\Admin\AccountManagement\Dialogs\CreateDeptAccountWindow.g.cs C:\Users\russel.mercado\source\repos\Yakult-System-for-Merging\Yakult.Inventory.App\obj\BulkCellphoneValidation\Wpf\Admin\AccountManagement\Dialogs\ChangeDeptPasswordWindow.g.cs C:\Users\russel.mercado\source\repos\Yakult-System-for-Merging\Yakult.Inventory.App\obj\BulkCellphoneValidation\Wpf\Admin\AccountManagement\Dialogs\VerifyAdminPasswordWindow.g.cs C:\Users\russel.mercado\source\repos\Yakult-System-for-Merging\Yakult.Inventory.App\obj\BulkCellphoneValidation\Wpf\Admin\AccountManagement\Dialogs\ShowDeptPasswordWindow.g.cs C:\Users\russel.mercado\source\repos\Yakult-System-for-Merging\Yakult.Inventory.App\obj\BulkCellphoneValidation\Wpf\Admin\AccountManagement\Dialogs\EditDeptAccountWindow.g.cs C:\Users\russel.mercado\source\repos\Yakult-System-for-Merging\Yakult.Inventory.App\obj\BulkCellphoneValidation\Wpf\Admin\AccountManagement\Dialogs\ColumnFilterWindow.g.cs C:\Users\russel.mercado\source\repos\Yakult-System-for-Merging\Yakult.Inventory.App\obj\BulkCellphoneValidation\Wpf\Admin\AccountManagement\Dialogs\EmployeeImportPreviewWindow.g.cs C:\Users\russel.mercado\source\repos\Yakult-System-for-Merging\Yakult.Inventory.App\obj\BulkCellphoneValidation\Wpf\Admin\AccountManagement\Dialogs\EmployeeImportSummaryWindow.g.cs C:\Users\russel.mercado\source\repos\Yakult-System-for-Merging\Yakult.Inventory.App\obj\BulkCellphoneValidation\Wpf\Admin\AccountManagement\Dialogs\SelectedEmployeesReviewDialog.g.cs C:\Users\russel.mercado\source\repos\Yakult-System-for-Merging\Yakult.Inventory.App\obj\BulkCellphoneValidation\Wpf\Admin\AccountManagement\Dialogs\ExportFilterDialog.g.cs C:\Users\russel.mercado\source\repos\Yakult-System-for-Merging\Yakult.Inventory.App\obj\BulkCellphoneValidation\Wpf\Admin\AccountManagement\Dialogs\ExportPreviewWindow.g.cs C:\Users\russel.mercado\source\repos\Yakult-System-for-Merging\Yakult.Inventory.App\obj\BulkCellphoneValidation\WPF\CartridgeManagement\Views\ClosedCartridgesView.g.cs C:\Users\russel.mercado\source\repos\Yakult-System-for-Merging\Yakult.Inventory.App\obj\BulkCellphoneValidation\Wpf\CartridgeManagement\Views\FulfilledCartridgesView.g.cs C:\Users\russel.mercado\source\repos\Yakult-System-for-Merging\Yakult.Inventory.App\obj\BulkCellphoneValidation\Wpf\CartridgeManagement\Views\ViewCartridgesView.g.cs C:\Users\russel.mercado\source\repos\Yakult-System-for-Merging\Yakult.Inventory.App\obj\BulkCellphoneValidation\Wpf\CartridgeManagement\Views\ViewCartridgeModelsView.g.cs C:\Users\russel.mercado\source\repos\Yakult-System-for-Merging\Yakult.Inventory.App\obj\BulkCellphoneValidation\Wpf\CartridgeManagement\Views\EditCartridgeModelWindow.g.cs C:\Users\russel.mercado\source\repos\Yakult-System-for-Merging\Yakult.Inventory.App\obj\BulkCellphoneValidation\Wpf\CartridgeManagement\Views\AuthorizationMonitorView.g.cs C:\Users\russel.mercado\source\repos\Yakult-System-for-Merging\Yakult.Inventory.App\obj\BulkCellphoneValidation\Wpf\CartridgeManagement\Views\ViewCartridgeSetsView.g.cs C:\Users\russel.mercado\source\repos\Yakult-System-for-Merging\Yakult.Inventory.App\obj\BulkCellphoneValidation\Wpf\CartridgeManagement\Views\CartridgeTrackingView.g.cs C:\Users\russel.mercado\source\repos\Yakult-System-for-Merging\Yakult.Inventory.App\obj\BulkCellphoneValidation\WPF\CartridgeManagement\Views\DamagedEmptyCartridgesView.g.cs C:\Users\russel.mercado\source\repos\Yakult-System-for-Merging\Yakult.Inventory.App\obj\BulkCellphoneValidation\WPF\CartridgeManagement\Views\VendorCartridgeRefillView.g.cs C:\Users\russel.mercado\source\repos\Yakult-System-for-Merging\Yakult.Inventory.App\obj\BulkCellphoneValidation\WPF\CartridgeManagement\Dialogs\CreateBatchDialog.g.cs C:\Users\russel.mercado\source\repos\Yakult-System-for-Merging\Yakult.Inventory.App\obj\BulkCellphoneValidation\WPF\CartridgeManagement\Dialogs\EditBatchWindow.g.cs C:\Users\russel.mercado\source\repos\Yakult-System-for-Merging\Yakult.Inventory.App\obj\BulkCellphoneValidation\Wpf\Receipt\ReceiptSetViewerWindow.g.cs C:\Users\russel.mercado\source\repos\Yakult-System-for-Merging\Yakult.Inventory.App\obj\BulkCellphoneValidation\Wpf\Set\BulkAddFiles\BulkAddFilesWindow.g.cs C:\Users\russel.mercado\source\repos\Yakult-System-for-Merging\Yakult.Inventory.App\obj\BulkCellphoneValidation\Wpf\Receipt\ReceiptSetsView.g.cs C:\Users\russel.mercado\source\repos\Yakult-System-for-Merging\Yakult.Inventory.App\obj\BulkCellphoneValidation\WPF\CartridgeManagement\Dialogs\OutboundBatchAssignmentWpfDialog.g.cs C:\Users\russel.mercado\source\repos\Yakult-System-for-Merging\Yakult.Inventory.App\obj\BulkCellphoneValidation\WPF\CartridgeManagement\Dialogs\TransferBatchDialog.g.cs C:\Users\russel.mercado\source\repos\Yakult-System-for-Merging\Yakult.Inventory.App\obj\BulkCellphoneValidation\WPF\CartridgeManagement\Dialogs\TransferCartridgesWpfDialog.g.cs C:\Users\russel.mercado\source\repos\Yakult-System-for-Merging\Yakult.Inventory.App\obj\BulkCellphoneValidation\Wpf\CartridgeManagement\Views\PartiallyFulfilledView.g.cs C:\Users\russel.mercado\source\repos\Yakult-System-for-Merging\Yakult.Inventory.App\obj\BulkCellphoneValidation\Wpf\CartridgeManagement\Views\UnfulfilledExchangesView.g.cs C:\Users\russel.mercado\source\repos\Yakult-System-for-Merging\Yakult.Inventory.App\obj\BulkCellphoneValidation\Wpf\CartridgeManagement\Views\FulfillExchangeDialog.g.cs C:\Users\russel.mercado\source\repos\Yakult-System-for-Merging\Yakult.Inventory.App\obj\BulkCellphoneValidation\Wpf\RequestManagement\Views\PartiallyFulfilledRequestsView.g.cs C:\Users\russel.mercado\source\repos\Yakult-System-for-Merging\Yakult.Inventory.App\obj\BulkCellphoneValidation\Wpf\RequestManagement\Views\UnfulfilledRequestsView.g.cs C:\Users\russel.mercado\source\repos\Yakult-System-for-Merging\Yakult.Inventory.App\obj\BulkCellphoneValidation\Wpf\RequestManagement\Views\FulfillRequestDialog.g.cs C:\Users\russel.mercado\source\repos\Yakult-System-for-Merging\Yakult.Inventory.App\obj\BulkCellphoneValidation\Wpf\ConsumableManagement\Views\ViewConsumableModelsView.g.cs C:\Users\russel.mercado\source\repos\Yakult-System-for-Merging\Yakult.Inventory.App\obj\BulkCellphoneValidation\Wpf\ConsumableManagement\Views\EditConsumableModelWindow.g.cs C:\Users\russel.mercado\source\repos\Yakult-System-for-Merging\Yakult.Inventory.App\obj\BulkCellphoneValidation\Wpf\CartridgeManagement\Views\CartridgeTransmittalPrintView.g.cs C:\Users\russel.mercado\source\repos\Yakult-System-for-Merging\Yakult.Inventory.App\obj\BulkCellphoneValidation\Wpf\CartridgeManagement\Views\CartridgeTransmittalPrintPage.g.cs C:\Users\russel.mercado\source\repos\Yakult-System-for-Merging\Yakult.Inventory.App\obj\BulkCellphoneValidation\Wpf\CartridgeManagement\Dialogs\PrintTransmittalDialog.g.cs C:\Users\russel.mercado\source\repos\Yakult-System-for-Merging\Yakult.Inventory.App\obj\BulkCellphoneValidation\Wpf\CartridgeManagement\Dialogs\PrepareTransmittalDialog.g.cs C:\Users\russel.mercado\source\repos\Yakult-System-for-Merging\Yakult.Inventory.App\obj\BulkCellphoneValidation\Wpf\CartridgeManagement\Dialogs\FulfilledCartridgeDetailDialog.g.cs C:\Users\russel.mercado\source\repos\Yakult-System-for-Merging\Yakult.Inventory.App\obj\BulkCellphoneValidation\Wpf\CartridgeManagement\Views\NonRefillableEmptyCartridgesView.g.cs C:\Users\russel.mercado\source\repos\Yakult-System-for-Merging\Yakult.Inventory.App\obj\BulkCellphoneValidation\Wpf\CartridgeManagement\Views\OutboundBatchesView.g.cs C:\Users\russel.mercado\source\repos\Yakult-System-for-Merging\Yakult.Inventory.App\obj\BulkCellphoneValidation\Wpf\NotificationCenter\Controls\NotificationCardControl.g.cs C:\Users\russel.mercado\source\repos\Yakult-System-for-Merging\Yakult.Inventory.App\obj\BulkCellphoneValidation\Wpf\NotificationCenter\Views\NotificationCenterView.g.cs C:\Users\russel.mercado\source\repos\Yakult-System-for-Merging\Yakult.Inventory.App\obj\BulkCellphoneValidation\Wpf\Archive\Views\ArchivePageView.g.cs C:\Users\russel.mercado\source\repos\Yakult-System-for-Merging\Yakult.Inventory.App\obj\BulkCellphoneValidation\Wpf\Items\Views\ItemsPageView.g.cs C:\Users\russel.mercado\source\repos\Yakult-System-for-Merging\Yakult.Inventory.App\obj\BulkCellphoneValidation\Wpf\Shared\Views\InputPromptWindow.g.cs C:\Users\russel.mercado\source\repos\Yakult-System-for-Merging\Yakult.Inventory.App\obj\BulkCellphoneValidation\Wpf\Shared\Views\DocumentDateOverflowWindow.g.cs C:\Users\russel.mercado\source\repos\Yakult-System-for-Merging\Yakult.Inventory.App\obj\BulkCellphoneValidation\Wpf\Shared\Controls\PagingControl.g.cs C:\Users\russel.mercado\source\repos\Yakult-System-for-Merging\Yakult.Inventory.App\obj\BulkCellphoneValidation\Wpf\Shared\Controls\SelectedCountBadge.g.cs C:\Users\russel.mercado\source\repos\Yakult-System-for-Merging\Yakult.Inventory.App\obj\BulkCellphoneValidation\Wpf\Shared\Controls\SelectedRowsReviewDialog.g.cs C:\Users\russel.mercado\source\repos\Yakult-System-for-Merging\Yakult.Inventory.App\obj\BulkCellphoneValidation\Wpf\FixedAssets\Views\FixedAssetsPageView.g.cs C:\Users\russel.mercado\source\repos\Yakult-System-for-Merging\Yakult.Inventory.App\obj\BulkCellphoneValidation\Wpf\Warranty\Views\WarrantyPageView.g.cs C:\Users\russel.mercado\source\repos\Yakult-System-for-Merging\Yakult.Inventory.App\obj\BulkCellphoneValidation\Wpf\Update\Views\UpdatesPageView.g.cs C:\Users\russel.mercado\source\repos\Yakult-System-for-Merging\Yakult.Inventory.App\obj\BulkCellphoneValidation\Wpf\Asset\Views\AssetPageView.g.cs C:\Users\russel.mercado\source\repos\Yakult-System-for-Merging\Yakult.Inventory.App\obj\BulkCellphoneValidation\Wpf\Vendor\Views\VendorPageView.g.cs C:\Users\russel.mercado\source\repos\Yakult-System-for-Merging\Yakult.Inventory.App\obj\BulkCellphoneValidation\Wpf\Category\Views\CategoryPageView.g.cs C:\Users\russel.mercado\source\repos\Yakult-System-for-Merging\Yakult.Inventory.App\obj\BulkCellphoneValidation\Wpf\Branch\Views\BranchPageView.g.cs C:\Users\russel.mercado\source\repos\Yakult-System-for-Merging\Yakult.Inventory.App\obj\BulkCellphoneValidation\Wpf\Department\Views\DepartmentPageView.g.cs C:\Users\russel.mercado\source\repos\Yakult-System-for-Merging\Yakult.Inventory.App\obj\BulkCellphoneValidation\Wpf\Company\Views\CompanyPageView.g.cs C:\Users\russel.mercado\source\repos\Yakult-System-for-Merging\Yakult.Inventory.App\obj\BulkCellphoneValidation\Wpf\Employee\Views\EmployeePageView.g.cs C:\Users\russel.mercado\source\repos\Yakult-System-for-Merging\Yakult.Inventory.App\obj\BulkCellphoneValidation\Wpf\Export\Invoice\Views\InvoiceExportView.g.cs C:\Users\russel.mercado\source\repos\Yakult-System-for-Merging\Yakult.Inventory.App\obj\BulkCellphoneValidation\Wpf\Export\Renewal\Views\RenewalExportView.g.cs C:\Users\russel.mercado\source\repos\Yakult-System-for-Merging\Yakult.Inventory.App\obj\BulkCellphoneValidation\Wpf\Export\Sets\Views\SetsExportView.g.cs C:\Users\russel.mercado\source\repos\Yakult-System-for-Merging\Yakult.Inventory.App\obj\BulkCellphoneValidation\Wpf\Export\RenewalsGrouped\Views\RenewalsGroupedExportView.g.cs C:\Users\russel.mercado\source\repos\Yakult-System-for-Merging\Yakult.Inventory.App\obj\BulkCellphoneValidation\Wpf\Invoice\Views\InvoicePageView.g.cs C:\Users\russel.mercado\source\repos\Yakult-System-for-Merging\Yakult.Inventory.App\obj\BulkCellphoneValidation\Wpf\Invoice\Views\InvoiceLicenseReviewView.g.cs C:\Users\russel.mercado\source\repos\Yakult-System-for-Merging\Yakult.Inventory.App\obj\BulkCellphoneValidation\Wpf\Invoice\Views\NonLicensedInvoiceView.g.cs C:\Users\russel.mercado\source\repos\Yakult-System-for-Merging\Yakult.Inventory.App\obj\BulkCellphoneValidation\Wpf\Request\Views\RequestPageView.g.cs C:\Users\russel.mercado\source\repos\Yakult-System-for-Merging\Yakult.Inventory.App\obj\BulkCellphoneValidation\Wpf\Set\Views\SetPageView.g.cs C:\Users\russel.mercado\source\repos\Yakult-System-for-Merging\Yakult.Inventory.App\obj\BulkCellphoneValidation\Wpf\Set\RequisitionForm\Views\RequisitionFormPrintView.g.cs C:\Users\russel.mercado\source\repos\Yakult-System-for-Merging\Yakult.Inventory.App\obj\BulkCellphoneValidation\Wpf\Set\RequisitionForm\Dialogs\PrepareRequisitionDialog.g.cs C:\Users\russel.mercado\source\repos\Yakult-System-for-Merging\Yakult.Inventory.App\obj\BulkCellphoneValidation\Wpf\Set\RequisitionForm\Dialogs\PrintRequisitionDialog.g.cs C:\Users\russel.mercado\source\repos\Yakult-System-for-Merging\Yakult.Inventory.App\obj\BulkCellphoneValidation\Wpf\Renewal\ViewRenewals\Views\RenewalPageView.g.cs C:\Users\russel.mercado\source\repos\Yakult-System-for-Merging\Yakult.Inventory.App\obj\BulkCellphoneValidation\Wpf\Renewal\RenewalGroups\Views\RenewalGroupPageView.g.cs C:\Users\russel.mercado\source\repos\Yakult-System-for-Merging\Yakult.Inventory.App\obj\BulkCellphoneValidation\Wpf\Renewal\RenewalGroups\Views\RenewalHistoryWindow.g.cs C:\Users\russel.mercado\source\repos\Yakult-System-for-Merging\Yakult.Inventory.App\obj\BulkCellphoneValidation\Wpf\Inventory\Views\InventoryPageView.g.cs C:\Users\russel.mercado\source\repos\Yakult-System-for-Merging\Yakult.Inventory.App\obj\BulkCellphoneValidation\Wpf\RepairedItems\Views\RepairedItemsPageView.g.cs C:\Users\russel.mercado\source\repos\Yakult-System-for-Merging\Yakult.Inventory.App\obj\BulkCellphoneValidation\Wpf\ItemMovementAudit\Views\ItemMovementAuditPageView.g.cs C:\Users\russel.mercado\source\repos\Yakult-System-for-Merging\Yakult.Inventory.App\obj\BulkCellphoneValidation\Wpf\Search\Views\SearchView.g.cs C:\Users\russel.mercado\source\repos\Yakult-System-for-Merging\Yakult.Inventory.App\obj\BulkCellphoneValidation\Pages\Item\BatchAddItemDialog.g.cs C:\Users\russel.mercado\source\repos\Yakult-System-for-Merging\Yakult.Inventory.App\obj\BulkCellphoneValidation\Pages\Item\EditItemDialog.g.cs C:\Users\russel.mercado\source\repos\Yakult-System-for-Merging\Yakult.Inventory.App\obj\BulkCellphoneValidation\Pages\Category\EditCategoryDialog.g.cs C:\Users\russel.mercado\source\repos\Yakult-System-for-Merging\Yakult.Inventory.App\obj\BulkCellphoneValidation\Pages\Employee\EmployeeDialog.g.cs C:\Users\russel.mercado\source\repos\Yakult-System-for-Merging\Yakult.Inventory.App\obj\BulkCellphoneValidation\Pages\Branch\EditBranchDialog.g.cs C:\Users\russel.mercado\source\repos\Yakult-System-for-Merging\Yakult.Inventory.App\obj\BulkCellphoneValidation\Pages\Vendor\EditVendorDialog.g.cs C:\Users\russel.mercado\source\repos\Yakult-System-for-Merging\Yakult.Inventory.App\obj\BulkCellphoneValidation\Pages\Company\CompanyDialog.g.cs C:\Users\russel.mercado\source\repos\Yakult-System-for-Merging\Yakult.Inventory.App\obj\BulkCellphoneValidation\Pages\Department\DepartmentDialog.g.cs C:\Users\russel.mercado\source\repos\Yakult-System-for-Merging\Yakult.Inventory.App\obj\BulkCellphoneValidation\Pages\Item\CartridgeCsvImportDialog.g.cs C:\Users\russel.mercado\source\repos\Yakult-System-for-Merging\Yakult.Inventory.App\obj\BulkCellphoneValidation\Pages\Item\InvoiceCsvImportDialog.g.cs C:\Users\russel.mercado\source\repos\Yakult-System-for-Merging\Yakult.Inventory.App\obj\BulkCellphoneValidation\Wpf\RequestPortal\NewRequest\Views\NewRequestView.g.cs C:\Users\russel.mercado\source\repos\Yakult-System-for-Merging\Yakult.Inventory.App\obj\BulkCellphoneValidation\Wpf\Portal\ConsumableManagementPortalShell.g.cs C:\Users\russel.mercado\source\repos\Yakult-System-for-Merging\Yakult.Inventory.App\obj\BulkCellphoneValidation\Wpf\RequestSetSearch\Views\RequestSetSearchView.g.cs C:\Users\russel.mercado\source\repos\Yakult-System-for-Merging\Yakult.Inventory.App\obj\BulkCellphoneValidation\Wpf\RequestPortal\AssistedRequest\Views\AssistedRequestView.g.cs C:\Users\russel.mercado\source\repos\Yakult-System-for-Merging\Yakult.Inventory.App\obj\BulkCellphoneValidation\Wpf\RequestPortal\RequestHistory\Views\RequestHistoryView.g.cs C:\Users\russel.mercado\source\repos\Yakult-System-for-Merging\Yakult.Inventory.App\obj\BulkCellphoneValidation\Wpf\Notifications\NotificationSettingsWindow.g.cs C:\Users\russel.mercado\source\repos\Yakult-System-for-Merging\Yakult.Inventory.App\obj\BulkCellphoneValidation\Wpf\RequestPortal\NotificationBellControl.g.cs C:\Users\russel.mercado\source\repos\Yakult-System-for-Merging\Yakult.Inventory.App\obj\BulkCellphoneValidation\Wpf\RequestPortal\AuthorizationHistory\Views\AuthorizationHistoryView.g.cs C:\Users\russel.mercado\source\repos\Yakult-System-for-Merging\Yakult.Inventory.App\obj\BulkCellphoneValidation\Wpf\RequestPortal\AuthorizeRequest\Views\AuthorizeRequestView.g.cs C:\Users\russel.mercado\source\repos\Yakult-System-for-Merging\Yakult.Inventory.App\obj\BulkCellphoneValidation\Wpf\RequestPortal\WalkThrough\WpfPortalTourWindow.g.cs C:\Users\russel.mercado\source\repos\Yakult-System-for-Merging\Yakult.Inventory.App\obj\BulkCellphoneValidation\Wpf\Renewal\LinkRenewal\Views\LinkRenewalWindow.g.cs C:\Users\russel.mercado\source\repos\Yakult-System-for-Merging\Yakult.Inventory.App\obj\BulkCellphoneValidation\Wpf\Renewal\RenewItems\Views\RenewItemsWindow.g.cs C:\Users\russel.mercado\source\repos\Yakult-System-for-Merging\Yakult.Inventory.App\obj\BulkCellphoneValidation\Wpf\Renewal\RenewalDetail\Views\RenewalDetailWindow.g.cs C:\Users\russel.mercado\source\repos\Yakult-System-for-Merging\Yakult.Inventory.App\obj\BulkCellphoneValidation\Wpf\Renewal\RenewalWorkspace\Views\RenewalWorkspaceWindow.g.cs C:\Users\russel.mercado\source\repos\Yakult-System-for-Merging\Yakult.Inventory.App\obj\BulkCellphoneValidation\Wpf\Renewal\ChainReceipts\Views\ChainReceiptsWindow.g.cs C:\Users\russel.mercado\source\repos\Yakult-System-for-Merging\Yakult.Inventory.App\obj\BulkCellphoneValidation\Wpf\SendNotifications\Views\SendNotificationsView.g.cs C:\Users\russel.mercado\source\repos\Yakult-System-for-Merging\Yakult.Inventory.App\obj\BulkCellphoneValidation\Wpf\Archive\Views\ArchiveDetailsWindow.g.cs C:\Users\russel.mercado\source\repos\Yakult-System-for-Merging\Yakult.Inventory.App\obj\BulkCellphoneValidation\Pages\Set\ViewSetDetailPage.g.cs C:\Users\russel.mercado\source\repos\Yakult-System-for-Merging\Yakult.Inventory.App\obj\BulkCellphoneValidation\Pages\Request\BatchAddRequestDialog.g.cs C:\Users\russel.mercado\source\repos\Yakult-System-for-Merging\Yakult.Inventory.App\obj\BulkCellphoneValidation\Pages\Set\SelectRequestForSetDialog.g.cs C:\Users\russel.mercado\source\repos\Yakult-System-for-Merging\Yakult.Inventory.App\obj\BulkCellphoneValidation\Pages\Software\SelectedItemsReviewDialog.g.cs C:\Users\russel.mercado\source\repos\Yakult-System-for-Merging\Yakult.Inventory.App\obj\BulkCellphoneValidation\Pages\Software\SoftwareItemPickerDialog.g.cs C:\Users\russel.mercado\source\repos\Yakult-System-for-Merging\Yakult.Inventory.App\obj\BulkCellphoneValidation\Pages\Software\SoftwareServiceSetDialog.g.cs C:\Users\russel.mercado\source\repos\Yakult-System-for-Merging\Yakult.Inventory.App\obj\BulkCellphoneValidation\Yakult.Inventory.App_Content.g.cs C:\Users\russel.mercado\source\repos\Yakult-System-for-Merging\Yakult.Inventory.App\obj\BulkCellphoneValidation\GeneratedInternalTypeHelper.g.cs'
  Attempt to open named pipe 'Yff1kJv2S+iAGAqXe+xvAg5dGGTWEZubok3Wrj5z39M'
  Attempt to connect named pipe 'Yff1kJv2S+iAGAqXe+xvAg5dGGTWEZubok3Wrj5z39M'
  Named pipe 'Yff1kJv2S+iAGAqXe+xvAg5dGGTWEZubok3Wrj5z39M' connected
  Begin writing request for Yakult.Inventory.App_xslqg0zj_wpftmp
  End writing request for Yakult.Inventory.App_xslqg0zj_wpftmp
  Begin reading response for Yakult.Inventory.App_xslqg0zj_wpftmp
  End reading response for Yakult.Inventory.App_xslqg0zj_wpftmp
C:\Users\russel.mercado\source\repos\Yakult-System-for-Merging\Yakult.Inventory.App\Helpers\UserActivityPdfGenerator.cs(83,17): warning CS0219: The variable 'rowsPerPage' is assigned but its value is never used [C:\Users\russel.mercado\source\repos\Yakult-System-for-Merging\Yakult.Inventory.App\Yakult.Inventory.App_xslqg0zj_wpftmp.csproj]
C:\Users\russel.mercado\source\repos\Yakult-System-for-Merging\Yakult.Inventory.App\Helpers\UserActivityPdfGenerator.cs(84,17): warning CS0219: The variable 'currentRow' is assigned but its value is never used [C:\Users\russel.mercado\source\repos\Yakult-System-for-Merging\Yakult.Inventory.App\Yakult.Inventory.App_xslqg0zj_wpftmp.csproj]
C:\Users\russel.mercado\source\repos\Yakult-System-for-Merging\Yakult.Inventory.App\Repositories\SetRepository.cs(1860,26): warning CS0219: The variable 'getServerTimeSql' is assigned but its value is never used [C:\Users\russel.mercado\source\repos\Yakult-System-for-Merging\Yakult.Inventory.App\Yakult.Inventory.App_xslqg0zj_wpftmp.csproj]
C:\Users\russel.mercado\source\repos\Yakult-System-for-Merging\Yakult.Inventory.App\Pages\Request-Portal\RequesterPortalForm.cs(2639,18): warning CS0219: The variable 'suppress' is assigned but its value is never used [C:\Users\russel.mercado\source\repos\Yakult-System-for-Merging\Yakult.Inventory.App\Yakult.Inventory.App_xslqg0zj_wpftmp.csproj]
C:\Users\russel.mercado\source\repos\Yakult-System-for-Merging\Yakult.Inventory.App\Pages\Export\ExportRenewalsGroupedPreviewDialog.cs(373,26): warning CS0219: The variable 'hGroup' is assigned but its value is never used [C:\Users\russel.mercado\source\repos\Yakult-System-for-Merging\Yakult.Inventory.App\Yakult.Inventory.App_xslqg0zj_wpftmp.csproj]
C:\Users\russel.mercado\source\repos\Yakult-System-for-Merging\Yakult.Inventory.App\Pages\Export\CombinedReportPreviewDialog.cs(1021,27): warning CS0219: The variable 'COLS' is assigned but its value is never used [C:\Users\russel.mercado\source\repos\Yakult-System-for-Merging\Yakult.Inventory.App\Yakult.Inventory.App_xslqg0zj_wpftmp.csproj]
C:\Users\russel.mercado\source\repos\Yakult-System-for-Merging\Yakult.Inventory.App\Forms\BorrowItemsDashboard.cs(53,24): warning CS0649: Field 'BorrowItemsDashboard.btnBackToPortal' is never assigned to, and will always have its default value null [C:\Users\russel.mercado\source\repos\Yakult-System-for-Merging\Yakult.Inventory.App\Yakult.Inventory.App_xslqg0zj_wpftmp.csproj]
C:\Users\russel.mercado\source\repos\Yakult-System-for-Merging\Yakult.Inventory.App\Forms\BorrowItemsDashboard.cs(54,82): warning CS0649: Field 'BorrowItemsDashboard.btnReload' is never assigned to, and will always have its default value null [C:\Users\russel.mercado\source\repos\Yakult-System-for-Merging\Yakult.Inventory.App\Yakult.Inventory.App_xslqg0zj_wpftmp.csproj]
C:\Users\russel.mercado\source\repos\Yakult-System-for-Merging\Yakult.Inventory.App\Pages\User\MainForm.cs(94,45): warning CS0169: The field 'MainForm.cartridgeManagementButton' is never used [C:\Users\russel.mercado\source\repos\Yakult-System-for-Merging\Yakult.Inventory.App\Yakult.Inventory.App_xslqg0zj_wpftmp.csproj]
C:\Users\russel.mercado\source\repos\Yakult-System-for-Merging\Yakult.Inventory.App\Pages\Receipt\ReceiptSetViewerDialog.cs(45,23): warning CS0169: The field 'ReceiptSetViewerDialog._rightPanel' is never used [C:\Users\russel.mercado\source\repos\Yakult-System-for-Merging\Yakult.Inventory.App\Yakult.Inventory.App_xslqg0zj_wpftmp.csproj]
C:\Users\russel.mercado\source\repos\Yakult-System-for-Merging\Yakult.Inventory.App\Pages\Branch\AddBranchDialog.cs(17,23): warning CS0169: The field 'AddBranchDialog.headerPanel' is never used [C:\Users\russel.mercado\source\repos\Yakult-System-for-Merging\Yakult.Inventory.App\Yakult.Inventory.App_xslqg0zj_wpftmp.csproj]
C:\Users\russel.mercado\source\repos\Yakult-System-for-Merging\Yakult.Inventory.App\Forms\CartridgeManagement\CartridgeManagementForm.cs(63,23): warning CS0169: The field 'CartridgeManagementForm.lblReqId' is never used [C:\Users\russel.mercado\source\repos\Yakult-System-for-Merging\Yakult.Inventory.App\Yakult.Inventory.App_xslqg0zj_wpftmp.csproj]
C:\Users\russel.mercado\source\repos\Yakult-System-for-Merging\Yakult.Inventory.App\Forms\CartridgeManagement\CartridgeManagementPortalForm.cs(33,24): warning CS0169: The field 'CartridgeManagementPortalForm._itFulfillmentButton' is never used [C:\Users\russel.mercado\source\repos\Yakult-System-for-Merging\Yakult.Inventory.App\Yakult.Inventory.App_xslqg0zj_wpftmp.csproj]
C:\Users\russel.mercado\source\repos\Yakult-System-for-Merging\Yakult.Inventory.App\Pages\User\MainForm.cs(88,44): warning CS0649: Field 'MainForm.accountManagementPanel' is never assigned to, and will always have its default value null [C:\Users\russel.mercado\source\repos\Yakult-System-for-Merging\Yakult.Inventory.App\Yakult.Inventory.App_xslqg0zj_wpftmp.csproj]
C:\Users\russel.mercado\source\repos\Yakult-System-for-Merging\Yakult.Inventory.App\Pages\Company\AddCompanyPage.cs(15,47): warning CS0169: The field 'AddCompanyPage.footerPanel' is never used [C:\Users\russel.mercado\source\repos\Yakult-System-for-Merging\Yakult.Inventory.App\Yakult.Inventory.App_xslqg0zj_wpftmp.csproj]
C:\Users\russel.mercado\source\repos\Yakult-System-for-Merging\Yakult.Inventory.App\Forms\BorrowItemsDashboard.cs(54,71): warning CS0649: Field 'BorrowItemsDashboard.btnExport' is never assigned to, and will always have its default value null [C:\Users\russel.mercado\source\repos\Yakult-System-for-Merging\Yakult.Inventory.App\Yakult.Inventory.App_xslqg0zj_wpftmp.csproj]
C:\Users\russel.mercado\source\repos\Yakult-System-for-Merging\Yakult.Inventory.App\Pages\Employee\AddEmployeePage.cs(12,23): warning CS0169: The field 'AddEmployeePage.headerPanel' is never used [C:\Users\russel.mercado\source\repos\Yakult-System-for-Merging\Yakult.Inventory.App\Yakult.Inventory.App_xslqg0zj_wpftmp.csproj]
C:\Users\russel.mercado\source\repos\Yakult-System-for-Merging\Yakult.Inventory.App\Pages\Department\AddDepartmentDialog.cs(16,23): warning CS0169: The field 'AddDepartmentDialog.headerPanel' is never used [C:\Users\russel.mercado\source\repos\Yakult-System-for-Merging\Yakult.Inventory.App\Yakult.Inventory.App_xslqg0zj_wpftmp.csproj]
C:\Users\russel.mercado\source\repos\Yakult-System-for-Merging\Yakult.Inventory.App\Wpf\Invoice\ViewModels\InvoiceLicenseReviewViewModel.cs(58,45): warning CS0067: The event 'InvoiceLicenseReviewViewModel.RequestWarning' is never used [C:\Users\russel.mercado\source\repos\Yakult-System-for-Merging\Yakult.Inventory.App\Yakult.Inventory.App_xslqg0zj_wpftmp.csproj]
C:\Users\russel.mercado\source\repos\Yakult-System-for-Merging\Yakult.Inventory.App\Forms\CartridgeManagement\CartridgeManagementForm.cs(63,70): warning CS0169: The field 'CartridgeManagementForm.lblCondition' is never used [C:\Users\russel.mercado\source\repos\Yakult-System-for-Merging\Yakult.Inventory.App\Yakult.Inventory.App_xslqg0zj_wpftmp.csproj]
C:\Users\russel.mercado\source\repos\Yakult-System-for-Merging\Yakult.Inventory.App\Pages\Set\AddSetPage.cs(12,34): warning CS0169: The field 'AddSetPage.footerPanel' is never used [C:\Users\russel.mercado\source\repos\Yakult-System-for-Merging\Yakult.Inventory.App\Yakult.Inventory.App_xslqg0zj_wpftmp.csproj]
C:\Users\russel.mercado\source\repos\Yakult-System-for-Merging\Yakult.Inventory.App\Forms\BorrowItemsDashboard.cs(69,46): warning CS0649: Field 'BorrowItemsDashboard._historyHost' is never assigned to, and will always have its default value null [C:\Users\russel.mercado\source\repos\Yakult-System-for-Merging\Yakult.Inventory.App\Yakult.Inventory.App_xslqg0zj_wpftmp.csproj]
C:\Users\russel.mercado\source\repos\Yakult-System-for-Merging\Yakult.Inventory.App\Forms\CartridgeManagement\CartridgeManagementForm.cs(63,57): warning CS0169: The field 'CartridgeManagementForm.lblQuantity' is never used [C:\Users\russel.mercado\source\repos\Yakult-System-for-Merging\Yakult.Inventory.App\Yakult.Inventory.App_xslqg0zj_wpftmp.csproj]
C:\Users\russel.mercado\source\repos\Yakult-System-for-Merging\Yakult.Inventory.App\Wpf\BorrowItems\WpfBorrowWorkspace.cs(30,35): warning CS0067: The event 'WpfBorrowWorkspace.BackToPortalClicked' is never used [C:\Users\russel.mercado\source\repos\Yakult-System-for-Merging\Yakult.Inventory.App\Yakult.Inventory.App_xslqg0zj_wpftmp.csproj]
C:\Users\russel.mercado\source\repos\Yakult-System-for-Merging\Yakult.Inventory.App\Pages\Receipt\ViewReceiptsPage.cs(23,44): warning CS0169: The field 'ViewReceiptsPage._subtitlePanel' is never used [C:\Users\russel.mercado\source\repos\Yakult-System-for-Merging\Yakult.Inventory.App\Yakult.Inventory.App_xslqg0zj_wpftmp.csproj]
C:\Users\russel.mercado\source\repos\Yakult-System-for-Merging\Yakult.Inventory.App\Wpf\ItemMovementAudit\ViewModels\ItemMovementAuditPageViewModel.cs(352,45): warning CS0067: The event 'ItemMovementAuditPageViewModel.RequestInfo' is never used [C:\Users\russel.mercado\source\repos\Yakult-System-for-Merging\Yakult.Inventory.App\Yakult.Inventory.App_xslqg0zj_wpftmp.csproj]
C:\Users\russel.mercado\source\repos\Yakult-System-for-Merging\Yakult.Inventory.App\Forms\CartridgeManagement\CartridgeManagementForm.cs(63,84): warning CS0169: The field 'CartridgeManagementForm.lblCompany' is never used [C:\Users\russel.mercado\source\repos\Yakult-System-for-Merging\Yakult.Inventory.App\Yakult.Inventory.App_xslqg0zj_wpftmp.csproj]
C:\Users\russel.mercado\source\repos\Yakult-System-for-Merging\Yakult.Inventory.App\Forms\CartridgeManagement\CartridgeManagementPortalForm.cs(31,24): warning CS0169: The field 'CartridgeManagementPortalForm._homeButton' is never used [C:\Users\russel.mercado\source\repos\Yakult-System-for-Merging\Yakult.Inventory.App\Yakult.Inventory.App_xslqg0zj_wpftmp.csproj]
C:\Users\russel.mercado\source\repos\Yakult-System-for-Merging\Yakult.Inventory.App\Wpf\Export\Renewal\ViewModels\RenewalExportViewModel.cs(48,45): warning CS0067: The event 'RenewalExportViewModel.RequestError' is never used [C:\Users\russel.mercado\source\repos\Yakult-System-for-Merging\Yakult.Inventory.App\Yakult.Inventory.App_xslqg0zj_wpftmp.csproj]
C:\Users\russel.mercado\source\repos\Yakult-System-for-Merging\Yakult.Inventory.App\Forms\BorrowItemsDashboard.cs(46,93): warning CS0649: Field 'BorrowItemsDashboard.lblStatus' is never assigned to, and will always have its default value null [C:\Users\russel.mercado\source\repos\Yakult-System-for-Merging\Yakult.Inventory.App\Yakult.Inventory.App_xslqg0zj_wpftmp.csproj]
C:\Users\russel.mercado\source\repos\Yakult-System-for-Merging\Yakult.Inventory.App\Pages\User\MainForm.cs(103,45): warning CS0649: Field 'MainForm.resetPasswordButton' is never assigned to, and will always have its default value null [C:\Users\russel.mercado\source\repos\Yakult-System-for-Merging\Yakult.Inventory.App\Yakult.Inventory.App_xslqg0zj_wpftmp.csproj]
C:\Users\russel.mercado\source\repos\Yakult-System-for-Merging\Yakult.Inventory.App\Pages\Receipt\ReceiptSetViewerDialog.cs(89,24): warning CS0649: Field 'ReceiptSetViewerDialog._btnNext' is never assigned to, and will always have its default value null [C:\Users\russel.mercado\source\repos\Yakult-System-for-Merging\Yakult.Inventory.App\Yakult.Inventory.App_xslqg0zj_wpftmp.csproj]
C:\Users\russel.mercado\source\repos\Yakult-System-for-Merging\Yakult.Inventory.App\Wpf\CallMonitoring\WpfNotificationDrawer.cs(43,35): warning CS0067: The event 'WpfNotificationDrawer.CloseRequested' is never used [C:\Users\russel.mercado\source\repos\Yakult-System-for-Merging\Yakult.Inventory.App\Yakult.Inventory.App_xslqg0zj_wpftmp.csproj]
C:\Users\russel.mercado\source\repos\Yakult-System-for-Merging\Yakult.Inventory.App\Pages\Receipt\ViewReceiptsPage.cs(32,23): warning CS0169: The field 'ViewReceiptsPage._subtitleLabel' is never used [C:\Users\russel.mercado\source\repos\Yakult-System-for-Merging\Yakult.Inventory.App\Yakult.Inventory.App_xslqg0zj_wpftmp.csproj]
C:\Users\russel.mercado\source\repos\Yakult-System-for-Merging\Yakult.Inventory.App\Wpf\Invoice\ViewModels\NonLicensedInvoiceViewModel.cs(40,45): warning CS0067: The event 'NonLicensedInvoiceViewModel.RequestInfo' is never used [C:\Users\russel.mercado\source\repos\Yakult-System-for-Merging\Yakult.Inventory.App\Yakult.Inventory.App_xslqg0zj_wpftmp.csproj]
C:\Users\russel.mercado\source\repos\Yakult-System-for-Merging\Yakult.Inventory.App\Forms\BorrowItemsDashboard.cs(47,23): warning CS0649: Field 'BorrowItemsDashboard.lblEmptyOpen' is never assigned to, and will always have its default value null [C:\Users\russel.mercado\source\repos\Yakult-System-for-Merging\Yakult.Inventory.App\Yakult.Inventory.App_xslqg0zj_wpftmp.csproj]
C:\Users\russel.mercado\source\repos\Yakult-System-for-Merging\Yakult.Inventory.App\Pages\User\MainForm.cs(89,44): warning CS0649: Field 'MainForm.emailSmtpPanel' is never assigned to, and will always have its default value null [C:\Users\russel.mercado\source\repos\Yakult-System-for-Merging\Yakult.Inventory.App\Yakult.Inventory.App_xslqg0zj_wpftmp.csproj]
C:\Users\russel.mercado\source\repos\Yakult-System-for-Merging\Yakult.Inventory.App\Pages\Company\AddCompanyPage.cs(15,23): warning CS0169: The field 'AddCompanyPage.headerPanel' is never used [C:\Users\russel.mercado\source\repos\Yakult-System-for-Merging\Yakult.Inventory.App\Yakult.Inventory.App_xslqg0zj_wpftmp.csproj]
C:\Users\russel.mercado\source\repos\Yakult-System-for-Merging\Yakult.Inventory.App\Wpf\Renewal\RenewalGroups\ViewModels\RenewalGroupPageViewModel.cs(60,45): warning CS0067: The event 'RenewalGroupPageViewModel.RequestInfo' is never used [C:\Users\russel.mercado\source\repos\Yakult-System-for-Merging\Yakult.Inventory.App\Yakult.Inventory.App_xslqg0zj_wpftmp.csproj]
C:\Users\russel.mercado\source\repos\Yakult-System-for-Merging\Yakult.Inventory.App\Forms\CartridgeManagement\CartridgeManagementPortalForm.cs(34,24): warning CS0169: The field 'CartridgeManagementPortalForm._cartridgeRequestsButton' is never used [C:\Users\russel.mercado\source\repos\Yakult-System-for-Merging\Yakult.Inventory.App\Yakult.Inventory.App_xslqg0zj_wpftmp.csproj]
C:\Users\russel.mercado\source\repos\Yakult-System-for-Merging\Yakult.Inventory.App\Forms\CartridgeManagement\CartridgeManagementPortalForm.cs(32,24): warning CS0169: The field 'CartridgeManagementPortalForm._userManualButton' is never used [C:\Users\russel.mercado\source\repos\Yakult-System-for-Merging\Yakult.Inventory.App\Yakult.Inventory.App_xslqg0zj_wpftmp.csproj]
C:\Users\russel.mercado\source\repos\Yakult-System-for-Merging\Yakult.Inventory.App\Pages\Employee\QuickAddEmployeeDialog.cs(16,53): warning CS0169: The field 'QuickAddEmployeeDialog.txtPosition' is never used [C:\Users\russel.mercado\source\repos\Yakult-System-for-Merging\Yakult.Inventory.App\Yakult.Inventory.App_xslqg0zj_wpftmp.csproj]
C:\Users\russel.mercado\source\repos\Yakult-System-for-Merging\Yakult.Inventory.App\Wpf\Invoice\ViewModels\NonLicensedInvoiceViewModel.cs(41,45): warning CS0067: The event 'NonLicensedInvoiceViewModel.RequestWarning' is never used [C:\Users\russel.mercado\source\repos\Yakult-System-for-Merging\Yakult.Inventory.App\Yakult.Inventory.App_xslqg0zj_wpftmp.csproj]
C:\Users\russel.mercado\source\repos\Yakult-System-for-Merging\Yakult.Inventory.App\Forms\BorrowItemsDashboard.cs(47,37): warning CS0649: Field 'BorrowItemsDashboard.lblEmptyHistory' is never assigned to, and will always have its default value null [C:\Users\russel.mercado\source\repos\Yakult-System-for-Merging\Yakult.Inventory.App\Yakult.Inventory.App_xslqg0zj_wpftmp.csproj]
C:\Users\russel.mercado\source\repos\Yakult-System-for-Merging\Yakult.Inventory.App\Pages\Employee\AddEmployeePage.cs(12,36): warning CS0169: The field 'AddEmployeePage.bodyPanel' is never used [C:\Users\russel.mercado\source\repos\Yakult-System-for-Merging\Yakult.Inventory.App\Yakult.Inventory.App_xslqg0zj_wpftmp.csproj]
C:\Users\russel.mercado\source\repos\Yakult-System-for-Merging\Yakult.Inventory.App\Pages\Employee\AddEmployeePage.cs(12,47): warning CS0169: The field 'AddEmployeePage.footerPanel' is never used [C:\Users\russel.mercado\source\repos\Yakult-System-for-Merging\Yakult.Inventory.App\Yakult.Inventory.App_xslqg0zj_wpftmp.csproj]
C:\Users\russel.mercado\source\repos\Yakult-System-for-Merging\Yakult.Inventory.App\Forms\BorrowItemsDashboard.cs(70,23): warning CS0649: Field 'BorrowItemsDashboard._kpiOldestCard' is never assigned to, and will always have its default value null [C:\Users\russel.mercado\source\repos\Yakult-System-for-Merging\Yakult.Inventory.App\Yakult.Inventory.App_xslqg0zj_wpftmp.csproj]
C:\Users\russel.mercado\source\repos\Yakult-System-for-Merging\Yakult.Inventory.App\Forms\CartridgeManagement\CartridgeManagementForm.cs(63,33): warning CS0169: The field 'CartridgeManagementForm.lblRequester' is never used [C:\Users\russel.mercado\source\repos\Yakult-System-for-Merging\Yakult.Inventory.App\Yakult.Inventory.App_xslqg0zj_wpftmp.csproj]
C:\Users\russel.mercado\source\repos\Yakult-System-for-Merging\Yakult.Inventory.App\Forms\CartridgeManagement\CartridgeManagementForm.cs(63,107): warning CS0169: The field 'CartridgeManagementForm.lblDepartment' is never used [C:\Users\russel.mercado\source\repos\Yakult-System-for-Merging\Yakult.Inventory.App\Yakult.Inventory.App_xslqg0zj_wpftmp.csproj]
C:\Users\russel.mercado\source\repos\Yakult-System-for-Merging\Yakult.Inventory.App\Forms\CartridgeManagement\CartridgeManagementForm.cs(63,96): warning CS0169: The field 'CartridgeManagementForm.lblBranch' is never used [C:\Users\russel.mercado\source\repos\Yakult-System-for-Merging\Yakult.Inventory.App\Yakult.Inventory.App_xslqg0zj_wpftmp.csproj]
C:\Users\russel.mercado\source\repos\Yakult-System-for-Merging\Yakult.Inventory.App\Pages\User\MainForm.cs(97,45): warning CS0649: Field 'MainForm.emailSmtpButton' is never assigned to, and will always have its default value null [C:\Users\russel.mercado\source\repos\Yakult-System-for-Merging\Yakult.Inventory.App\Yakult.Inventory.App_xslqg0zj_wpftmp.csproj]
C:\Users\russel.mercado\source\repos\Yakult-System-for-Merging\Yakult.Inventory.App\Pages\Request-Portal\RequesterPortalForm.cs(84,25): warning CS0649: Field 'RequesterPortalForm.tabApprovals' is never assigned to, and will always have its default value null [C:\Users\russel.mercado\source\repos\Yakult-System-for-Merging\Yakult.Inventory.App\Yakult.Inventory.App_xslqg0zj_wpftmp.csproj]
C:\Users\russel.mercado\source\repos\Yakult-System-for-Merging\Yakult.Inventory.App\Pages\Department\AddDepartmentDialog.cs(16,47): warning CS0169: The field 'AddDepartmentDialog.footerPanel' is never used [C:\Users\russel.mercado\source\repos\Yakult-System-for-Merging\Yakult.Inventory.App\Yakult.Inventory.App_xslqg0zj_wpftmp.csproj]
C:\Users\russel.mercado\source\repos\Yakult-System-for-Merging\Yakult.Inventory.App\Wpf\RequestPortal\AssistedRequest\Views\AssistedRequestView.xaml.cs(25,22): warning CS0649: Field 'AssistedRequestView._suppressDropDown' is never assigned to, and will always have its default value false [C:\Users\russel.mercado\source\repos\Yakult-System-for-Merging\Yakult.Inventory.App\Yakult.Inventory.App_xslqg0zj_wpftmp.csproj]
C:\Users\russel.mercado\source\repos\Yakult-System-for-Merging\Yakult.Inventory.App\Pages\User\MainForm.cs(86,44): warning CS0169: The field 'MainForm.cartridgeManagementPanel' is never used [C:\Users\russel.mercado\source\repos\Yakult-System-for-Merging\Yakult.Inventory.App\Yakult.Inventory.App_xslqg0zj_wpftmp.csproj]
C:\Users\russel.mercado\source\repos\Yakult-System-for-Merging\Yakult.Inventory.App\Pages\Receipt\ReceiptSetViewerDialog.cs(90,24): warning CS0169: The field 'ReceiptSetViewerDialog._btnClose' is never used [C:\Users\russel.mercado\source\repos\Yakult-System-for-Merging\Yakult.Inventory.App\Yakult.Inventory.App_xslqg0zj_wpftmp.csproj]
C:\Users\russel.mercado\source\repos\Yakult-System-for-Merging\Yakult.Inventory.App\Forms\BorrowItemsDashboard.cs(69,35): warning CS0649: Field 'BorrowItemsDashboard._openHost' is never assigned to, and will always have its default value null [C:\Users\russel.mercado\source\repos\Yakult-System-for-Merging\Yakult.Inventory.App\Yakult.Inventory.App_xslqg0zj_wpftmp.csproj]
C:\Users\russel.mercado\source\repos\Yakult-System-for-Merging\Yakult.Inventory.App\Pages\Branch\AddBranchDialog.cs(17,47): warning CS0169: The field 'AddBranchDialog.footerPanel' is never used [C:\Users\russel.mercado\source\repos\Yakult-System-for-Merging\Yakult.Inventory.App\Yakult.Inventory.App_xslqg0zj_wpftmp.csproj]
C:\Users\russel.mercado\source\repos\Yakult-System-for-Merging\Yakult.Inventory.App\Wpf\Renewal\ViewRenewals\ViewModels\RenewalPageViewModel.cs(76,45): warning CS0067: The event 'RenewalPageViewModel.RequestWarning' is never used [C:\Users\russel.mercado\source\repos\Yakult-System-for-Merging\Yakult.Inventory.App\Yakult.Inventory.App_xslqg0zj_wpftmp.csproj]
C:\Users\russel.mercado\source\repos\Yakult-System-for-Merging\Yakult.Inventory.App\Forms\CartridgeManagement\CartridgeManagementForm.cs(63,47): warning CS0169: The field 'CartridgeManagementForm.lblModel' is never used [C:\Users\russel.mercado\source\repos\Yakult-System-for-Merging\Yakult.Inventory.App\Yakult.Inventory.App_xslqg0zj_wpftmp.csproj]
C:\Users\russel.mercado\source\repos\Yakult-System-for-Merging\Yakult.Inventory.App\Forms\BorrowItemsDashboard.cs(46,68): warning CS0169: The field 'BorrowItemsDashboard.lblOpenCount' is never used [C:\Users\russel.mercado\source\repos\Yakult-System-for-Merging\Yakult.Inventory.App\Yakult.Inventory.App_xslqg0zj_wpftmp.csproj]
C:\Users\russel.mercado\source\repos\Yakult-System-for-Merging\Yakult.Inventory.App\Pages\Receipt\ReceiptSetViewerDialog.cs(88,24): warning CS0649: Field 'ReceiptSetViewerDialog._btnPrev' is never assigned to, and will always have its default value null [C:\Users\russel.mercado\source\repos\Yakult-System-for-Merging\Yakult.Inventory.App\Yakult.Inventory.App_xslqg0zj_wpftmp.csproj]
C:\Users\russel.mercado\source\repos\Yakult-System-for-Merging\Yakult.Inventory.App\Forms\BorrowItemsDashboard.cs(46,82): warning CS0169: The field 'BorrowItemsDashboard.lblOldest' is never used [C:\Users\russel.mercado\source\repos\Yakult-System-for-Merging\Yakult.Inventory.App\Yakult.Inventory.App_xslqg0zj_wpftmp.csproj]
C:\Users\russel.mercado\source\repos\Yakult-System-for-Merging\Yakult.Inventory.App\Wpf\Invoice\ViewModels\InvoicePageViewModel.cs(73,45): warning CS0067: The event 'InvoicePageViewModel.RequestInfo' is never used [C:\Users\russel.mercado\source\repos\Yakult-System-for-Merging\Yakult.Inventory.App\Yakult.Inventory.App_xslqg0zj_wpftmp.csproj]
C:\Users\russel.mercado\source\repos\Yakult-System-for-Merging\Yakult.Inventory.App\Pages\User\MainForm.cs(96,45): warning CS0649: Field 'MainForm.accountManagementButton' is never assigned to, and will always have its default value null [C:\Users\russel.mercado\source\repos\Yakult-System-for-Merging\Yakult.Inventory.App\Yakult.Inventory.App_xslqg0zj_wpftmp.csproj]
C:\Users\russel.mercado\source\repos\Yakult-System-for-Merging\Yakult.Inventory.App\Pages\Cartridge\ViewCartridgeRequestsPage.cs(31,22): warning CS0414: The field 'ViewCartridgeRequestsPage._allSelected' is assigned but its value is never used [C:\Users\russel.mercado\source\repos\Yakult-System-for-Merging\Yakult.Inventory.App\Yakult.Inventory.App_xslqg0zj_wpftmp.csproj]
C:\Users\russel.mercado\source\repos\Yakult-System-for-Merging\Yakult.Inventory.App\Pages\Admin\Security\PortalAccessPage.cs(37,22): warning CS0414: The field 'PortalAccessPage._isEditing' is assigned but its value is never used [C:\Users\russel.mercado\source\repos\Yakult-System-for-Merging\Yakult.Inventory.App\Yakult.Inventory.App_xslqg0zj_wpftmp.csproj]
C:\Users\russel.mercado\source\repos\Yakult-System-for-Merging\Yakult.Inventory.App\Pages\Renewal\ViewRenewalDetailPage.cs(36,22): warning CS0414: The field 'ViewRenewalDetailPage._suppressSelectionChange' is assigned but its value is never used [C:\Users\russel.mercado\source\repos\Yakult-System-for-Merging\Yakult.Inventory.App\Yakult.Inventory.App_xslqg0zj_wpftmp.csproj]
C:\Users\russel.mercado\source\repos\Yakult-System-for-Merging\Yakult.Inventory.App\Forms\CallMonitoring\TicketManagementControl.cs(129,22): warning CS0414: The field 'TicketManagementControl._itEmployeesMissingShown' is assigned but its value is never used [C:\Users\russel.mercado\source\repos\Yakult-System-for-Merging\Yakult.Inventory.App\Yakult.Inventory.App_xslqg0zj_wpftmp.csproj]
C:\Users\russel.mercado\source\repos\Yakult-System-for-Merging\Yakult.Inventory.App\Pages\Employee\QuickAddEmployeeDialog.cs(24,22): warning CS0414: The field 'QuickAddEmployeeDialog._suppressComboBoxEvents' is assigned but its value is never used [C:\Users\russel.mercado\source\repos\Yakult-System-for-Merging\Yakult.Inventory.App\Yakult.Inventory.App_xslqg0zj_wpftmp.csproj]
  CompilerServer: server - server processed compilation - Yakult.Inventory.App_xslqg0zj_wpftmp
Done Building Project "C:\Users\russel.mercado\source\repos\Yakult-System-for-Merging\Yakult.Inventory.App\Yakult.Inventory.App_xslqg0zj_wpftmp.csproj" (_CompileTemporaryAssembly target(s)).
MarkupCompilePass2:
  MarkupCompilePass2 successfully generated BAML or source code files.
CleanupTemporaryTargetAssembly:
  Deleting file "obj\BulkCellphoneValidation\Yakult.Inventory.App.exe".
CoreResGen:
  Processing resource file "Controls\DepartmentEntry.resx" into "obj\BulkCellphoneValidation\Yakult.Inventory.App.Controls.DepartmentEntry.resources".
  Processing resource file "Forms\Reports\ReportsForm.resx" into "obj\BulkCellphoneValidation\Yakult.Inventory.App.Forms.Reports.ReportsForm.resources".
  Processing resource file "Properties\Resources.resx" into "obj\BulkCellphoneValidation\Yakult.Inventory.App.Properties.Resources.resources".
  Processing resource file "Pages\Invoice\ViewInvoiceDetailPage.resx" into "obj\BulkCellphoneValidation\Yakult.Inventory.App.Pages.Invoice.ViewInvoiceDetailPage.resources".
  Processing resource file "Pages\ReportViewerForm.resx" into "obj\BulkCellphoneValidation\Yakult.Inventory.App.Pages.ReportViewerForm.resources".
  Processing resource file "Pages\Request\EditRequestDialog.resx" into "obj\BulkCellphoneValidation\Yakult.Inventory.App.Pages.Request.EditRequestDialog.resources".
  Processing resource file "Pages\Request\ViewRequestsPage.resx" into "obj\BulkCellphoneValidation\Yakult.Inventory.App.Pages.Request.ViewRequestsPage.resources".
  Processing resource file "Pages\User\LoginPage.resx" into "obj\BulkCellphoneValidation\Yakult.Inventory.App.Pages.User.LoginPage.resources".
  Processing resource file "Pages\User\MainForm.resx" into "obj\BulkCellphoneValidation\Yakult.Inventory.App.Pages.User.MainForm.resources".
  Processing resource file "Pages\User\RegisterPage.resx" into "obj\BulkCellphoneValidation\Yakult.Inventory.App.Pages.User.RegisterPage.resources".
CoreCompile:
  Setting DOTNET_TieredCompilation to '0'
  C:\Program Files\Microsoft Visual Studio\18\Community\MSBuild\Current\Bin\Roslyn\csc.exe /noconfig /nowarn:1701,1702 /fullpaths /nostdlib+ /platform:x86 /errorreport:prompt /warn:4 /define:DEBUG;TRACE /highentropyva+ /reference:C:\Users\russel.mercado\source\repos\Yakult-System-for-Merging\Yakult.Inventory.App\packages\Azure.Core.1.47.1\lib\net472\Azure.Core.dll /reference:C:\Users\russel.mercado\source\repos\Yakult-System-for-Merging\Yakult.Inventory.App\packages\Azure.Identity.1.14.2\lib\netstandard2.0\Azure.Identity.dll /reference:C:\Users\russel.mercado\source\repos\Yakult-System-for-Merging\Yakult.Inventory.App\packages\ClosedXML.0.97.0\lib\netstandard2.0\ClosedXML.dll /reference:C:\Users\russel.mercado\source\repos\Yakult-System-for-Merging\Yakult.Inventory.App\packages\Dapper.2.1.66\lib\net461\Dapper.dll /reference:C:\Users\russel.mercado\source\repos\Yakult-System-for-Merging\Yakult.Inventory.App\packages\DocumentFormat.OpenXml.2.16.0\lib\net46\DocumentFormat.OpenXml.dll /reference:C:\Users\russel.mercado\source\repos\Yakult-System-for-Merging\Yakult.Inventory.App\packages\ExcelDataReader.DataSet.3.6.0\lib\netstandard2.0\ExcelDataReader.DataSet.dll /reference:C:\Users\russel.mercado\source\repos\Yakult-System-for-Merging\Yakult.Inventory.App\packages\ExcelDataReader.3.6.0\lib\net45\ExcelDataReader.dll /reference:C:\Users\russel.mercado\source\repos\Yakult-System-for-Merging\Yakult.Inventory.App\packages\ExcelNumberFormat.1.1.0\lib\net20\ExcelNumberFormat.dll /reference:C:\Users\russel.mercado\source\repos\Yakult-System-for-Merging\Yakult.Inventory.App\packages\HarfBuzzSharp.8.3.1.1\lib\net462\HarfBuzzSharp.dll /reference:C:\Users\russel.mercado\source\repos\Yakult-System-for-Merging\Yakult.Inventory.App\packages\Irony.NetCore.1.0.11\lib\net461\Irony.dll /reference:C:\Users\russel.mercado\source\repos\Yakult-System-for-Merging\Yakult.Inventory.App\packages\LiveChartsCore.2.0.5\lib\net462\LiveChartsCore.dll /reference:C:\Users\russel.mercado\source\repos\Yakult-System-for-Merging\Yakult.Inventory.App\packages\LiveChartsCore.SkiaSharpView.2.0.5\lib\net462\LiveChartsCore.SkiaSharpView.dll /reference:C:\Users\russel.mercado\source\repos\Yakult-System-for-Merging\Yakult.Inventory.App\packages\LiveChartsCore.SkiaSharpView.WPF.2.0.5\lib\net462\LiveChartsCore.SkiaSharpView.WPF.dll /reference:C:\Users\russel.mercado\source\repos\Yakult-System-for-Merging\Yakult.Inventory.App\packages\Microsoft.Bcl.AsyncInterfaces.9.0.1\lib\net462\Microsoft.Bcl.AsyncInterfaces.dll /reference:C:\Users\russel.mercado\source\repos\Yakult-System-for-Merging\Yakult.Inventory.App\packages\Microsoft.Bcl.Cryptography.8.0.0\lib\net462\Microsoft.Bcl.Cryptography.dll /reference:"C:\Program Files (x86)\Reference Assemblies\Microsoft\Framework\.NETFramework\v4.8\Microsoft.CSharp.dll" /reference:C:\Users\russel.mercado\source\repos\Yakult-System-for-Merging\Yakult.Inventory.App\packages\Microsoft.Data.SqlClient.6.1.2\lib\net462\Microsoft.Data.SqlClient.dll /reference:C:\Users\russel.mercado\source\repos\Yakult-System-for-Merging\Yakult.Inventory.App\packages\Microsoft.Extensions.Caching.Abstractions.8.0.0\lib\net462\Microsoft.Extensions.Caching.Abstractions.dll /reference:C:\Users\russel.mercado\source\repos\Yakult-System-for-Merging\Yakult.Inventory.App\packages\Microsoft.Extensions.Caching.Memory.8.0.1\lib\net462\Microsoft.Extensions.Caching.Memory.dll /reference:C:\Users\russel.mercado\source\repos\Yakult-System-for-Merging\Yakult.Inventory.App\packages\Microsoft.Extensions.DependencyInjection.Abstractions.8.0.2\lib\net462\Microsoft.Extensions.DependencyInjection.Abstractions.dll /reference:C:\Users\russel.mercado\source\repos\Yakult-System-for-Merging\Yakult.Inventory.App\packages\Microsoft.Extensions.DependencyInjection.8.0.1\lib\net462\Microsoft.Extensions.DependencyInjection.dll /reference:C:\Users\russel.mercado\source\repos\Yakult-System-for-Merging\Yakult.Inventory.App\packages\Microsoft.Extensions.Logging.Abstractions.8.0.3\lib\net462\Microsoft.Extensions.Logging.Abstractions.dll /reference:C:\Users\russel.mercado\source\repos\Yakult-System-for-Merging\Yakult.Inventory.App\packages\Microsoft.Extensions.Logging.8.0.1\lib\net462\Microsoft.Extensions.Logging.dll /reference:C:\Users\russel.mercado\source\repos\Yakult-System-for-Merging\Yakult.Inventory.App\packages\Microsoft.Extensions.Options.8.0.2\lib\net462\Microsoft.Extensions.Options.dll /reference:C:\Users\russel.mercado\source\repos\Yakult-System-for-Merging\Yakult.Inventory.App\packages\Microsoft.Extensions.Primitives.8.0.0\lib\net462\Microsoft.Extensions.Primitives.dll /reference:C:\Users\russel.mercado\source\repos\Yakult-System-for-Merging\Yakult.Inventory.App\packages\Microsoft.Identity.Client.4.73.1\lib\net472\Microsoft.Identity.Client.dll /reference:C:\Users\russel.mercado\source\repos\Yakult-System-for-Merging\Yakult.Inventory.App\packages\Microsoft.Identity.Client.Extensions.Msal.4.73.1\lib\netstandard2.0\Microsoft.Identity.Client.Extensions.Msal.dll /reference:C:\Users\russel.mercado\source\repos\Yakult-System-for-Merging\Yakult.Inventory.App\packages\Microsoft.IdentityModel.Abstractions.7.7.1\lib\net472\Microsoft.IdentityModel.Abstractions.dll /reference:C:\Users\russel.mercado\source\repos\Yakult-System-for-Merging\Yakult.Inventory.App\packages\Microsoft.IdentityModel.JsonWebTokens.7.7.1\lib\net472\Microsoft.IdentityModel.JsonWebTokens.dll /reference:C:\Users\russel.mercado\source\repos\Yakult-System-for-Merging\Yakult.Inventory.App\packages\Microsoft.IdentityModel.Logging.7.7.1\lib\net472\Microsoft.IdentityModel.Logging.dll /reference:C:\Users\russel.mercado\source\repos\Yakult-System-for-Merging\Yakult.Inventory.App\packages\Microsoft.IdentityModel.Protocols.7.7.1\lib\net472\Microsoft.IdentityModel.Protocols.dll /reference:C:\Users\russel.mercado\source\repos\Yakult-System-for-Merging\Yakult.Inventory.App\packages\Microsoft.IdentityModel.Protocols.OpenIdConnect.7.7.1\lib\net472\Microsoft.IdentityModel.Protocols.OpenIdConnect.dll /reference:C:\Users\russel.mercado\source\repos\Yakult-System-for-Merging\Yakult.Inventory.App\packages\Microsoft.IdentityModel.Tokens.7.7.1\lib\net472\Microsoft.IdentityModel.Tokens.dll /reference:C:\Users\russel.mercado\source\repos\Yakult-System-for-Merging\Yakult.Inventory.App\packages\Microsoft.ReportingServices.ReportViewerControl.Winforms.150.1652.0\lib\net40\Microsoft.ReportViewer.Common.dll /reference:C:\Users\russel.mercado\source\repos\Yakult-System-for-Merging\Yakult.Inventory.App\packages\Microsoft.ReportingServices.ReportViewerControl.Winforms.150.1652.0\lib\net40\Microsoft.ReportViewer.DataVisualization.dll /reference:C:\Users\russel.mercado\source\repos\Yakult-System-for-Merging\Yakult.Inventory.App\packages\Microsoft.ReportingServices.ReportViewerControl.Winforms.150.1652.0\lib\net40\Microsoft.ReportViewer.Design.dll /reference:C:\Users\russel.mercado\source\repos\Yakult-System-for-Merging\Yakult.Inventory.App\packages\Microsoft.ReportingServices.ReportViewerControl.Winforms.150.1652.0\lib\net40\Microsoft.ReportViewer.ProcessingObjectModel.dll /reference:C:\Users\russel.mercado\source\repos\Yakult-System-for-Merging\Yakult.Inventory.App\packages\Microsoft.ReportingServices.ReportViewerControl.Winforms.150.1652.0\lib\net40\Microsoft.ReportViewer.WinForms.dll /reference:C:\Users\russel.mercado\source\repos\Yakult-System-for-Merging\Yakult.Inventory.App\packages\Microsoft.SqlServer.Types.160.1000.6\lib\net462\Microsoft.SqlServer.Types.dll /reference:"C:\Program Files (x86)\Reference Assemblies\Microsoft\Framework\.NETFramework\v4.8\mscorlib.dll" /reference:C:\Users\russel.mercado\source\repos\Yakult-System-for-Merging\Yakult.Inventory.App\packages\Newtonsoft.Json.13.0.4\lib\net45\Newtonsoft.Json.dll /reference:C:\Users\russel.mercado\source\repos\Yakult-System-for-Merging\Yakult.Inventory.App\packages\PDFsharp.1.50.5147\lib\net20\PdfSharp.Charting.dll /reference:C:\Users\russel.mercado\source\repos\Yakult-System-for-Merging\Yakult.Inventory.App\packages\PDFsharp.1.50.5147\lib\net20\PdfSharp.dll /reference:"C:\Program Files (x86)\Reference Assemblies\Microsoft\Framework\.NETFramework\v4.8\PresentationCore.dll" /reference:"C:\Program Files (x86)\Reference Assemblies\Microsoft\Framework\.NETFramework\v4.8\PresentationFramework.dll" /reference:C:\Users\russel.mercado\source\repos\Yakult-System-for-Merging\Yakult.Inventory.App\packages\QRCoder.1.7.0\lib\net40\QRCoder.dll /reference:"C:\Program Files (x86)\Reference Assemblies\Microsoft\Framework\.NETFramework\v4.8\ReachFramework.dll" /reference:C:\Users\russel.mercado\source\repos\Yakult-System-for-Merging\Yakult.Inventory.App\packages\ReaLTaiizor.3.8.1.4\lib\net48\ReaLTaiizor.dll /reference:C:\Users\russel.mercado\source\repos\Yakult-System-for-Merging\Yakult.Inventory.App\packages\SixLabors.Fonts.1.0.0\lib\netstandard2.0\SixLabors.Fonts.dll /reference:C:\Users\russel.mercado\source\repos\Yakult-System-for-Merging\Yakult.Inventory.App\packages\SkiaSharp.3.119.0\lib\net462\SkiaSharp.dll /reference:C:\Users\russel.mercado\source\repos\Yakult-System-for-Merging\Yakult.Inventory.App\packages\SkiaSharp.HarfBuzz.3.119.0\lib\net462\SkiaSharp.HarfBuzz.dll /reference:C:\Users\russel.mercado\source\repos\Yakult-System-for-Merging\Yakult.Inventory.App\packages\SkiaSharp.Views.Desktop.Common.3.119.0\lib\net462\SkiaSharp.Views.Desktop.Common.dll /reference:C:\Users\russel.mercado\source\repos\Yakult-System-for-Merging\Yakult.Inventory.App\packages\SkiaSharp.Views.WPF.3.119.0\lib\net462\SkiaSharp.Views.WPF.dll /reference:C:\Users\russel.mercado\source\repos\Yakult-System-for-Merging\Yakult.Inventory.App\packages\System.Buffers.4.5.1\lib\net461\System.Buffers.dll /reference:C:\Users\russel.mercado\source\repos\Yakult-System-for-Merging\Yakult.Inventory.App\packages\System.ClientModel.1.5.1\lib\netstandard2.0\System.ClientModel.dll /reference:"C:\Program Files (x86)\Reference Assemblies\Microsoft\Framework\.NETFramework\v4.8\System.ComponentModel.DataAnnotations.dll" /reference:C:\Users\russel.mercado\source\repos\Yakult-System-for-Merging\Yakult.Inventory.App\packages\System.Configuration.ConfigurationManager.9.0.10\lib\net462\System.Configuration.ConfigurationManager.dll /reference:"C:\Program Files (x86)\Reference Assemblies\Microsoft\Framework\.NETFramework\v4.8\System.Configuration.dll" /reference:"C:\Program Files (x86)\Reference Assemblies\Microsoft\Framework\.NETFramework\v4.8\System.Core.dll" /reference:"C:\Program Files (x86)\Reference Assemblies\Microsoft\Framework\.NETFramework\v4.8\Facades\System.Data.Common.dll" /reference:"C:\Program Files (x86)\Reference Assemblies\Microsoft\Framework\.NETFramework\v4.8\System.Data.DataSetExtensions.dll" /reference:"C:\Program Files (x86)\Reference Assemblies\Microsoft\Framework\.NETFramework\v4.8\System.Data.dll" /reference:"C:\Program Files (x86)\Reference Assemblies\Microsoft\Framework\.NETFramework\v4.8\System.Deployment.dll" /reference:C:\Users\russel.mercado\source\repos\Yakult-System-for-Merging\Yakult.Inventory.App\packages\System.Diagnostics.DiagnosticSource.8.0.1\lib\net462\System.Diagnostics.DiagnosticSource.dll /reference:"C:\Program Files (x86)\Reference Assemblies\Microsoft\Framework\.NETFramework\v4.8\System.dll" /reference:"C:\Program Files (x86)\Reference Assemblies\Microsoft\Framework\.NETFramework\v4.8\System.Drawing.dll" /reference:"C:\Program Files (x86)\Reference Assemblies\Microsoft\Framework\.NETFramework\v4.8\System.IdentityModel.dll" /reference:C:\Users\russel.mercado\source\repos\Yakult-System-for-Merging\Yakult.Inventory.App\packages\System.IdentityModel.Tokens.Jwt.7.7.1\lib\net472\System.IdentityModel.Tokens.Jwt.dll /reference:C:\Users\russel.mercado\source\repos\Yakult-System-for-Merging\Yakult.Inventory.App\packages\System.IO.FileSystem.AccessControl.5.0.0\lib\net461\System.IO.FileSystem.AccessControl.dll /reference:C:\Users\russel.mercado\source\repos\Yakult-System-for-Merging\Yakult.Inventory.App\packages\System.IO.Packaging.4.7.0\lib\net46\System.IO.Packaging.dll /reference:C:\Users\russel.mercado\source\repos\Yakult-System-for-Merging\Yakult.Inventory.App\packages\System.Memory.Data.8.0.1\lib\net462\System.Memory.Data.dll /reference:C:\Users\russel.mercado\source\repos\Yakult-System-for-Merging\Yakult.Inventory.App\packages\System.Memory.4.5.5\lib\net461\System.Memory.dll /reference:"C:\Program Files (x86)\Reference Assemblies\Microsoft\Framework\.NETFramework\v4.8\System.Net.Http.dll" /reference:"C:\Program Files (x86)\Reference Assemblies\Microsoft\Framework\.NETFramework\v4.8\System.Numerics.dll" /reference:C:\Users\russel.mercado\source\repos\Yakult-System-for-Merging\Yakult.Inventory.App\packages\System.Numerics.Vectors.4.5.0\lib\net46\System.Numerics.Vectors.dll /reference:"C:\Program Files (x86)\Reference Assemblies\Microsoft\Framework\.NETFramework\v4.8\System.Printing.dll" /reference:C:\Users\russel.mercado\source\repos\Yakult-System-for-Merging\Yakult.Inventory.App\packages\System.Resources.Extensions.8.0.0\lib\net462\System.Resources.Extensions.dll /reference:C:\Users\russel.mercado\source\repos\Yakult-System-for-Merging\Yakult.Inventory.App\packages\System.Runtime.CompilerServices.Unsafe.6.0.0\lib\net461\System.Runtime.CompilerServices.Unsafe.dll /reference:C:\Windows\Microsoft.Net\assembly\GAC_MSIL\System.Runtime.WindowsRuntime\v4.0_4.0.0.0__b77a5c561934e089\System.Runtime.WindowsRuntime.dll /reference:C:\Users\russel.mercado\source\repos\Yakult-System-for-Merging\Yakult.Inventory.App\packages\System.Security.AccessControl.5.0.0\lib\net461\System.Security.AccessControl.dll /reference:C:\Users\russel.mercado\source\repos\Yakult-System-for-Merging\Yakult.Inventory.App\packages\System.Security.Cryptography.Pkcs.8.0.1\lib\net462\System.Security.Cryptography.Pkcs.dll /reference:C:\Users\russel.mercado\source\repos\Yakult-System-for-Merging\Yakult.Inventory.App\packages\System.Security.Cryptography.ProtectedData.4.5.0\lib\net461\System.Security.Cryptography.ProtectedData.dll /reference:"C:\Program Files (x86)\Reference Assemblies\Microsoft\Framework\.NETFramework\v4.8\System.Security.dll" /reference:C:\Users\russel.mercado\source\repos\Yakult-System-for-Merging\Yakult.Inventory.App\packages\System.Security.Principal.Windows.5.0.0\lib\net461\System.Security.Principal.Windows.dll /reference:C:\Users\russel.mercado\source\repos\Yakult-System-for-Merging\Yakult.Inventory.App\packages\System.Text.Encoding.CodePages.4.7.1\lib\net461\System.Text.Encoding.CodePages.dll /reference:C:\Users\russel.mercado\source\repos\Yakult-System-for-Merging\Yakult.Inventory.App\packages\System.Text.Encodings.Web.8.0.0\lib\net462\System.Text.Encodings.Web.dll /reference:C:\Users\russel.mercado\source\repos\Yakult-System-for-Merging\Yakult.Inventory.App\packages\System.Text.Json.8.0.6\lib\net462\System.Text.Json.dll /reference:C:\Users\russel.mercado\source\repos\Yakult-System-for-Merging\Yakult.Inventory.App\packages\System.Threading.Tasks.Extensions.4.5.4\lib\net461\System.Threading.Tasks.Extensions.dll /reference:C:\Users\russel.mercado\source\repos\Yakult-System-for-Merging\Yakult.Inventory.App\packages\System.ValueTuple.4.5.0\lib\net47\System.ValueTuple.dll /reference:"C:\Program Files (x86)\Reference Assemblies\Microsoft\Framework\.NETFramework\v4.8\System.Web.Extensions.dll" /reference:"C:\Program Files (x86)\Reference Assemblies\Microsoft\Framework\.NETFramework\v4.8\System.Windows.Forms.DataVisualization.dll" /reference:"C:\Program Files (x86)\Reference Assemblies\Microsoft\Framework\.NETFramework\v4.8\System.Windows.Forms.dll" /reference:"C:\Program Files (x86)\Reference Assemblies\Microsoft\Framework\.NETFramework\v4.8\System.Xaml.dll" /reference:"C:\Program Files (x86)\Reference Assemblies\Microsoft\Framework\.NETFramework\v4.8\System.Xml.dll" /reference:"C:\Program Files (x86)\Reference Assemblies\Microsoft\Framework\.NETFramework\v4.8\System.Xml.Linq.dll" /reference:C:\Windows\System32\WinMetadata\Windows.Data.winmd /reference:C:\Windows\System32\WinMetadata\Windows.Foundation.winmd /reference:C:\Windows\System32\WinMetadata\Windows.UI.winmd /reference:"C:\Program Files (x86)\Reference Assemblies\Microsoft\Framework\.NETFramework\v4.8\WindowsBase.dll" /reference:"C:\Program Files (x86)\Reference Assemblies\Microsoft\Framework\.NETFramework\v4.8\WindowsFormsIntegration.dll" /reference:C:\Users\russel.mercado\source\repos\Yakult-System-for-Merging\Yakult.Inventory.App\packages\WPF-UI.Abstractions.4.3.0\lib\net472\Wpf.Ui.Abstractions.dll /reference:C:\Users\russel.mercado\source\repos\Yakult-System-for-Merging\Yakult.Inventory.App\packages\WPF-UI.4.3.0\lib\net472\Wpf.Ui.dll /reference:C:\Users\russel.mercado\source\repos\Yakult-System-for-Merging\Yakult.Inventory.App\packages\XLParser.1.5.2\lib\net461\XLParser.dll /reference:"C:\Program Files (x86)\Reference Assemblies\Microsoft\Framework\.NETFramework\v4.8\Facades\Microsoft.Win32.Primitives.dll" /reference:"C:\Program Files (x86)\Reference Assemblies\Microsoft\Framework\.NETFramework\v4.8\Facades\netstandard.dll" /reference:"C:\Program Files (x86)\Reference Assemblies\Microsoft\Framework\.NETFramework\v4.8\Facades\System.AppContext.dll" /reference:"C:\Program Files (x86)\Reference Assemblies\Microsoft\Framework\.NETFramework\v4.8\Facades\System.Collections.Concurrent.dll" /reference:"C:\Program Files (x86)\Reference Assemblies\Microsoft\Framework\.NETFramework\v4.8\Facades\System.Collections.dll" /reference:"C:\Program Files (x86)\Reference Assemblies\Microsoft\Framework\.NETFramework\v4.8\Facades\System.Collections.NonGeneric.dll" /reference:"C:\Program Files (x86)\Reference Assemblies\Microsoft\Framework\.NETFramework\v4.8\Facades\System.Collections.Specialized.dll" /reference:"C:\Program Files (x86)\Reference Assemblies\Microsoft\Framework\.NETFramework\v4.8\Facades\System.ComponentModel.Annotations.dll" /reference:"C:\Program Files (x86)\Reference Assemblies\Microsoft\Framework\.NETFramework\v4.8\Facades\System.ComponentModel.dll" /reference:"C:\Program Files (x86)\Reference Assemblies\Microsoft\Framework\.NETFramework\v4.8\Facades\System.ComponentModel.EventBasedAsync.dll" /reference:"C:\Program Files (x86)\Reference Assemblies\Microsoft\Framework\.NETFramework\v4.8\Facades\System.ComponentModel.Primitives.dll" /reference:"C:\Program Files (x86)\Reference Assemblies\Microsoft\Framework\.NETFramework\v4.8\Facades\System.ComponentModel.TypeConverter.dll" /reference:"C:\Program Files (x86)\Reference Assemblies\Microsoft\Framework\.NETFramework\v4.8\Facades\System.Console.dll" /reference:"C:\Program Files (x86)\Reference Assemblies\Microsoft\Framework\.NETFramework\v4.8\Facades\System.Diagnostics.Contracts.dll" /reference:"C:\Program Files (x86)\Reference Assemblies\Microsoft\Framework\.NETFramework\v4.8\Facades\System.Diagnostics.Debug.dll" /reference:"C:\Program Files (x86)\Reference Assemblies\Microsoft\Framework\.NETFramework\v4.8\Facades\System.Diagnostics.FileVersionInfo.dll" /reference:"C:\Program Files (x86)\Reference Assemblies\Microsoft\Framework\.NETFramework\v4.8\Facades\System.Diagnostics.Process.dll" /reference:"C:\Program Files (x86)\Reference Assemblies\Microsoft\Framework\.NETFramework\v4.8\Facades\System.Diagnostics.StackTrace.dll" /reference:"C:\Program Files (x86)\Reference Assemblies\Microsoft\Framework\.NETFramework\v4.8\Facades\System.Diagnostics.TextWriterTraceListener.dll" /reference:"C:\Program Files (x86)\Reference Assemblies\Microsoft\Framework\.NETFramework\v4.8\Facades\System.Diagnostics.Tools.dll" /reference:"C:\Program Files (x86)\Reference Assemblies\Microsoft\Framework\.NETFramework\v4.8\Facades\System.Diagnostics.TraceSource.dll" /reference:"C:\Program Files (x86)\Reference Assemblies\Microsoft\Framework\.NETFramework\v4.8\Facades\System.Drawing.Primitives.dll" /reference:"C:\Program Files (x86)\Reference Assemblies\Microsoft\Framework\.NETFramework\v4.8\Facades\System.Dynamic.Runtime.dll" /reference:"C:\Program Files (x86)\Reference Assemblies\Microsoft\Framework\.NETFramework\v4.8\Facades\System.Globalization.Calendars.dll" /reference:"C:\Program Files (x86)\Reference Assemblies\Microsoft\Framework\.NETFramework\v4.8\Facades\System.Globalization.dll" /reference:"C:\Program Files (x86)\Reference Assemblies\Microsoft\Framework\.NETFramework\v4.8\Facades\System.Globalization.Extensions.dll" /reference:"C:\Program Files (x86)\Reference Assemblies\Microsoft\Framework\.NETFramework\v4.8\Facades\System.IO.Compression.ZipFile.dll" /reference:"C:\Program Files (x86)\Reference Assemblies\Microsoft\Framework\.NETFramework\v4.8\Facades\System.IO.dll" /reference:"C:\Program Files (x86)\Reference Assemblies\Microsoft\Framework\.NETFramework\v4.8\Facades\System.IO.FileSystem.dll" /reference:"C:\Program Files (x86)\Reference Assemblies\Microsoft\Framework\.NETFramework\v4.8\Facades\System.IO.FileSystem.DriveInfo.dll" /reference:"C:\Program Files (x86)\Reference Assemblies\Microsoft\Framework\.NETFramework\v4.8\Facades\System.IO.FileSystem.Primitives.dll" /reference:"C:\Program Files (x86)\Reference Assemblies\Microsoft\Framework\.NETFramework\v4.8\Facades\System.IO.FileSystem.Watcher.dll" /reference:"C:\Program Files (x86)\Reference Assemblies\Microsoft\Framework\.NETFramework\v4.8\Facades\System.IO.IsolatedStorage.dll" /reference:"C:\Program Files (x86)\Reference Assemblies\Microsoft\Framework\.NETFramework\v4.8\Facades\System.IO.MemoryMappedFiles.dll" /reference:"C:\Program Files (x86)\Reference Assemblies\Microsoft\Framework\.NETFramework\v4.8\Facades\System.IO.Pipes.dll" /reference:"C:\Program Files (x86)\Reference Assemblies\Microsoft\Framework\.NETFramework\v4.8\Facades\System.IO.UnmanagedMemoryStream.dll" /reference:"C:\Program Files (x86)\Reference Assemblies\Microsoft\Framework\.NETFramework\v4.8\Facades\System.Linq.dll" /reference:"C:\Program Files (x86)\Reference Assemblies\Microsoft\Framework\.NETFramework\v4.8\Facades\System.Linq.Expressions.dll" /reference:"C:\Program Files (x86)\Reference Assemblies\Microsoft\Framework\.NETFramework\v4.8\Facades\System.Linq.Parallel.dll" /reference:"C:\Program Files (x86)\Reference Assemblies\Microsoft\Framework\.NETFramework\v4.8\Facades\System.Linq.Queryable.dll" /reference:"C:\Program Files (x86)\Reference Assemblies\Microsoft\Framework\.NETFramework\v4.8\Facades\System.Net.Http.Rtc.dll" /reference:"C:\Program Files (x86)\Reference Assemblies\Microsoft\Framework\.NETFramework\v4.8\Facades\System.Net.NameResolution.dll" /reference:"C:\Program Files (x86)\Reference Assemblies\Microsoft\Framework\.NETFramework\v4.8\Facades\System.Net.NetworkInformation.dll" /reference:"C:\Program Files (x86)\Reference Assemblies\Microsoft\Framework\.NETFramework\v4.8\Facades\System.Net.Ping.dll" /reference:"C:\Program Files (x86)\Reference Assemblies\Microsoft\Framework\.NETFramework\v4.8\Facades\System.Net.Primitives.dll" /reference:"C:\Program Files (x86)\Reference Assemblies\Microsoft\Framework\.NETFramework\v4.8\Facades\System.Net.Requests.dll" /reference:"C:\Program Files (x86)\Reference Assemblies\Microsoft\Framework\.NETFramework\v4.8\Facades\System.Net.Security.dll" /reference:"C:\Program Files (x86)\Reference Assemblies\Microsoft\Framework\.NETFramework\v4.8\Facades\System.Net.Sockets.dll" /reference:"C:\Program Files (x86)\Reference Assemblies\Microsoft\Framework\.NETFramework\v4.8\Facades\System.Net.WebHeaderCollection.dll" /reference:"C:\Program Files (x86)\Reference Assemblies\Microsoft\Framework\.NETFramework\v4.8\Facades\System.Net.WebSockets.Client.dll" /reference:"C:\Program Files (x86)\Reference Assemblies\Microsoft\Framework\.NETFramework\v4.8\Facades\System.Net.WebSockets.dll" /reference:"C:\Program Files (x86)\Reference Assemblies\Microsoft\Framework\.NETFramework\v4.8\Facades\System.ObjectModel.dll" /reference:"C:\Program Files (x86)\Reference Assemblies\Microsoft\Framework\.NETFramework\v4.8\Facades\System.Reflection.dll" /reference:"C:\Program Files (x86)\Reference Assemblies\Microsoft\Framework\.NETFramework\v4.8\Facades\System.Reflection.Emit.dll" /reference:"C:\Program Files (x86)\Reference Assemblies\Microsoft\Framework\.NETFramework\v4.8\Facades\System.Reflection.Emit.ILGeneration.dll" /reference:"C:\Program Files (x86)\Reference Assemblies\Microsoft\Framework\.NETFramework\v4.8\Facades\System.Reflection.Emit.Lightweight.dll" /reference:"C:\Program Files (x86)\Reference Assemblies\Microsoft\Framework\.NETFramework\v4.8\Facades\System.Reflection.Extensions.dll" /reference:"C:\Program Files (x86)\Reference Assemblies\Microsoft\Framework\.NETFramework\v4.8\Facades\System.Reflection.Primitives.dll" /reference:"C:\Program Files (x86)\Reference Assemblies\Microsoft\Framework\.NETFramework\v4.8\Facades\System.Resources.Reader.dll" /reference:"C:\Program Files (x86)\Reference Assemblies\Microsoft\Framework\.NETFramework\v4.8\Facades\System.Resources.ResourceManager.dll" /reference:"C:\Program Files (x86)\Reference Assemblies\Microsoft\Framework\.NETFramework\v4.8\Facades\System.Resources.Writer.dll" /reference:"C:\Program Files (x86)\Reference Assemblies\Microsoft\Framework\.NETFramework\v4.8\Facades\System.Runtime.CompilerServices.VisualC.dll" /reference:"C:\Program Files (x86)\Reference Assemblies\Microsoft\Framework\.NETFramework\v4.8\Facades\System.Runtime.dll" /reference:"C:\Program Files (x86)\Reference Assemblies\Microsoft\Framework\.NETFramework\v4.8\Facades\System.Runtime.Extensions.dll" /reference:"C:\Program Files (x86)\Reference Assemblies\Microsoft\Framework\.NETFramework\v4.8\Facades\System.Runtime.Handles.dll" /reference:"C:\Program Files (x86)\Reference Assemblies\Microsoft\Framework\.NETFramework\v4.8\Facades\System.Runtime.InteropServices.dll" /reference:"C:\Program Files (x86)\Reference Assemblies\Microsoft\Framework\.NETFramework\v4.8\Facades\System.Runtime.InteropServices.RuntimeInformation.dll" /reference:"C:\Program Files (x86)\Reference Assemblies\Microsoft\Framework\.NETFramework\v4.8\Facades\System.Runtime.InteropServices.WindowsRuntime.dll" /reference:"C:\Program Files (x86)\Reference Assemblies\Microsoft\Framework\.NETFramework\v4.8\Facades\System.Runtime.Numerics.dll" /reference:"C:\Program Files (x86)\Reference Assemblies\Microsoft\Framework\.NETFramework\v4.8\Facades\System.Runtime.Serialization.Formatters.dll" /reference:"C:\Program Files (x86)\Reference Assemblies\Microsoft\Framework\.NETFramework\v4.8\Facades\System.Runtime.Serialization.Json.dll" /reference:"C:\Program Files (x86)\Reference Assemblies\Microsoft\Framework\.NETFramework\v4.8\Facades\System.Runtime.Serialization.Primitives.dll" /reference:"C:\Program Files (x86)\Reference Assemblies\Microsoft\Framework\.NETFramework\v4.8\Facades\System.Runtime.Serialization.Xml.dll" /reference:"C:\Program Files (x86)\Reference Assemblies\Microsoft\Framework\.NETFramework\v4.8\Facades\System.Security.Claims.dll" /reference:"C:\Program Files (x86)\Reference Assemblies\Microsoft\Framework\.NETFramework\v4.8\Facades\System.Security.Cryptography.Algorithms.dll" /reference:"C:\Program Files (x86)\Reference Assemblies\Microsoft\Framework\.NETFramework\v4.8\Facades\System.Security.Cryptography.Csp.dll" /reference:"C:\Program Files (x86)\Reference Assemblies\Microsoft\Framework\.NETFramework\v4.8\Facades\System.Security.Cryptography.Encoding.dll" /reference:"C:\Program Files (x86)\Reference Assemblies\Microsoft\Framework\.NETFramework\v4.8\Facades\System.Security.Cryptography.Primitives.dll" /reference:"C:\Program Files (x86)\Reference Assemblies\Microsoft\Framework\.NETFramework\v4.8\Facades\System.Security.Cryptography.X509Certificates.dll" /reference:"C:\Program Files (x86)\Reference Assemblies\Microsoft\Framework\.NETFramework\v4.8\Facades\System.Security.Principal.dll" /reference:"C:\Program Files (x86)\Reference Assemblies\Microsoft\Framework\.NETFramework\v4.8\Facades\System.Security.SecureString.dll" /reference:"C:\Program Files (x86)\Reference Assemblies\Microsoft\Framework\.NETFramework\v4.8\Facades\System.ServiceModel.Duplex.dll" /reference:"C:\Program Files (x86)\Reference Assemblies\Microsoft\Framework\.NETFramework\v4.8\Facades\System.ServiceModel.Http.dll" /reference:"C:\Program Files (x86)\Reference Assemblies\Microsoft\Framework\.NETFramework\v4.8\Facades\System.ServiceModel.NetTcp.dll" /reference:"C:\Program Files (x86)\Reference Assemblies\Microsoft\Framework\.NETFramework\v4.8\Facades\System.ServiceModel.Primitives.dll" /reference:"C:\Program Files (x86)\Reference Assemblies\Microsoft\Framework\.NETFramework\v4.8\Facades\System.ServiceModel.Security.dll" /reference:"C:\Program Files (x86)\Reference Assemblies\Microsoft\Framework\.NETFramework\v4.8\Facades\System.Text.Encoding.dll" /reference:"C:\Program Files (x86)\Reference Assemblies\Microsoft\Framework\.NETFramework\v4.8\Facades\System.Text.Encoding.Extensions.dll" /reference:"C:\Program Files (x86)\Reference Assemblies\Microsoft\Framework\.NETFramework\v4.8\Facades\System.Text.RegularExpressions.dll" /reference:"C:\Program Files (x86)\Reference Assemblies\Microsoft\Framework\.NETFramework\v4.8\Facades\System.Threading.dll" /reference:"C:\Program Files (x86)\Reference Assemblies\Microsoft\Framework\.NETFramework\v4.8\Facades\System.Threading.Overlapped.dll" /reference:"C:\Program Files (x86)\Reference Assemblies\Microsoft\Framework\.NETFramework\v4.8\Facades\System.Threading.Tasks.dll" /reference:"C:\Program Files (x86)\Reference Assemblies\Microsoft\Framework\.NETFramework\v4.8\Facades\System.Threading.Tasks.Parallel.dll" /reference:"C:\Program Files (x86)\Reference Assemblies\Microsoft\Framework\.NETFramework\v4.8\Facades\System.Threading.Thread.dll" /reference:"C:\Program Files (x86)\Reference Assemblies\Microsoft\Framework\.NETFramework\v4.8\Facades\System.Threading.ThreadPool.dll" /reference:"C:\Program Files (x86)\Reference Assemblies\Microsoft\Framework\.NETFramework\v4.8\Facades\System.Threading.Timer.dll" /reference:"C:\Program Files (x86)\Reference Assemblies\Microsoft\Framework\.NETFramework\v4.8\Facades\System.Xml.ReaderWriter.dll" /reference:"C:\Program Files (x86)\Reference Assemblies\Microsoft\Framework\.NETFramework\v4.8\Facades\System.Xml.XDocument.dll" /reference:"C:\Program Files (x86)\Reference Assemblies\Microsoft\Framework\.NETFramework\v4.8\Facades\System.Xml.XmlDocument.dll" /reference:"C:\Program Files (x86)\Reference Assemblies\Microsoft\Framework\.NETFramework\v4.8\Facades\System.Xml.XmlSerializer.dll" /reference:"C:\Program Files (x86)\Reference Assemblies\Microsoft\Framework\.NETFramework\v4.8\Facades\System.Xml.XPath.dll" /reference:"C:\Program Files (x86)\Reference Assemblies\Microsoft\Framework\.NETFramework\v4.8\Facades\System.Xml.XPath.XDocument.dll" /debug+ /debug:full /filealign:512 /optimize- /out:obj\BulkCellphoneValidation\Yakult.Inventory.App.exe /subsystemversion:6.00 /resource:obj\BulkCellphoneValidation\Yakult.Inventory.App.g.resources /resource:obj\BulkCellphoneValidation\Yakult.Inventory.App.Controls.DepartmentEntry.resources /resource:obj\BulkCellphoneValidation\Yakult.Inventory.App.Forms.Reports.ReportsForm.resources /resource:obj\BulkCellphoneValidation\Yakult.Inventory.App.Properties.Resources.resources /resource:obj\BulkCellphoneValidation\Yakult.Inventory.App.Pages.Invoice.ViewInvoiceDetailPage.resources /resource:obj\BulkCellphoneValidation\Yakult.Inventory.App.Pages.ReportViewerForm.resources /resource:obj\BulkCellphoneValidation\Yakult.Inventory.App.Pages.Request.EditRequestDialog.resources /resource:obj\BulkCellphoneValidation\Yakult.Inventory.App.Pages.Request.ViewRequestsPage.resources /resource:obj\BulkCellphoneValidation\Yakult.Inventory.App.Pages.User.LoginPage.resources /resource:obj\BulkCellphoneValidation\Yakult.Inventory.App.Pages.User.MainForm.resources /resource:obj\BulkCellphoneValidation\Yakult.Inventory.App.Pages.User.RegisterPage.resources /target:winexe /utf8output /win32icon:yakult_icon_desktop.ico /win32manifest:app.manifest /deterministic+ /langversion:latest /analyzerconfig:C:\Users\russel.mercado\source\repos\Yakult-System-for-Merging\Yakult.Inventory.App\Forms\.editorconfig /analyzer:packages\Microsoft.CodeAnalysis.NetAnalyzers.10.0.100\analyzers\dotnet\cs\Microsoft.CodeAnalysis.CSharp.NetAnalyzers.dll /analyzer:packages\Microsoft.CodeAnalysis.NetAnalyzers.10.0.100\analyzers\dotnet\cs\Microsoft.CodeAnalysis.NetAnalyzers.resources.dll /analyzer:packages\Microsoft.CodeAnalysis.NetAnalyzers.10.0.100\analyzers\dotnet\Microsoft.CodeAnalysis.NetAnalyzers.dll Helpers\EmailAddressValidator.cs Components\DynamicSectionControl.cs Controls\BranchEntry.cs Controls\BranchEntry.Designer.cs Controls\DepartmentEntry.cs Controls\DepartmentEntry.Designer.cs Core\AppConfig.cs Core\AppSettingsLoader.cs Core\DatabaseConfig.cs Core\EntryTypes.cs Core\ItemTypes.cs Core\AppTime.cs Core\Logger.cs Data\UserRepository.cs Dialogs\CombinedColumnSelectionDialog.cs Dialogs\ReportColumnSelectionDialog.cs Dialogs\SignatoryPickerDialog.cs Forms\CartridgeManagement\CartridgeManagementWpfHost.cs Forms\CartridgeManagement\SendNotificationsWpfHost.cs Forms\CartridgeManagement\FulfilledCartridgesWpfHost.cs Forms\Request\PartiallyFulfilledRequestsWpfHost.cs Forms\Request\UnfulfilledRequestsWpfHost.cs Forms\Consumables\ConsumableModelsWpfHost.cs Forms\CartridgeManagement\PartiallyFulfilledWpfHost.cs Forms\CartridgeManagement\UnfulfilledExchangesWpfHost.cs Forms\CartridgeManagement\VendorCartridgeRefillWpfHost.cs Forms\CartridgeManagement\NonRefillableWpfHost.cs Forms\CartridgeManagement\OutboundBatchesWpfHost.cs Forms\CartridgeManagement\DamagedEmptyCartridgesWpfHost.cs Helpers\CallMonitoringSla.cs Helpers\TaskHelper.cs Helpers\DataGridViewSafety.cs Helpers\InvoiceReportPdfGenerator.cs Helpers\InvoiceSheetRdlHelper.cs Helpers\ModernUiHelper.cs Helpers\ReceiptSetPdfGenerator.cs Helpers\ReportLauncher.cs Helpers\RequestPdfGenerator.cs Helpers\UserActivityPdfGenerator.cs Helpers\SetInvoicePdfGenerator.cs Helpers\SetPdfGenerator.cs Helpers\SplitContainerUtil.cs Models\CartridgeApprovalDto.cs Models\ReceiptSetImageDto.cs Models\CartridgeAuthorizationModel.cs Models\ITAuthorizationModels.cs Models\NotificationCreateDto.cs Models\NotificationDto.cs Models\ReportListItem.cs WPF\CartridgeManagement\Infrastructure\ViewModelBase.cs WPF\CartridgeManagement\Infrastructure\RelayCommand.cs WPF\CartridgeManagement\Converters\Converters.cs WPF\CartridgeManagement\Controls\IntegerSpinner.cs WPF\CartridgeManagement\ViewModels\ClosedCartridgesViewModel.cs Wpf\CartridgeManagement\ViewModels\FulfilledCartridgesViewModel.cs Wpf\CartridgeManagement\ViewModels\ViewCartridgesViewModel.cs Wpf\CartridgeManagement\ViewModels\ViewCartridgeModelsViewModel.cs Wpf\CartridgeManagement\ViewModels\AuthorizationMonitorViewModel.cs Wpf\CartridgeManagement\ViewModels\ViewCartridgeSetsViewModel.cs Wpf\CartridgeManagement\ViewModels\CartridgeTrackingViewModel.cs WPF\CartridgeManagement\ViewModels\DamagedEmptyCartridgesViewModel.cs WPF\CartridgeManagement\ViewModels\NonRefillableEmptyCartridgesViewModel.cs WPF\CartridgeManagement\ViewModels\OutboundBatchesViewModel.cs WPF\CartridgeManagement\ViewModels\VendorCartridgeRefillViewModel.cs Wpf\Admin\AccountManagement\ViewModels\EmployeeManagementViewModel.cs Wpf\Admin\AccountManagement\ViewModels\UserAccountManagementViewModel.cs Wpf\Shared\Controls\TokenSearchBox.cs Wpf\Admin\AccountManagement\ViewModels\DepartmentAccountsViewModel.cs Wpf\Admin\AccountManagement\ViewModels\ApproverManagementViewModel.cs Wpf\Admin\UserPositions\ViewModels\UserPositionsViewModel.cs Wpf\Admin\UserActivity\ViewModels\UserActivityViewModel.cs Wpf\Admin\UserActivityInsights\ViewModels\UserActivityInsightsViewModel.cs Wpf\Shared\Win32WindowWrapper.cs Wpf\Admin\EmailManagement\ViewModels\EmailAddressesViewModel.cs Wpf\Admin\EmailManagement\ViewModels\SmtpProfilesViewModel.cs Wpf\Admin\EmailManagement\ViewModels\EmailTemplatesViewModel.cs Wpf\Admin\EmailManagement\ViewModels\EmailConfigurationViewModel.cs Wpf\Admin\EmailManagement\ViewModels\SmtpSendSettingsViewModel.cs Wpf\Admin\EmailManagement\Converters\NullableProfileIdConverter.cs Wpf\Admin\AccountManagement\Views\EmployeeManagementView.xaml.cs Wpf\Admin\AccountManagement\Views\UserAccountManagementView.xaml.cs Wpf\Admin\AccountManagement\Views\ApproverManagementView.xaml.cs Wpf\Admin\UserPositions\Views\UserPositionsView.xaml.cs Wpf\Admin\UserActivity\Views\UserActivityView.xaml.cs Wpf\Admin\UserActivityInsights\Views\UserActivityInsightsView.xaml.cs Wpf\Admin\EmailManagement\Views\EmailAddressesTabView.xaml.cs Wpf\Admin\EmailManagement\Views\SmtpProfilesTabView.xaml.cs Wpf\Admin\EmailManagement\Views\EmailTemplatesTabView.xaml.cs Wpf\Admin\EmailManagement\Views\EmailConfigurationWindow.xaml.cs Wpf\Admin\EmailManagement\Views\SmtpSendSettingsView.xaml.cs Wpf\Admin\EmailManagement\Views\ApplyProfileToTemplatesDialog.xaml.cs Wpf\Admin\EmailManagement\Views\TurnOffTemplatesDialog.xaml.cs Wpf\Admin\AccountManagement\Views\DepartmentAccountsView.xaml.cs Wpf\Admin\AccountManagement\Dialogs\CreateDeptAccountWindow.xaml.cs Wpf\Admin\AccountManagement\Dialogs\ChangeDeptPasswordWindow.xaml.cs Wpf\Admin\AccountManagement\Dialogs\VerifyAdminPasswordWindow.xaml.cs Wpf\Admin\AccountManagement\Dialogs\ShowDeptPasswordWindow.xaml.cs Wpf\Admin\AccountManagement\Dialogs\EditDeptAccountWindow.xaml.cs Wpf\Admin\AccountManagement\Dialogs\ColumnFilterWindow.xaml.cs Wpf\Admin\AccountManagement\Dialogs\EmployeeImportRow.cs Wpf\Admin\AccountManagement\Dialogs\EmployeeImportPreviewWindow.xaml.cs Wpf\Admin\AccountManagement\Dialogs\EmployeeImportSummaryWindow.xaml.cs Wpf\Admin\AccountManagement\Dialogs\SelectedEmployeesReviewDialog.xaml.cs Wpf\Admin\AccountManagement\Dialogs\ExportFilterDialog.xaml.cs Wpf\Admin\AccountManagement\Dialogs\ExportPreviewWindow.xaml.cs WPF\CartridgeManagement\Views\ClosedCartridgesView.xaml.cs Wpf\CartridgeManagement\Views\FulfilledCartridgesView.xaml.cs Wpf\CartridgeManagement\Views\ViewCartridgesView.xaml.cs Wpf\CartridgeManagement\Views\ViewCartridgeModelsView.xaml.cs Wpf\CartridgeManagement\Views\EditCartridgeModelWindow.xaml.cs Wpf\CartridgeManagement\Views\AuthorizationMonitorView.xaml.cs Wpf\CartridgeManagement\Views\ViewCartridgeSetsView.xaml.cs Wpf\CartridgeManagement\Views\CartridgeTrackingView.xaml.cs WPF\CartridgeManagement\Views\DamagedEmptyCartridgesView.xaml.cs WPF\CartridgeManagement\Views\NonRefillableEmptyCartridgesView.xaml.cs WPF\CartridgeManagement\Views\OutboundBatchesView.xaml.cs WPF\CartridgeManagement\Views\VendorCartridgeRefillView.xaml.cs Wpf\CartridgeManagement\Dialogs\CreateBatchDialog.xaml.cs Wpf\CartridgeManagement\Dialogs\EditBatchWindow.xaml.cs Wpf\Receipt\ReceiptSetViewerWindow.xaml.cs Wpf\Set\BulkAddFiles\BulkAddFilesWindow.xaml.cs Wpf\Receipt\ReceiptSetsView.xaml.cs Wpf\Receipt\ReceiptSetViewerLauncher.cs Wpf\Receipt\ReceiptSetsViewModel.cs Wpf\Receipt\ReceiptSetsWpfHost.cs Wpf\CartridgeManagement\Dialogs\TransferBatchDialog.xaml.cs Wpf\CartridgeManagement\Dialogs\TransferCartridgesWpfDialog.xaml.cs Wpf\CartridgeManagement\Dialogs\AssignReturnsDialog.xaml.cs Wpf\CartridgeManagement\Dialogs\OutboundBatchAssignmentWpfDialog.xaml.cs Wpf\SendNotifications\ViewModels\NotificationRowViewModel.cs Wpf\SendNotifications\ViewModels\SendNotificationsViewModel.cs Wpf\SendNotifications\Views\SendNotificationsView.xaml.cs Wpf\NotificationCenter\ViewModels\ExpiryRowViewModel.cs Wpf\NotificationCenter\ViewModels\MobileUpdateRowViewModel.cs Wpf\NotificationCenter\ViewModels\NotificationCenterViewModel.cs Wpf\NotificationCenter\Controls\NotificationCardControl.xaml.cs Wpf\NotificationCenter\Views\NotificationCenterView.xaml.cs Wpf\Archive\ViewModels\ArchiveRecordDto.cs Wpf\Archive\ViewModels\EntityFieldDto.cs Wpf\Archive\ViewModels\SetItemRowDto.cs Wpf\Archive\ViewModels\ArchivePageViewModel.cs Wpf\Archive\ViewModels\ArchiveDetailsViewModel.cs Wpf\Archive\Views\ArchivePageView.xaml.cs Wpf\Archive\Views\ArchiveDetailsWindow.xaml.cs Wpf\Items\ViewModels\ItemsPageViewModel.cs Wpf\Items\ViewModels\ItemsPageViewModel.Queries.cs Wpf\Items\ViewModels\ItemsPageViewModel.Import.cs Wpf\Items\Views\ItemsPageView.xaml.cs Wpf\Shared\Controls\PagingControl.xaml.cs Wpf\Shared\Controls\SelectedCountBadge.xaml.cs Wpf\Shared\Controls\SelectedRowsReviewDialog.xaml.cs Wpf\Shared\Helpers\CategoryFilterOption.cs Wpf\Shared\Helpers\DocumentDateFilterRow.cs Wpf\Shared\Helpers\ListSortHelper.cs Wpf\Shared\Helpers\ScrollBubbleBehavior.cs Wpf\Shared\Helpers\SearchTextHelper.cs Wpf\Shared\Helpers\SelectionTracker.cs Wpf\Shared\Views\InputPromptWindow.xaml.cs Wpf\Shared\Views\DocumentDateOverflowWindow.xaml.cs Wpf\FixedAssets\ViewModels\FixedAssetsPageViewModel.cs Wpf\FixedAssets\Views\FixedAssetsPageView.xaml.cs Wpf\Warranty\ViewModels\WarrantyItemDto.cs Wpf\Warranty\ViewModels\WarrantyPageViewModel.cs Wpf\Warranty\Views\WarrantyPageView.xaml.cs Wpf\Update\ViewModels\UpdatesPageViewModel.cs Wpf\Update\Views\UpdatesPageView.xaml.cs Wpf\Asset\ViewModels\AssetPageViewModel.cs Wpf\Asset\Views\AssetPageView.xaml.cs Wpf\Vendor\ViewModels\VendorPageViewModel.cs Wpf\Vendor\Views\VendorPageView.xaml.cs Wpf\Category\ViewModels\CategoryPageViewModel.cs Wpf\Category\Views\CategoryPageView.xaml.cs Wpf\Branch\ViewModels\BranchPageViewModel.cs Wpf\Branch\Views\BranchPageView.xaml.cs Wpf\Department\ViewModels\DepartmentPageViewModel.cs Wpf\Department\Views\DepartmentPageView.xaml.cs Wpf\Company\ViewModels\CompanyPageViewModel.cs Wpf\Company\Views\CompanyPageView.xaml.cs Wpf\Employee\ViewModels\EmployeePageViewModel.cs Wpf\Employee\Views\EmployeePageView.xaml.cs Wpf\Export\Invoice\ViewModels\InvoiceExportViewModel.cs Wpf\Export\Invoice\Views\InvoiceExportView.xaml.cs Wpf\Export\Renewal\ViewModels\RenewalExportViewModel.cs Wpf\Export\Renewal\Views\RenewalExportView.xaml.cs Wpf\Export\Sets\ViewModels\SetsExportViewModel.cs Wpf\Export\Sets\Views\SetsExportView.xaml.cs Wpf\Export\RenewalsGrouped\ViewModels\RenewalsGroupedExportViewModel.cs Wpf\Export\RenewalsGrouped\Views\RenewalsGroupedExportView.xaml.cs Wpf\Invoice\ViewModels\InvoiceRow.cs Wpf\Invoice\ViewModels\InvoicePageViewModel.cs Wpf\Invoice\ViewModels\InvoicePageViewModel.Filters.cs Wpf\Invoice\ViewModels\InvoicePageViewModel.Actions.cs Wpf\Invoice\Views\InvoicePageView.xaml.cs Wpf\Invoice\ViewModels\InvoiceLicenseReviewRow.cs Wpf\Invoice\ViewModels\InvoiceLicenseReviewViewModel.cs Wpf\Invoice\Views\InvoiceLicenseReviewView.xaml.cs Wpf\Invoice\ViewModels\NonLicensedInvoiceRow.cs Wpf\Invoice\ViewModels\NonLicensedInvoiceViewModel.cs Wpf\Invoice\Views\NonLicensedInvoiceView.xaml.cs Wpf\Request\ViewModels\RequestRow.cs Wpf\Request\ViewModels\RequestPageViewModel.cs Wpf\Request\ViewModels\RequestPageViewModel.Filters.cs Wpf\Request\ViewModels\RequestPageViewModel.Actions.cs Wpf\Request\Views\RequestPageView.xaml.cs Pages\Request\ArchiveRequestDialog.cs Wpf\Set\ViewModels\SetRow.cs Wpf\Set\ViewModels\SetPageViewModel.cs Wpf\Set\ViewModels\SetPageViewModel.Filters.cs Wpf\Set\ViewModels\SetPageViewModel.Actions.cs Wpf\Set\Views\SetPageView.xaml.cs Wpf\Set\RequisitionForm\Converters\RequisitionFormScaleConverters.cs Wpf\Set\RequisitionForm\ViewModels\RequisitionFormViewModel.cs Wpf\Set\RequisitionForm\ViewModels\PrepareRequisitionViewModel.cs Wpf\Set\RequisitionForm\Services\RequisitionFormPrintService.cs Wpf\Set\RequisitionForm\Views\RequisitionFormPrintView.xaml.cs Wpf\Set\RequisitionForm\Dialogs\PrepareRequisitionDialog.xaml.cs Wpf\Set\RequisitionForm\Dialogs\PrintRequisitionDialog.xaml.cs Pages\Set\ArchiveSetDialog.cs Wpf\Renewal\ViewRenewals\ViewModels\RenewalRow.cs Wpf\Renewal\ViewRenewals\ViewModels\RenewalPageViewModel.cs Wpf\Renewal\ViewRenewals\ViewModels\RenewalPageViewModel.Filters.cs Wpf\Renewal\ViewRenewals\ViewModels\RenewalPageViewModel.Actions.cs Wpf\Renewal\ViewRenewals\Views\RenewalPageView.xaml.cs Wpf\Renewal\RenewalGroups\ViewModels\RenewalGroupRow.cs Wpf\Renewal\RenewalGroups\ViewModels\RenewalHistoryEntryVm.cs Wpf\Renewal\RenewalGroups\ViewModels\RenewalGroupPageViewModel.cs Wpf\Renewal\RenewalGroups\ViewModels\RenewalGroupPageViewModel.Filters.cs Wpf\Renewal\RenewalGroups\ViewModels\RenewalGroupPageViewModel.Actions.cs Wpf\Renewal\RenewalGroups\Views\RenewalGroupPageView.xaml.cs Wpf\Renewal\RenewalGroups\Views\RenewalHistoryWindow.xaml.cs Wpf\ItemMovementAudit\ViewModels\ItemMovementAuditPageViewModel.cs Wpf\ItemMovementAudit\ViewModels\ItemMovementAuditPageViewModel.Data.cs Wpf\ItemMovementAudit\ViewModels\ItemMovementAuditPageViewModel.Sorting.cs Wpf\ItemMovementAudit\ViewModels\ItemMovementAuditPageViewModel.State.cs Wpf\ItemMovementAudit\Views\ItemMovementAuditPageView.xaml.cs Wpf\RepairedItems\ViewModels\RepairedItemsPageViewModel.cs Wpf\RepairedItems\ViewModels\RepairedItemsPageViewModel.Filters.cs Wpf\RepairedItems\ViewModels\RepairedItemsPageViewModel.State.cs Wpf\RepairedItems\ViewModels\RepairedItemsPageViewModel.Actions.cs Wpf\RepairedItems\Views\RepairedItemsPageView.xaml.cs Pages\Inventory\InventoryDtos.cs Wpf\Inventory\ViewModels\SimpleTabState.cs Wpf\Inventory\ViewModels\InventoryPageViewModel.cs Wpf\Inventory\ViewModels\InventoryPageViewModel.Tabs1to4.cs Wpf\Inventory\ViewModels\InventoryPageViewModel.InventoryTab.cs Wpf\Inventory\Views\InventoryPageView.xaml.cs WPF\CartridgeManagement\ViewModels\MultiModelRowViewModel.cs WPF\CartridgeManagement\ViewModels\SessionGroupViewModel.cs WPF\CartridgeManagement\ViewModels\ExchangePanelViewModel.cs WPF\CartridgeManagement\ViewModels\CartridgeManagementViewModel.cs Wpf\CartridgeManagement\ViewModels\CartridgeTransmittalViewModel.cs Wpf\CartridgeManagement\ViewModels\EmployeeSelectItem.cs Wpf\CartridgeManagement\ViewModels\PrepareTransmittalViewModel.cs Wpf\CartridgeManagement\Services\TransmittalPrintService.cs Wpf\CartridgeManagement\Services\PrintDiagnosticsService.cs Wpf\CartridgeManagement\Services\CalibrationPrintService.cs Wpf\CartridgeManagement\Views\CartridgeTransmittalPrintView.xaml.cs Wpf\CartridgeManagement\Views\CartridgeTransmittalPrintPage.xaml.cs Wpf\CartridgeManagement\Dialogs\PrintTransmittalDialog.xaml.cs Wpf\CartridgeManagement\Dialogs\PrepareTransmittalDialog.xaml.cs Wpf\CartridgeManagement\Dialogs\FulfilledCartridgeDetailDialog.xaml.cs Wpf\CartridgeManagement\ViewModels\PfExchangeRowViewModel.cs Wpf\CartridgeManagement\ViewModels\PfSessionGroupViewModel.cs Wpf\CartridgeManagement\ViewModels\FulfillRowStateViewModel.cs Wpf\CartridgeManagement\ViewModels\PartiallyFulfilledViewModel.cs Wpf\CartridgeManagement\ViewModels\UnfulfilledExchangesViewModel.cs Wpf\CartridgeManagement\Views\PartiallyFulfilledView.xaml.cs Wpf\CartridgeManagement\Views\UnfulfilledExchangesView.xaml.cs Wpf\CartridgeManagement\Views\FulfillExchangeDialog.xaml.cs Wpf\RequestManagement\ViewModels\RequestFulfillmentRowViewModel.cs Wpf\RequestManagement\ViewModels\RequestSessionGroupViewModel.cs Wpf\RequestManagement\ViewModels\FulfillRequestRowStateViewModel.cs Wpf\RequestManagement\ViewModels\PartiallyFulfilledRequestsViewModel.cs Wpf\RequestManagement\ViewModels\UnfulfilledRequestsViewModel.cs Wpf\RequestManagement\Views\PartiallyFulfilledRequestsView.xaml.cs Wpf\RequestManagement\Views\UnfulfilledRequestsView.xaml.cs Wpf\RequestManagement\Views\FulfillRequestDialog.xaml.cs Wpf\ConsumableManagement\ViewModels\ViewConsumableModelsViewModel.cs Wpf\ConsumableManagement\Views\ViewConsumableModelsView.xaml.cs Wpf\ConsumableManagement\Views\EditConsumableModelWindow.xaml.cs WPF\CartridgeManagement\Views\CartridgeManagementView.xaml.cs Wpf\Search\Converters\SearchConverters.cs Wpf\Search\ViewModels\SearchCardViewModel.cs Wpf\Search\ViewModels\SearchViewModel.cs Wpf\Search\Views\SearchView.xaml.cs Wpf\RequestPortal\NewRequest\ViewModels\RequestItemRowViewModel.cs Wpf\RequestPortal\NewRequest\ViewModels\NewRequestViewModel.cs Wpf\RequestPortal\NewRequest\Views\NewRequestView.xaml.cs Wpf\RequestPortal\AssistedRequest\ViewModels\AssistedRequestViewModel.cs Wpf\RequestPortal\AssistedRequest\Views\AssistedRequestView.xaml.cs Wpf\RequestPortal\RequestHistory\ViewModels\RequestHistoryViewModel.cs Wpf\RequestPortal\RequestHistory\Views\RequestHistoryView.xaml.cs Wpf\RequestPortal\NotificationBellControl.xaml.cs Wpf\Notifications\NotificationSettingsWindow.xaml.cs Wpf\RequestPortal\AuthorizationHistory\ViewModels\AuthorizationHistoryViewModel.cs Wpf\RequestPortal\AuthorizationHistory\Views\AuthorizationHistoryView.xaml.cs Wpf\RequestPortal\AuthorizeRequest\ViewModels\AuthorizeRequestViewModel.cs Wpf\RequestPortal\AuthorizeRequest\Views\AuthorizeRequestView.xaml.cs Wpf\RequestPortal\WalkThrough\WpfPortalTourStep.cs Wpf\RequestPortal\WalkThrough\WpfPortalTourService.cs Wpf\RequestPortal\WalkThrough\WpfPortalTourWindow.xaml.cs Wpf\Renewal\LinkRenewal\ViewModels\CandidateSetViewModel.cs Wpf\Renewal\LinkRenewal\ViewModels\SetItemComparisonRow.cs Wpf\Renewal\LinkRenewal\ViewModels\LinkRenewalViewModel.cs Wpf\Renewal\LinkRenewal\Views\LinkRenewalWindow.xaml.cs Wpf\Renewal\RenewItems\ViewModels\RenewItemRow.cs Wpf\Renewal\RenewItems\ViewModels\RenewItemsViewModel.cs Wpf\Renewal\RenewItems\Views\RenewItemsWindow.xaml.cs Wpf\Renewal\RenewalDetail\ViewModels\RenewalChainNodeViewModel.cs Wpf\Renewal\RenewalDetail\ViewModels\InvoiceItemRowViewModel.cs Wpf\Renewal\RenewalDetail\ViewModels\RenewalHistoryRowViewModel.cs Wpf\Renewal\RenewalDetail\ViewModels\RenewalDetailViewModel.cs Wpf\Renewal\RenewalDetail\Views\RenewalDetailWindow.xaml.cs Wpf\Renewal\RenewalWorkspace\ViewModels\RenewalWorkspaceViewModel.cs Wpf\Renewal\RenewalWorkspace\Views\RenewalWorkspaceWindow.xaml.cs Wpf\Renewal\ChainReceipts\ViewModels\ChainReceiptsViewModel.cs Wpf\Renewal\ChainReceipts\Views\ChainReceiptsWindow.xaml.cs Pages\Dtos.cs Pages\Admin\Account-Management\AccountPermissionsPage.cs Pages\Set\SetDispatchNotificationPage.cs Pages\SupervisorApprovalPage.cs Repositories\CartridgeApprovalRepository.cs Repositories\CartridgeAuthorizationRepository.cs Repositories\NotificationRepository.cs Repositories\UserNotificationSettingRepository.cs Repositories\ReportsRepository.cs Services\CartridgeApprovalService.cs Services\AuthorizationService.cs Yakult_Inventory_System_DEVDataSet.Designer.cs Forms\Admin\AdminPortalForm.cs Forms\Admin\UserActivityInsightsForm.cs Forms\Admin\UserActivityInsightsWpfHost.cs Forms\CartridgeManagement\CartridgeManagementForm.cs Forms\CartridgeManagement\CartridgeManagementPortalForm.cs Forms\ConsumableManagement\RequestSetManagementPortalForm.cs Forms\Admin\AccountManagement\EmployeeManagementWpfHost.cs Forms\Admin\AccountManagement\UserAccountManagementWpfHost.cs Forms\Admin\AccountManagement\UserPositionsWpfHost.cs Forms\Admin\UserActivityWpfHost.cs Forms\Admin\AccountManagement\ApproverManagementWpfHost.cs Forms\Admin\AccountManagement\DepartmentAccountsWpfHost.cs Forms\CartridgeManagement\ClosedCartridgesWpfHost.cs Forms\CartridgeManagement\ViewCartridgesWpfHost.cs Forms\CartridgeManagement\ViewCartridgeModelsWpfHost.cs Forms\CartridgeManagement\AuthorizationMonitorWpfHost.cs Forms\CartridgeManagement\ViewCartridgeSetsWpfHost.cs Forms\CartridgeManagement\CartridgeTrackingWpfHost.cs Forms\Dashboard\DashboardDrillDownDialog.cs Forms\Dashboard\DashboardHome.cs Forms\CallMonitoringDashboard.cs Forms\BorrowItemsDashboard.cs Forms\BorrowItems\ReturnBorrowDialog.cs Forms\BorrowItems\BorrowUiTheme.cs Forms\BorrowItems\ConfirmBorrowDialog.cs Forms\BorrowItems\BorrowDetailsDialog.cs Forms\BorrowItems\ConfirmReturnDialog.cs Forms\CallMonitoring\EmailNotificationForm.cs Forms\CallMonitoring\DepartmentSmtpProfileDialog.cs Forms\CallMonitoring\SmtpProfileLinkDialog.cs Forms\CallMonitoring\DepartmentSmtpProfileLinkDialog.cs Forms\CallMonitoring\BranchSmtpProfileLinkDialog.cs Forms\CallMonitoring\SmtpProfileDialogUi.cs Forms\CallMonitoring\CallMonitoringReportsForm.cs Forms\CallMonitoring\CallMonitoringProfilesForm.cs Forms\CallMonitoring\EmployeeProfileDetailsDialog.cs Forms\CallMonitoring\EmployeeReplacementItemsDialog.cs Forms\CallMonitoring\AutoEscalationAssigneeDialog.cs Forms\CallMonitoring\EscalationOverrideForm.cs Forms\CallMonitoring\MarkAsResolutionDialog.cs Forms\CallMonitoring\TicketDetailsDialog.cs Forms\CallMonitoring\TicketSummaryDialog.cs Forms\CallMonitoring\DashboardDrillDownForm.cs Forms\CallMonitoring\EmailLogDetailsDialog.cs Forms\CallMonitoring\EmailTemplatePreviewDialog.cs Forms\CallMonitoring\ConfirmTicketCreationDialog.cs Forms\CallMonitoring\TicketPickerDialog.cs Forms\CallMonitoring\CallMonitoringDisplayModeControl.cs Forms\CallMonitoring\Hybrid\WpfCallMonitoringHostControl.cs Forms\CallMonitoring\Hybrid\WpfTicketManagementHostControl.cs Forms\CallMonitoring\Hybrid\WpfDisplayModeHostControl.cs Forms\CallMonitoring\Hybrid\WpfCallMonitoringProfilesHostControl.cs Forms\CallMonitoring\Hybrid\WpfIncomingTicketsHostControl.cs Forms\CallMonitoring\Hybrid\WpfReportsHostControl.cs Forms\CallMonitoring\Hybrid\WpfEmailNotificationHostControl.cs Forms\CallMonitoring\TicketManagementControl.Presentation.cs Forms\CallMonitoring\TicketManagementControl.StatusWorkflow.cs Forms\CallMonitoring\TicketManagementControl.cs Forms\CallMonitoring\CallMonitoringIcons.cs Forms\CallMonitoring\ToastNotification.cs Forms\CallMonitoring\NotificationDrawerControl.cs Forms\CallMonitoring\TicketWorkflow.cs Models\CallMonitoring\CallAssignmentEligibilityItem.cs Wpf\CallMonitoring\ICallMonitoringNavigator.cs Wpf\CallMonitoring\WpfCallMonitoringShell.cs Wpf\CallMonitoring\WpfNotificationDrawer.cs Wpf\Portal\WpfMainDashboardShell.cs Wpf\Portal\ConsumableManagementPortalShell.xaml.cs Wpf\RequestSetSearch\ViewModels\RequestSetSearchViewModel.cs Wpf\RequestSetSearch\Converters\RequestSetTypeToBrushConverter.cs Wpf\RequestSetSearch\Views\RequestSetSearchView.xaml.cs Wpf\CallMonitoring\WpfCallMonitoringWorkspace.cs Wpf\CallMonitoring\WpfTicketDetailsDialog.cs Wpf\CallMonitoring\WpfItcmDialogs.cs Wpf\CallMonitoring\WpfMarkAsResolutionDialog.cs Wpf\CallMonitoring\WpfTicketStatusActionDialog.cs Wpf\CallMonitoring\WpfEmployeeProfileDetailsDialog.cs Wpf\CallMonitoring\WpfSmtpTestDialog.cs Wpf\CallMonitoring\WpfTicketManagementWorkspace.cs Wpf\CallMonitoring\WpfDisplayModeWorkspace.cs Wpf\CallMonitoring\WpfCallMonitoringProfilesWorkspace.cs Wpf\CallMonitoring\WpfAssigneeEligibilityDialog.cs Wpf\CallMonitoring\WpfCallMonitoringReportsWorkspace.cs Wpf\CallMonitoring\WpfIncomingTicketsWorkspace.cs Wpf\CallMonitoring\WpfIncomingTicketAssigneePickerDialog.cs Wpf\CallMonitoring\WpfEmailNotificationWorkspace.cs Wpf\BorrowItems\WpfBorrowWorkspace.cs Wpf\BorrowItems\WpfBorrowBoardWorkspace.cs Wpf\BorrowItems\WpfBorrowBoardHostControl.cs Wpf\BorrowItems\WpfBorrowHostControl.cs Wpf\BorrowItems\WpfBorrowTransactionWorkspace.cs Wpf\BorrowItems\WpfBorrowDetailsDialog.cs Wpf\BorrowItems\WpfBorrowableItemsPickerDialog.cs Wpf\BorrowItems\WpfAddExternalAndBorrowDialog.cs Wpf\BorrowItems\WpfBorrowTransactionHostControl.cs Forms\Portal\MainDashboardForm.cs Forms\Notifications\NotificationCenterHost.cs Forms\Notifications\NotificationSettingsForm.cs Forms\Notifications\NotificationSettingsForm.Designer.cs Forms\SystemSettings\EmailTemplateEditorDialog.cs Forms\SystemSettings\SendTestEmailDialog.cs Forms\SystemSettings\SystemEmailSettingsForm.cs Forms\SystemSettings\SystemSmtpProfileDialog.cs Helpers\AesEncryptionHelper.cs Helpers\InventoryException.cs Helpers\InventoryHelper.cs Helpers\PasswordHelper.cs Helpers\SecretProtector.cs Helpers\RenewalTestingHelper.cs Helpers\RenewalReportPdfGenerator.cs Helpers\ReportHelper.cs Helpers\ItemPdfGenerator.cs Helpers\TabularPdfGenerator.cs Helpers\SetQRGenerator.cs Helpers\LocalImageFileHelper.cs Helpers\ListPageStateHelper.cs Helpers\UiTheme.cs Helpers\UiFactory.cs Helpers\DefaultListPageTemplate.cs Helpers\ColumnFilterPopup.cs Helpers\DateRangeFilterPopup.cs Models\CartridgeModelDto.cs Models\ConsumableModelDto.cs Models\DamagedEmptyCartridgeDto.cs Models\OutboundBatchDto.cs Models\NonRefillableEmptyDto.cs Models\NonRefillableGroupedDto.cs Models\ClosedEmptyCartridgeDto.cs Models\UnassignedReturnDto.cs Models\UserActivityFilter.cs Models\UserActivityLogDto.cs Models\CartridgeMovementDto.cs Models\CartridgeReturnForRefillDto.cs Models\EmailAddressDto.cs Models\EmailTemplateDto.cs Models\EmployeeEmailDto.cs Models\EmptyCartridgesByVendorDto.cs Models\LookupItem.cs Models\AssetDto.cs Models\BorrowItems\BorrowEmployeeLookup.cs Models\BorrowItems\BorrowItemLookup.cs Models\BorrowItems\BorrowLogPage.cs Models\BorrowItems\BorrowLogRow.cs Models\CallMonitoring\CallDashboardMetrics.cs Models\CallMonitoring\CallEmailSettingsItem.cs Models\CallMonitoring\CallEmailTemplateItem.cs Models\CallMonitoring\CallTicketContactEmailResolution.cs Models\CallMonitoring\CallTicketNotificationData.cs Models\CallMonitoring\CallDepartmentSmtpProfileItem.cs Models\CallMonitoring\CallEmailLogItem.cs Models\CallMonitoring\CallEscalationSettingsItem.cs Models\CallMonitoring\CallIssueTypePoint.cs Models\CallMonitoring\CallNotificationRulesItem.cs Models\CallMonitoring\SmtpSenderConfig.cs Models\CallMonitoring\CallSmtpProfileItem.cs Models\CallMonitoring\CallDepartmentSmtpProfileRow.cs Models\CallMonitoring\CallDepartmentNotificationRecipientItem.cs Models\CallMonitoring\CallBranchSmtpProfileRow.cs Models\CallMonitoring\CallBranchNotificationRecipientItem.cs Models\CallMonitoring\CallTicketEscalationOverrideItem.cs Models\CallMonitoring\CallTicketHistoryItem.cs Models\CallMonitoring\CallTicketListItem.cs Models\CallMonitoring\CallTicketNoteItem.cs Models\CallMonitoring\CallTicketVolumePoint.cs Models\CallMonitoring\CallResolutionReportRow.cs Models\CallMonitoring\CallSlaComplianceReportRow.cs Models\CallMonitoring\CallSolvedSummaryReportRow.cs Models\CallMonitoring\CallEmployeeProfileLookup.cs Models\CallMonitoring\CallEmployeeOrgInfo.cs Models\CallMonitoring\CallEmployeeReplacementItemRow.cs Models\CallMonitoring\CallTechProfileSummary.cs Models\CallMonitoring\CallTechHandledTicketRow.cs Models\CallMonitoring\CallTechOpenTicketRow.cs Models\Inventory.cs Models\InventoryAuditLog.cs Models\InventoryCreateDto.cs Models\ItemAuditTrailDto.cs Models\MovementType.cs Models\DisposedSoldItemDto.cs Models\RenewalDto.cs Models\SetItemRenewalDto.cs Models\ItemCatalogDto.cs Models\RenewalDetailDto.cs Models\ConditionDto.cs Models\ServiceSetModels.cs Models\SetImageDto.cs Models\AuditEntry.cs Models\SystemEmailLogDto.cs Models\SystemSmtpProfileDto.cs Models\UnfulfilledCartridgeExchangeDto.cs Models\VendorBatchAuditTrailDto.cs Models\VendorCartridgeBatchDto.cs Models\RefillTransactionDto.cs Models\RefillEligibilityResult.cs Models\ConsumableCategories.cs Models\ViewModels\BranchViewModel.cs Models\ViewModels\CartridgeModelAvailabilityViewModel.cs Models\ViewModels\CartridgeRequestItemViewModel.cs Models\ViewModels\CartridgeRequestViewModel.cs Models\ViewModels\CompanyViewModel.cs Models\ViewModels\DepartmentViewModel.cs Models\ViewModels\EmployeeViewModel.cs Models\ViewModels\PortalRequestStatusViewModel.cs Models\ViewModels\RequestSubmissionSnapshotViewModel.cs Pages\Admin\Email-Management\EmailLogsPage.cs Pages\CartridgeManagement\CartridgesForRefillPage.cs Pages\Branch\AddBranchDialog.cs Pages\Branch\AddBranchDialog.Designer.cs Pages\Cartridge\DamagedEmptyCartridgesPage.cs Pages\Request-Portal\RequestDetailDialog.cs Pages\Invoice\ViewInvoiceDetailPage.cs Pages\Invoice\ViewInvoiceDetailPage.Designer.cs Pages\Request\ViewRequestsPage.cs Pages\Request\ViewRequestsPage.Designer.cs Pages\Request\EditRequestDialog.cs Pages\Request\EditRequestDialog.Designer.cs Pages\SimpleCropForm.cs Pages\SelectSetDialog.cs Pages\DocumentImagesDialog.cs Pages\ImageViewerDialog.cs Forms\Dashboard\DashboardModels.cs Forms\Dashboard\DashboardService.cs Forms\Dashboard\DashboardView.cs Forms\Reports\ReportDetailsForm.cs Forms\Reports\ReportsForm.cs Forms\Reports\ReportsForm.Designer.cs Repositories\ArchiveRepository.cs Repositories\BaseRepositoryHelper.cs Repositories\BranchRepository.cs Repositories\CartridgeManagementRepository.cs Repositories\SystemSettingRepository.cs Repositories\UserActivityRepository.cs Repositories\HolidayRepository.cs Repositories\CartridgeModelRepository.cs Repositories\ConsumableModelRepository.cs Repositories\PermissionItemRepository.cs Repositories\CartridgeRepository.cs Repositories\CartridgeRefillRepository.cs Repositories\CategoryRepository.cs Repositories\CompanyRepository.cs Repositories\DepartmentRepository.cs Repositories\EmailRepository.cs Repositories\EmployeeRepository.cs Repositories\BorrowItemsRepository.cs Repositories\InventoryRepository.cs Repositories\InvoiceRepository.cs Repositories\InvoiceLicenseReviewRepository.cs Repositories\NonLicensedInvoiceRepository.cs Repositories\ItemRepository.cs Repositories\ItemAuditTrailWriter.cs Repositories\RenewalRepository.cs Repositories\RequestRepository.cs Repositories\RoleRepository.cs Repositories\SearchRepository.cs Repositories\ServiceSetRepository.cs Repositories\CallSchemaGate.cs Repositories\ICallMonitoringRepository.cs Repositories\CallMonitoringRepository.cs Repositories\CallMonitoringRepository.EmailNotifications.cs Repositories\CallMonitoringRepository.SmtpProfiles.cs Repositories\CallMonitoringRepository.Tickets.Core.cs Repositories\CallMonitoringRepository.Tickets.Workflow.cs Repositories\CallMonitoringRepository.Lookups.cs Repositories\CallMonitoringRepository.Reports.DashboardAndTech.cs Repositories\CallMonitoringRepository.Reports.Analytics.cs Repositories\CallMonitoringRepository.Reports.SolvedSummary.cs Repositories\SetRepository.cs Repositories\SetItemUpdateRepository.cs Repositories\ItemMovementAuditRepository.cs Repositories\ItemAuditTrailRepository.cs Repositories\AuditRepository.cs Repositories\ReceiptSetRepository.cs Repositories\ItemRepairHistoryRepository.cs Repositories\ItemLifecycleDecisionRepository.cs Repositories\DisposedSoldReportRepository.cs Repositories\ItemConditionRepository.cs Pages\User\LoginPage.cs Pages\User\LoginPage.Designer.cs Pages\User\MainForm.cs Pages\User\MainForm.Designer.cs Pages\User\RegisterPage.cs Pages\User\RegisterPage.Designer.cs Program.cs Properties\AssemblyInfo.cs Repositories\SetRepositoryEmailHelpers.cs Repositories\UnfulfilledCartridgeExchangeRepository.cs Repositories\VendorRepository.cs Repositories\AssetRepository.cs Security\PermissionResolver.cs Services\ActivityLogger.cs Services\UserActivityInsightsService.cs Services\CartridgeExchangeService.cs Services\CartridgeRefillService.cs Services\EmailReceiptService.cs Services\InventoryService.cs Services\ConsumableStockReconciliationService.cs Services\CallEmailNotificationService.cs Services\ISmtpService.cs Services\PortalNotificationService.cs Services\QRDataService.cs Services\DesktopNotificationPoller.cs Services\WindowsToastService.cs Services\RequesterPortalService.cs Services\SmtpService.cs Services\SystemEmailNotificationService.cs Session\AppSession.cs Session\SessionContext.cs Properties\Resources.Designer.cs Properties\Settings.Designer.cs Wpf\CallMonitoring\WpfThemeResources.cs Pages\Branch\BulkAssignBranchDeptDialog.cs Pages\Employee\EmployeeDialog.xaml.cs Pages\Branch\EditBranchDialog.xaml.cs Pages\BranchAssignment\ViewBranchAssignmentPage.cs Pages\BranchAssignment\AddBranchAssignmentDialog.cs Pages\ApprovalPendingPage.cs Pages\Cartridge\AuthorizationMonitorPage.cs Pages\DisposedSoldReportPage.cs Pages\User\MyAccountPage.cs Pages\Admin\Account-Management\EmployeeManagementPage.cs Pages\Admin\Account-Management\EmployeeManagementPage.Designer.cs Pages\Admin\Account-Management\ResetPasswordDialog.cs Pages\Admin\Account-Management\ResetPasswordDialog.Designer.cs Pages\Admin\Account-Management\RoleManagementPage.cs Pages\Admin\Account-Management\UserAccountManagementPage.cs Pages\Admin\Account-Management\UserAccountManagementPage.Designer.cs Pages\Admin\Reference-Data\BranchAcronymPage.cs Pages\Admin\Reference-Data\DepartmentAcronymPage.cs Pages\Admin\Reference-Data\HolidayManagementPage.cs Pages\Admin\Reference-Data\MasterDataUpdatePage.cs Pages\Admin\Account-Management\DepartmentAccountsPage.cs Pages\Admin\Account-Management\DepartmentAccountsPage.Designer.cs Pages\Admin\Security\PortalAccessPage.cs Pages\Admin\Security\UserPortalAccessPage.cs Pages\Admin\Security\PermissionGridPanel.cs Pages\Admin\Security\CategoryAccessPanel.cs Pages\Admin\Security\PageAccessPanel.cs Pages\Admin\Security\RolePageAccessPanel.cs Pages\Admin\QrImageBackfillPage.cs Pages\Admin\ReceiptBackfillPage.cs Pages\Admin\DBConn\DatabaseSetupForm.cs Pages\Admin\Email-Management\BranchEmailBindingPage.cs Pages\Admin\Email-Management\EmployeeEmailBindingPage.cs Forms\Admin\EmailManagement\SmtpSendSettingsWpfHost.cs Pages\Archive\ArchiveDetailsDialog.cs Pages\Archive\ItemArchiveDetailsDialog.cs Pages\Archive\ItemArchiveDetailsDialog.Designer.cs Pages\Archive\ViewArchivePage.cs Pages\Archive\ViewArchivePage.Designer.cs Pages\Branch\AddBranchPage.cs Pages\Branch\AddBranchPage.Designer.cs Pages\Branch\AddBranchPage_New.cs Pages\Branch\AddBranchPage_New.Designer.cs Pages\Branch\ViewBranchPage.cs Pages\Branch\ViewBranchPage.Designer.cs Pages\BulkAddMasterDataPage.cs Pages\BulkAddMasterDataPagecs.cs Pages\Cartridge\CartridgeReturnDialog.cs Pages\Cartridge\CartridgeReturnDialog.Designer.cs Pages\Cartridge\CreateBatchDialog.cs Pages\Cartridge\EditCartridgeModelDialog.cs Pages\Cartridge\PartiallyFulfilledCartridgePage.cs Pages\Cartridge\UnfulfilledCartridgeExchangesPage.cs Pages\Cartridge\VendorCartridgeRefillPage.cs Pages\Cartridge\VendorCartridgeRefillPage.Designer.cs Pages\Cartridge\ViewBrandNewCartridgesPage.cs Pages\Cartridge\ViewBrandNewCartridgesPage.Designer.cs Pages\Cartridge\ViewCartridgeModelsPage.cs Pages\Cartridge\ViewCartridgeRequestsPage.cs Pages\Cartridge\ViewCartridgeRequestsPage.Designer.cs Pages\Cartridge\ViewCartridgeSetPage.cs Pages\Cartridge\ViewCartridgeSetPage.Designer.cs Pages\Cartridge\ViewCartridgesForRefillPage.cs Pages\Cartridge\ViewCartridgesForRefillPage.Designer.cs Pages\Cartridge\ViewCartridgeTrackingPage.cs Pages\Cartridge\ViewCartridgeTrackingPage.Designer.cs Pages\Cartridge\ViewCartridgesPage.cs Pages\Cartridge\EditBatchDialog.cs Pages\Cartridge\TransferCartridgesDialog.cs Pages\Cartridge\ManualBatchAssignmentDialog.cs Pages\Cartridge\NonRefillableCartridgesPage.cs Pages\Cartridge\DisposedSoldReportFilterDialog.cs Pages\Cartridge\OutboundBatchAssignmentDialog.cs Pages\Cartridge\OutboundBatchesPage.cs Pages\Cartridge\ClosedCartridgesPage.cs Pages\Cartridge\CartridgeFulfillmentNotificationPage.cs Pages\Cartridge\ConfirmReceiverDialog.cs Pages\Category\AddCategoryDialog.cs Pages\Category\EditCategoryDialog.xaml.cs Pages\Category\QuickAddCategoryDialog.cs Pages\Category\QuickAddCategoryDialog.Designer.cs Pages\Category\ViewCategoryPage.cs Pages\Category\ViewCategoryPage.Designer.cs Pages\Company\AddCompanyPage.cs Pages\Company\AddCompanyPage.Designer.cs Pages\Company\ArchiveCompanyDialog.cs Pages\Company\CompanyDialog.xaml.cs Pages\Company\ViewCompanyPage.cs Pages\Company\ViewCompanyPage.Designer.cs Pages\Department\AddDepartmentDialog.cs Pages\Department\AddDepartmentDialog.Designer.cs Pages\Department\AddDepartmentPage.cs Pages\Department\AddDepartmentPage.Designer.cs Pages\Department\AddDepartmentPage_New.cs Pages\Department\AddDepartmentPage_New.Designer.cs Pages\Department\DepartmentDialog.xaml.cs Pages\Department\ViewDepartmentPage.cs Pages\Department\ViewDepartmentPage.Designer.cs Pages\Employee\AddEmployeePage.cs Pages\Employee\AddEmployeePage.Designer.cs Pages\Employee\QuickAddEmployeeDialog.cs Pages\Employee\QuickAddEmployeeDialog.Designer.cs Pages\Employee\ViewEmployeePage.cs Pages\Employee\ViewEmployeePage.Designer.cs Pages\Employee\EmployeeExcelImportPreviewForm.cs Pages\Export\ExportCartridgeDisposedSold.cs Pages\Export\ExportCartridgeDisposedSoldPreviewDialog.cs Pages\Export\ExportInvoice.cs Pages\Export\ExportInvoicePreviewDialog.cs Pages\Export\RenewalGroupViewModel.cs Pages\Export\ExportRenewal.cs Pages\Export\ExportRenewalsGrouped.cs Pages\Export\ExportSets.cs Pages\Export\ExportSetsPreviewDialog.cs Pages\Export\ExportRenewalPreviewDialog.cs Pages\Export\ExportRenewalsGroupedPreviewDialog.cs Pages\Export\ReportPickerPage.cs Pages\Export\CombinedReportPreviewDialog.cs Pages\Export\CombinedReportSettingsDialog.cs Pages\Export\CombinedRdlcPreviewWindow.cs Pages\Asset\AddEditAssetDialog.cs Pages\Asset\ViewAssetPage.cs Pages\Fixed-Asset\ViewFixedAssetsPage.cs Pages\Fixed-Asset\ViewFixedAssetsPage.Designer.cs Pages\Inventory\AddInventoryDialog.cs Pages\Inventory\AddInventoryDialog.Designer.cs Pages\Inventory\EditInventoryDialog.cs Pages\Inventory\EditInventoryDialog.Designer.cs Pages\Inventory\ViewInventoryPage.cs Pages\Inventory\ViewInventoryPage.Designer.cs Pages\Invoice\InvoiceImportDialog.cs Pages\Invoice\InvoiceImportDialog.Designer.cs Pages\Invoice\AddInvoiceItemDialog.cs Pages\Invoice\BatchAddInvoiceItemsDialog.cs Pages\Invoice\BulkAddItemsDialog.cs Pages\Invoice\PickOrCreateInvoiceDialog.cs Pages\Invoice\QuickCreateInvoicePage.cs Pages\Invoice\DeleteInvoiceLineDialog.cs Pages\Invoice\DeleteInvoicesDialog.cs Pages\Invoice\InvoiceSheetForm.cs Pages\Invoice\ViewInvoiceReportPage.cs Pages\Invoice\ViewInvoiceLicenseReviewPage.cs Pages\Invoice\ViewNonLicensedInvoicesPage.cs Pages\Item-Audit\ItemMovementAuditDetailsWindow.cs Pages\Item-Audit\ItemMovementAuditInsightsDialog.cs Pages\Item-Audit\ViewItemMovementAuditPage.cs Pages\Item-Audit\ViewItemMovementAuditPage.Designer.cs Pages\Item\AddItemPage.cs Pages\Item\AddItemPage.Designer.cs Pages\Item\BatchAddItemDialog.xaml.cs Pages\Item\BatchAddItemDialog.Designer.cs Pages\Item\CartridgeCsvImportDialog.xaml.cs Pages\Item\InvoiceCsvImportDialog.xaml.cs Pages\Item\CategoryFixDialog.cs Pages\Item\MobileSerialsPreviewDialog.cs Pages\Item\EditItemDialog.xaml.cs Pages\Item\ItemSelectionManager.cs Pages\Item\IncludeExcludedCellphonesDialog.cs Pages\Item\BulkCellphoneNumberUpdateDialog.cs Pages\Item\UpdateCellphoneDetailsDialog.cs Pages\Item\ViewItemsPage.cs Pages\Item\ViewItemsPage.Designer.cs Pages\Item\ViewRepairedItemsPage.cs Pages\Item\RepairedItemRow.cs Pages\Item\MarkActionDialog.cs Pages\Item\SellDisposeDialog.cs Pages\Item\RepairHistoryDialog.cs Pages\MarkAsProcessedDialog.cs Pages\Receipt\AttachReceiptSetDialog.cs Pages\Receipt\CopyLocalReceiptToDbDialog.cs Pages\Receipt\ReceiptSetViewerDialog.cs Pages\Receipt\ViewReceiptsPage.cs Pages\Renewal\AddRenewalDialog.cs Pages\Renewal\RenewalReportFilterDialog.cs Pages\Renewal\RenewalReportOptionsDialog.cs Pages\Renewal\SetItemRenewalDialog.cs Pages\Renewal\ViewRenewalDetailPage.cs Pages\Renewal\ViewRenewalDetailPage.Designer.cs Pages\Renewal\ViewRenewalPage.cs Pages\Renewal\ViewRenewalPage.Designer.cs Pages\Renewal\ViewRenewalGroupPage.cs Pages\Renewal\ViewRenewalGroupPage.Designer.cs Pages\Request-Portal\AuthorizationHistoryPage.cs Pages\Request-Portal\AuthorizationDetailDialog.cs Pages\Request-Portal\NotificationDropdownForm.cs Pages\Request-Portal\RequesterPortalForm.cs Pages\Request\AddRequestPage.cs Pages\Request\AddRequestPage.Designer.cs Pages\Request\BatchAddRequestDialog.Designer.cs Pages\Set\AddRequestsToSetDialog.cs Pages\Set\AddSetPage.cs Pages\Set\AddSetPage.Designer.cs Pages\Set\SetItemUpdateDetailsDialog.cs Pages\Set\ViewSetDetailPage.cs Pages\Set\ViewSetDetailPage.Designer.cs Pages\Set\ViewSetDetailPage.xaml.cs Pages\Set\ViewSetPage.cs Pages\Set\ViewSetPage.Designer.cs Pages\Software\SelectedItemsReviewDialog.cs Pages\Software\SoftwareItemPickerDialog.cs Pages\Software\SoftwareServiceSetDialog.cs Pages\Software\SoftwareServiceSetDialog.Designer.cs Pages\Update\ViewUpdatesPage.cs Pages\User\ChangePasswordDialog.cs Pages\User\ChangePasswordDialog.Designer.cs Pages\Vendor\AddVendorDialog.cs Pages\Vendor\EditVendorDialog.xaml.cs Pages\Vendor\QuickAddVendorDialog.cs Pages\Vendor\QuickAddVendorDialog.Designer.cs Pages\Vendor\ViewVendorsPage.cs Pages\Warranty\ViewWarrantyPage.cs Pages\ReportViewerForm.cs Pages\ReportViewerForm.Designer.cs Forms\CallMonitoring\SmtpTestDialog.cs Wpf\CallMonitoring\WpfCallMonitoringDiagnosticsWorkspace.cs Forms\CallMonitoring\Hybrid\WpfDiagnosticsHostControl.cs Dialogs\AddInventoryDialog.cs Dialogs\AddInventoryDialog.Designer.cs Dialogs\EditInventoryDialog.cs Dialogs\EditInventoryDialog.Designer.cs Forms\CallMonitoring\CallMonitoringDiagnosticsForm.cs Helpers\ApplicationIcon.cs Models\EmptyCartridgeDto.cs Pages\RoleManagementPage_New.cs Pages\Cartridge\ReceiveRefilledCartridgesPage.cs Pages\Cartridge\ReceiveRefilledCartridgesPage.Designer.cs Pages\Invoice\ViewInvoicePage.cs Pages\Invoice\ViewInvoicePage.Designer.cs Pages\Item\AddItemDialog.cs Pages\Item\AddItemDialog.Designer.cs Pages\Request\BatchAddRequestDialog.xaml.cs Pages\Set\SelectRequestForSetDialog.cs C:\Users\russel.mercado\source\repos\Yakult-System-for-Merging\Yakult.Inventory.App\obj\BulkCellphoneValidation\WPF\CartridgeManagement\Views\CartridgeManagementView.g.cs C:\Users\russel.mercado\source\repos\Yakult-System-for-Merging\Yakult.Inventory.App\obj\BulkCellphoneValidation\WPF\CartridgeManagement\Dialogs\AssignReturnsDialog.g.cs C:\Users\russel.mercado\source\repos\Yakult-System-for-Merging\Yakult.Inventory.App\obj\BulkCellphoneValidation\Wpf\Admin\AccountManagement\Views\EmployeeManagementView.g.cs C:\Users\russel.mercado\source\repos\Yakult-System-for-Merging\Yakult.Inventory.App\obj\BulkCellphoneValidation\Wpf\Admin\AccountManagement\Views\UserAccountManagementView.g.cs C:\Users\russel.mercado\source\repos\Yakult-System-for-Merging\Yakult.Inventory.App\obj\BulkCellphoneValidation\Wpf\Admin\UserPositions\Views\UserPositionsView.g.cs C:\Users\russel.mercado\source\repos\Yakult-System-for-Merging\Yakult.Inventory.App\obj\BulkCellphoneValidation\Wpf\Admin\UserActivity\Views\UserActivityView.g.cs C:\Users\russel.mercado\source\repos\Yakult-System-for-Merging\Yakult.Inventory.App\obj\BulkCellphoneValidation\Wpf\Admin\AccountManagement\Views\ApproverManagementView.g.cs C:\Users\russel.mercado\source\repos\Yakult-System-for-Merging\Yakult.Inventory.App\obj\BulkCellphoneValidation\Wpf\Admin\UserActivityInsights\Views\UserActivityInsightsView.g.cs C:\Users\russel.mercado\source\repos\Yakult-System-for-Merging\Yakult.Inventory.App\obj\BulkCellphoneValidation\Wpf\Admin\EmailManagement\Views\EmailAddressesTabView.g.cs C:\Users\russel.mercado\source\repos\Yakult-System-for-Merging\Yakult.Inventory.App\obj\BulkCellphoneValidation\Wpf\Admin\EmailManagement\Views\SmtpProfilesTabView.g.cs C:\Users\russel.mercado\source\repos\Yakult-System-for-Merging\Yakult.Inventory.App\obj\BulkCellphoneValidation\Wpf\Admin\EmailManagement\Views\EmailTemplatesTabView.g.cs C:\Users\russel.mercado\source\repos\Yakult-System-for-Merging\Yakult.Inventory.App\obj\BulkCellphoneValidation\Wpf\Admin\EmailManagement\Views\EmailConfigurationWindow.g.cs C:\Users\russel.mercado\source\repos\Yakult-System-for-Merging\Yakult.Inventory.App\obj\BulkCellphoneValidation\Wpf\Admin\EmailManagement\Views\SmtpSendSettingsView.g.cs C:\Users\russel.mercado\source\repos\Yakult-System-for-Merging\Yakult.Inventory.App\obj\BulkCellphoneValidation\Wpf\Admin\EmailManagement\Views\ApplyProfileToTemplatesDialog.g.cs C:\Users\russel.mercado\source\repos\Yakult-System-for-Merging\Yakult.Inventory.App\obj\BulkCellphoneValidation\Wpf\Admin\EmailManagement\Views\TurnOffTemplatesDialog.g.cs C:\Users\russel.mercado\source\repos\Yakult-System-for-Merging\Yakult.Inventory.App\obj\BulkCellphoneValidation\Wpf\Admin\AccountManagement\Views\DepartmentAccountsView.g.cs C:\Users\russel.mercado\source\repos\Yakult-System-for-Merging\Yakult.Inventory.App\obj\BulkCellphoneValidation\Wpf\Admin\AccountManagement\Dialogs\CreateDeptAccountWindow.g.cs C:\Users\russel.mercado\source\repos\Yakult-System-for-Merging\Yakult.Inventory.App\obj\BulkCellphoneValidation\Wpf\Admin\AccountManagement\Dialogs\ChangeDeptPasswordWindow.g.cs C:\Users\russel.mercado\source\repos\Yakult-System-for-Merging\Yakult.Inventory.App\obj\BulkCellphoneValidation\Wpf\Admin\AccountManagement\Dialogs\VerifyAdminPasswordWindow.g.cs C:\Users\russel.mercado\source\repos\Yakult-System-for-Merging\Yakult.Inventory.App\obj\BulkCellphoneValidation\Wpf\Admin\AccountManagement\Dialogs\ShowDeptPasswordWindow.g.cs C:\Users\russel.mercado\source\repos\Yakult-System-for-Merging\Yakult.Inventory.App\obj\BulkCellphoneValidation\Wpf\Admin\AccountManagement\Dialogs\EditDeptAccountWindow.g.cs C:\Users\russel.mercado\source\repos\Yakult-System-for-Merging\Yakult.Inventory.App\obj\BulkCellphoneValidation\Wpf\Admin\AccountManagement\Dialogs\ColumnFilterWindow.g.cs C:\Users\russel.mercado\source\repos\Yakult-System-for-Merging\Yakult.Inventory.App\obj\BulkCellphoneValidation\Wpf\Admin\AccountManagement\Dialogs\EmployeeImportPreviewWindow.g.cs C:\Users\russel.mercado\source\repos\Yakult-System-for-Merging\Yakult.Inventory.App\obj\BulkCellphoneValidation\Wpf\Admin\AccountManagement\Dialogs\EmployeeImportSummaryWindow.g.cs C:\Users\russel.mercado\source\repos\Yakult-System-for-Merging\Yakult.Inventory.App\obj\BulkCellphoneValidation\Wpf\Admin\AccountManagement\Dialogs\SelectedEmployeesReviewDialog.g.cs C:\Users\russel.mercado\source\repos\Yakult-System-for-Merging\Yakult.Inventory.App\obj\BulkCellphoneValidation\Wpf\Admin\AccountManagement\Dialogs\ExportFilterDialog.g.cs C:\Users\russel.mercado\source\repos\Yakult-System-for-Merging\Yakult.Inventory.App\obj\BulkCellphoneValidation\Wpf\Admin\AccountManagement\Dialogs\ExportPreviewWindow.g.cs C:\Users\russel.mercado\source\repos\Yakult-System-for-Merging\Yakult.Inventory.App\obj\BulkCellphoneValidation\WPF\CartridgeManagement\Views\ClosedCartridgesView.g.cs C:\Users\russel.mercado\source\repos\Yakult-System-for-Merging\Yakult.Inventory.App\obj\BulkCellphoneValidation\Wpf\CartridgeManagement\Views\FulfilledCartridgesView.g.cs C:\Users\russel.mercado\source\repos\Yakult-System-for-Merging\Yakult.Inventory.App\obj\BulkCellphoneValidation\Wpf\CartridgeManagement\Views\ViewCartridgesView.g.cs C:\Users\russel.mercado\source\repos\Yakult-System-for-Merging\Yakult.Inventory.App\obj\BulkCellphoneValidation\Wpf\CartridgeManagement\Views\ViewCartridgeModelsView.g.cs C:\Users\russel.mercado\source\repos\Yakult-System-for-Merging\Yakult.Inventory.App\obj\BulkCellphoneValidation\Wpf\CartridgeManagement\Views\EditCartridgeModelWindow.g.cs C:\Users\russel.mercado\source\repos\Yakult-System-for-Merging\Yakult.Inventory.App\obj\BulkCellphoneValidation\Wpf\CartridgeManagement\Views\AuthorizationMonitorView.g.cs C:\Users\russel.mercado\source\repos\Yakult-System-for-Merging\Yakult.Inventory.App\obj\BulkCellphoneValidation\Wpf\CartridgeManagement\Views\ViewCartridgeSetsView.g.cs C:\Users\russel.mercado\source\repos\Yakult-System-for-Merging\Yakult.Inventory.App\obj\BulkCellphoneValidation\Wpf\CartridgeManagement\Views\CartridgeTrackingView.g.cs C:\Users\russel.mercado\source\repos\Yakult-System-for-Merging\Yakult.Inventory.App\obj\BulkCellphoneValidation\WPF\CartridgeManagement\Views\DamagedEmptyCartridgesView.g.cs C:\Users\russel.mercado\source\repos\Yakult-System-for-Merging\Yakult.Inventory.App\obj\BulkCellphoneValidation\WPF\CartridgeManagement\Views\VendorCartridgeRefillView.g.cs C:\Users\russel.mercado\source\repos\Yakult-System-for-Merging\Yakult.Inventory.App\obj\BulkCellphoneValidation\WPF\CartridgeManagement\Dialogs\CreateBatchDialog.g.cs C:\Users\russel.mercado\source\repos\Yakult-System-for-Merging\Yakult.Inventory.App\obj\BulkCellphoneValidation\WPF\CartridgeManagement\Dialogs\EditBatchWindow.g.cs C:\Users\russel.mercado\source\repos\Yakult-System-for-Merging\Yakult.Inventory.App\obj\BulkCellphoneValidation\Wpf\Receipt\ReceiptSetViewerWindow.g.cs C:\Users\russel.mercado\source\repos\Yakult-System-for-Merging\Yakult.Inventory.App\obj\BulkCellphoneValidation\Wpf\Set\BulkAddFiles\BulkAddFilesWindow.g.cs C:\Users\russel.mercado\source\repos\Yakult-System-for-Merging\Yakult.Inventory.App\obj\BulkCellphoneValidation\Wpf\Receipt\ReceiptSetsView.g.cs C:\Users\russel.mercado\source\repos\Yakult-System-for-Merging\Yakult.Inventory.App\obj\BulkCellphoneValidation\WPF\CartridgeManagement\Dialogs\OutboundBatchAssignmentWpfDialog.g.cs C:\Users\russel.mercado\source\repos\Yakult-System-for-Merging\Yakult.Inventory.App\obj\BulkCellphoneValidation\WPF\CartridgeManagement\Dialogs\TransferBatchDialog.g.cs C:\Users\russel.mercado\source\repos\Yakult-System-for-Merging\Yakult.Inventory.App\obj\BulkCellphoneValidation\WPF\CartridgeManagement\Dialogs\TransferCartridgesWpfDialog.g.cs C:\Users\russel.mercado\source\repos\Yakult-System-for-Merging\Yakult.Inventory.App\obj\BulkCellphoneValidation\Wpf\CartridgeManagement\Views\PartiallyFulfilledView.g.cs C:\Users\russel.mercado\source\repos\Yakult-System-for-Merging\Yakult.Inventory.App\obj\BulkCellphoneValidation\Wpf\CartridgeManagement\Views\UnfulfilledExchangesView.g.cs C:\Users\russel.mercado\source\repos\Yakult-System-for-Merging\Yakult.Inventory.App\obj\BulkCellphoneValidation\Wpf\CartridgeManagement\Views\FulfillExchangeDialog.g.cs C:\Users\russel.mercado\source\repos\Yakult-System-for-Merging\Yakult.Inventory.App\obj\BulkCellphoneValidation\Wpf\RequestManagement\Views\PartiallyFulfilledRequestsView.g.cs C:\Users\russel.mercado\source\repos\Yakult-System-for-Merging\Yakult.Inventory.App\obj\BulkCellphoneValidation\Wpf\RequestManagement\Views\UnfulfilledRequestsView.g.cs C:\Users\russel.mercado\source\repos\Yakult-System-for-Merging\Yakult.Inventory.App\obj\BulkCellphoneValidation\Wpf\RequestManagement\Views\FulfillRequestDialog.g.cs C:\Users\russel.mercado\source\repos\Yakult-System-for-Merging\Yakult.Inventory.App\obj\BulkCellphoneValidation\Wpf\ConsumableManagement\Views\ViewConsumableModelsView.g.cs C:\Users\russel.mercado\source\repos\Yakult-System-for-Merging\Yakult.Inventory.App\obj\BulkCellphoneValidation\Wpf\ConsumableManagement\Views\EditConsumableModelWindow.g.cs C:\Users\russel.mercado\source\repos\Yakult-System-for-Merging\Yakult.Inventory.App\obj\BulkCellphoneValidation\Wpf\CartridgeManagement\Views\CartridgeTransmittalPrintView.g.cs C:\Users\russel.mercado\source\repos\Yakult-System-for-Merging\Yakult.Inventory.App\obj\BulkCellphoneValidation\Wpf\CartridgeManagement\Views\CartridgeTransmittalPrintPage.g.cs C:\Users\russel.mercado\source\repos\Yakult-System-for-Merging\Yakult.Inventory.App\obj\BulkCellphoneValidation\Wpf\CartridgeManagement\Dialogs\PrintTransmittalDialog.g.cs C:\Users\russel.mercado\source\repos\Yakult-System-for-Merging\Yakult.Inventory.App\obj\BulkCellphoneValidation\Wpf\CartridgeManagement\Dialogs\PrepareTransmittalDialog.g.cs C:\Users\russel.mercado\source\repos\Yakult-System-for-Merging\Yakult.Inventory.App\obj\BulkCellphoneValidation\Wpf\CartridgeManagement\Dialogs\FulfilledCartridgeDetailDialog.g.cs C:\Users\russel.mercado\source\repos\Yakult-System-for-Merging\Yakult.Inventory.App\obj\BulkCellphoneValidation\Wpf\CartridgeManagement\Views\NonRefillableEmptyCartridgesView.g.cs C:\Users\russel.mercado\source\repos\Yakult-System-for-Merging\Yakult.Inventory.App\obj\BulkCellphoneValidation\Wpf\CartridgeManagement\Views\OutboundBatchesView.g.cs C:\Users\russel.mercado\source\repos\Yakult-System-for-Merging\Yakult.Inventory.App\obj\BulkCellphoneValidation\Wpf\NotificationCenter\Controls\NotificationCardControl.g.cs C:\Users\russel.mercado\source\repos\Yakult-System-for-Merging\Yakult.Inventory.App\obj\BulkCellphoneValidation\Wpf\NotificationCenter\Views\NotificationCenterView.g.cs C:\Users\russel.mercado\source\repos\Yakult-System-for-Merging\Yakult.Inventory.App\obj\BulkCellphoneValidation\Wpf\Archive\Views\ArchivePageView.g.cs C:\Users\russel.mercado\source\repos\Yakult-System-for-Merging\Yakult.Inventory.App\obj\BulkCellphoneValidation\Wpf\Items\Views\ItemsPageView.g.cs C:\Users\russel.mercado\source\repos\Yakult-System-for-Merging\Yakult.Inventory.App\obj\BulkCellphoneValidation\Wpf\Shared\Views\InputPromptWindow.g.cs C:\Users\russel.mercado\source\repos\Yakult-System-for-Merging\Yakult.Inventory.App\obj\BulkCellphoneValidation\Wpf\Shared\Views\DocumentDateOverflowWindow.g.cs C:\Users\russel.mercado\source\repos\Yakult-System-for-Merging\Yakult.Inventory.App\obj\BulkCellphoneValidation\Wpf\Shared\Controls\PagingControl.g.cs C:\Users\russel.mercado\source\repos\Yakult-System-for-Merging\Yakult.Inventory.App\obj\BulkCellphoneValidation\Wpf\Shared\Controls\SelectedCountBadge.g.cs C:\Users\russel.mercado\source\repos\Yakult-System-for-Merging\Yakult.Inventory.App\obj\BulkCellphoneValidation\Wpf\Shared\Controls\SelectedRowsReviewDialog.g.cs C:\Users\russel.mercado\source\repos\Yakult-System-for-Merging\Yakult.Inventory.App\obj\BulkCellphoneValidation\Wpf\FixedAssets\Views\FixedAssetsPageView.g.cs C:\Users\russel.mercado\source\repos\Yakult-System-for-Merging\Yakult.Inventory.App\obj\BulkCellphoneValidation\Wpf\Warranty\Views\WarrantyPageView.g.cs C:\Users\russel.mercado\source\repos\Yakult-System-for-Merging\Yakult.Inventory.App\obj\BulkCellphoneValidation\Wpf\Update\Views\UpdatesPageView.g.cs C:\Users\russel.mercado\source\repos\Yakult-System-for-Merging\Yakult.Inventory.App\obj\BulkCellphoneValidation\Wpf\Asset\Views\AssetPageView.g.cs C:\Users\russel.mercado\source\repos\Yakult-System-for-Merging\Yakult.Inventory.App\obj\BulkCellphoneValidation\Wpf\Vendor\Views\VendorPageView.g.cs C:\Users\russel.mercado\source\repos\Yakult-System-for-Merging\Yakult.Inventory.App\obj\BulkCellphoneValidation\Wpf\Category\Views\CategoryPageView.g.cs C:\Users\russel.mercado\source\repos\Yakult-System-for-Merging\Yakult.Inventory.App\obj\BulkCellphoneValidation\Wpf\Branch\Views\BranchPageView.g.cs C:\Users\russel.mercado\source\repos\Yakult-System-for-Merging\Yakult.Inventory.App\obj\BulkCellphoneValidation\Wpf\Department\Views\DepartmentPageView.g.cs C:\Users\russel.mercado\source\repos\Yakult-System-for-Merging\Yakult.Inventory.App\obj\BulkCellphoneValidation\Wpf\Company\Views\CompanyPageView.g.cs C:\Users\russel.mercado\source\repos\Yakult-System-for-Merging\Yakult.Inventory.App\obj\BulkCellphoneValidation\Wpf\Employee\Views\EmployeePageView.g.cs C:\Users\russel.mercado\source\repos\Yakult-System-for-Merging\Yakult.Inventory.App\obj\BulkCellphoneValidation\Wpf\Export\Invoice\Views\InvoiceExportView.g.cs C:\Users\russel.mercado\source\repos\Yakult-System-for-Merging\Yakult.Inventory.App\obj\BulkCellphoneValidation\Wpf\Export\Renewal\Views\RenewalExportView.g.cs C:\Users\russel.mercado\source\repos\Yakult-System-for-Merging\Yakult.Inventory.App\obj\BulkCellphoneValidation\Wpf\Export\Sets\Views\SetsExportView.g.cs C:\Users\russel.mercado\source\repos\Yakult-System-for-Merging\Yakult.Inventory.App\obj\BulkCellphoneValidation\Wpf\Export\RenewalsGrouped\Views\RenewalsGroupedExportView.g.cs C:\Users\russel.mercado\source\repos\Yakult-System-for-Merging\Yakult.Inventory.App\obj\BulkCellphoneValidation\Wpf\Invoice\Views\InvoicePageView.g.cs C:\Users\russel.mercado\source\repos\Yakult-System-for-Merging\Yakult.Inventory.App\obj\BulkCellphoneValidation\Wpf\Invoice\Views\InvoiceLicenseReviewView.g.cs C:\Users\russel.mercado\source\repos\Yakult-System-for-Merging\Yakult.Inventory.App\obj\BulkCellphoneValidation\Wpf\Invoice\Views\NonLicensedInvoiceView.g.cs C:\Users\russel.mercado\source\repos\Yakult-System-for-Merging\Yakult.Inventory.App\obj\BulkCellphoneValidation\Wpf\Request\Views\RequestPageView.g.cs C:\Users\russel.mercado\source\repos\Yakult-System-for-Merging\Yakult.Inventory.App\obj\BulkCellphoneValidation\Wpf\Set\Views\SetPageView.g.cs C:\Users\russel.mercado\source\repos\Yakult-System-for-Merging\Yakult.Inventory.App\obj\BulkCellphoneValidation\Wpf\Set\RequisitionForm\Views\RequisitionFormPrintView.g.cs C:\Users\russel.mercado\source\repos\Yakult-System-for-Merging\Yakult.Inventory.App\obj\BulkCellphoneValidation\Wpf\Set\RequisitionForm\Dialogs\PrepareRequisitionDialog.g.cs C:\Users\russel.mercado\source\repos\Yakult-System-for-Merging\Yakult.Inventory.App\obj\BulkCellphoneValidation\Wpf\Set\RequisitionForm\Dialogs\PrintRequisitionDialog.g.cs C:\Users\russel.mercado\source\repos\Yakult-System-for-Merging\Yakult.Inventory.App\obj\BulkCellphoneValidation\Wpf\Renewal\ViewRenewals\Views\RenewalPageView.g.cs C:\Users\russel.mercado\source\repos\Yakult-System-for-Merging\Yakult.Inventory.App\obj\BulkCellphoneValidation\Wpf\Renewal\RenewalGroups\Views\RenewalGroupPageView.g.cs C:\Users\russel.mercado\source\repos\Yakult-System-for-Merging\Yakult.Inventory.App\obj\BulkCellphoneValidation\Wpf\Renewal\RenewalGroups\Views\RenewalHistoryWindow.g.cs C:\Users\russel.mercado\source\repos\Yakult-System-for-Merging\Yakult.Inventory.App\obj\BulkCellphoneValidation\Wpf\Inventory\Views\InventoryPageView.g.cs C:\Users\russel.mercado\source\repos\Yakult-System-for-Merging\Yakult.Inventory.App\obj\BulkCellphoneValidation\Wpf\RepairedItems\Views\RepairedItemsPageView.g.cs C:\Users\russel.mercado\source\repos\Yakult-System-for-Merging\Yakult.Inventory.App\obj\BulkCellphoneValidation\Wpf\ItemMovementAudit\Views\ItemMovementAuditPageView.g.cs C:\Users\russel.mercado\source\repos\Yakult-System-for-Merging\Yakult.Inventory.App\obj\BulkCellphoneValidation\Wpf\Search\Views\SearchView.g.cs C:\Users\russel.mercado\source\repos\Yakult-System-for-Merging\Yakult.Inventory.App\obj\BulkCellphoneValidation\Pages\Item\BatchAddItemDialog.g.cs C:\Users\russel.mercado\source\repos\Yakult-System-for-Merging\Yakult.Inventory.App\obj\BulkCellphoneValidation\Pages\Item\EditItemDialog.g.cs C:\Users\russel.mercado\source\repos\Yakult-System-for-Merging\Yakult.Inventory.App\obj\BulkCellphoneValidation\Pages\Category\EditCategoryDialog.g.cs C:\Users\russel.mercado\source\repos\Yakult-System-for-Merging\Yakult.Inventory.App\obj\BulkCellphoneValidation\Pages\Employee\EmployeeDialog.g.cs C:\Users\russel.mercado\source\repos\Yakult-System-for-Merging\Yakult.Inventory.App\obj\BulkCellphoneValidation\Pages\Branch\EditBranchDialog.g.cs C:\Users\russel.mercado\source\repos\Yakult-System-for-Merging\Yakult.Inventory.App\obj\BulkCellphoneValidation\Pages\Vendor\EditVendorDialog.g.cs C:\Users\russel.mercado\source\repos\Yakult-System-for-Merging\Yakult.Inventory.App\obj\BulkCellphoneValidation\Pages\Company\CompanyDialog.g.cs C:\Users\russel.mercado\source\repos\Yakult-System-for-Merging\Yakult.Inventory.App\obj\BulkCellphoneValidation\Pages\Department\DepartmentDialog.g.cs C:\Users\russel.mercado\source\repos\Yakult-System-for-Merging\Yakult.Inventory.App\obj\BulkCellphoneValidation\Pages\Item\CartridgeCsvImportDialog.g.cs C:\Users\russel.mercado\source\repos\Yakult-System-for-Merging\Yakult.Inventory.App\obj\BulkCellphoneValidation\Pages\Item\InvoiceCsvImportDialog.g.cs C:\Users\russel.mercado\source\repos\Yakult-System-for-Merging\Yakult.Inventory.App\obj\BulkCellphoneValidation\Wpf\RequestPortal\NewRequest\Views\NewRequestView.g.cs C:\Users\russel.mercado\source\repos\Yakult-System-for-Merging\Yakult.Inventory.App\obj\BulkCellphoneValidation\Wpf\Portal\ConsumableManagementPortalShell.g.cs C:\Users\russel.mercado\source\repos\Yakult-System-for-Merging\Yakult.Inventory.App\obj\BulkCellphoneValidation\Wpf\RequestSetSearch\Views\RequestSetSearchView.g.cs C:\Users\russel.mercado\source\repos\Yakult-System-for-Merging\Yakult.Inventory.App\obj\BulkCellphoneValidation\Wpf\RequestPortal\AssistedRequest\Views\AssistedRequestView.g.cs C:\Users\russel.mercado\source\repos\Yakult-System-for-Merging\Yakult.Inventory.App\obj\BulkCellphoneValidation\Wpf\RequestPortal\RequestHistory\Views\RequestHistoryView.g.cs C:\Users\russel.mercado\source\repos\Yakult-System-for-Merging\Yakult.Inventory.App\obj\BulkCellphoneValidation\Wpf\Notifications\NotificationSettingsWindow.g.cs C:\Users\russel.mercado\source\repos\Yakult-System-for-Merging\Yakult.Inventory.App\obj\BulkCellphoneValidation\Wpf\RequestPortal\NotificationBellControl.g.cs C:\Users\russel.mercado\source\repos\Yakult-System-for-Merging\Yakult.Inventory.App\obj\BulkCellphoneValidation\Wpf\RequestPortal\AuthorizationHistory\Views\AuthorizationHistoryView.g.cs C:\Users\russel.mercado\source\repos\Yakult-System-for-Merging\Yakult.Inventory.App\obj\BulkCellphoneValidation\Wpf\RequestPortal\AuthorizeRequest\Views\AuthorizeRequestView.g.cs C:\Users\russel.mercado\source\repos\Yakult-System-for-Merging\Yakult.Inventory.App\obj\BulkCellphoneValidation\Wpf\RequestPortal\WalkThrough\WpfPortalTourWindow.g.cs C:\Users\russel.mercado\source\repos\Yakult-System-for-Merging\Yakult.Inventory.App\obj\BulkCellphoneValidation\Wpf\Renewal\LinkRenewal\Views\LinkRenewalWindow.g.cs C:\Users\russel.mercado\source\repos\Yakult-System-for-Merging\Yakult.Inventory.App\obj\BulkCellphoneValidation\Wpf\Renewal\RenewItems\Views\RenewItemsWindow.g.cs C:\Users\russel.mercado\source\repos\Yakult-System-for-Merging\Yakult.Inventory.App\obj\BulkCellphoneValidation\Wpf\Renewal\RenewalDetail\Views\RenewalDetailWindow.g.cs C:\Users\russel.mercado\source\repos\Yakult-System-for-Merging\Yakult.Inventory.App\obj\BulkCellphoneValidation\Wpf\Renewal\RenewalWorkspace\Views\RenewalWorkspaceWindow.g.cs C:\Users\russel.mercado\source\repos\Yakult-System-for-Merging\Yakult.Inventory.App\obj\BulkCellphoneValidation\Wpf\Renewal\ChainReceipts\Views\ChainReceiptsWindow.g.cs C:\Users\russel.mercado\source\repos\Yakult-System-for-Merging\Yakult.Inventory.App\obj\BulkCellphoneValidation\Wpf\SendNotifications\Views\SendNotificationsView.g.cs C:\Users\russel.mercado\source\repos\Yakult-System-for-Merging\Yakult.Inventory.App\obj\BulkCellphoneValidation\Wpf\Archive\Views\ArchiveDetailsWindow.g.cs C:\Users\russel.mercado\source\repos\Yakult-System-for-Merging\Yakult.Inventory.App\obj\BulkCellphoneValidation\Pages\Set\ViewSetDetailPage.g.cs C:\Users\russel.mercado\source\repos\Yakult-System-for-Merging\Yakult.Inventory.App\obj\BulkCellphoneValidation\Pages\Request\BatchAddRequestDialog.g.cs C:\Users\russel.mercado\source\repos\Yakult-System-for-Merging\Yakult.Inventory.App\obj\BulkCellphoneValidation\Pages\Set\SelectRequestForSetDialog.g.cs C:\Users\russel.mercado\source\repos\Yakult-System-for-Merging\Yakult.Inventory.App\obj\BulkCellphoneValidation\Pages\Software\SelectedItemsReviewDialog.g.cs C:\Users\russel.mercado\source\repos\Yakult-System-for-Merging\Yakult.Inventory.App\obj\BulkCellphoneValidation\Pages\Software\SoftwareItemPickerDialog.g.cs C:\Users\russel.mercado\source\repos\Yakult-System-for-Merging\Yakult.Inventory.App\obj\BulkCellphoneValidation\Pages\Software\SoftwareServiceSetDialog.g.cs C:\Users\russel.mercado\source\repos\Yakult-System-for-Merging\Yakult.Inventory.App\obj\BulkCellphoneValidation\Yakult.Inventory.App_Content.g.cs C:\Users\russel.mercado\source\repos\Yakult-System-for-Merging\Yakult.Inventory.App\obj\BulkCellphoneValidation\GeneratedInternalTypeHelper.g.cs "obj\BulkCellphoneValidation\.NETFramework,Version=v4.8.AssemblyAttributes.cs"
  Compilation request Yakult.Inventory.App, PathToTool=C:\Program Files\Microsoft Visual Studio\18\Community\MSBuild\Current\Bin\Roslyn\csc.exe
  CommandLine = ' /noconfig'
  BuildResponseFile = '/nowarn:1701,1702 /fullpaths /nostdlib+ /platform:x86 /errorreport:prompt /warn:4 /define:DEBUG;TRACE /highentropyva+ /reference:C:\Users\russel.mercado\source\repos\Yakult-System-for-Merging\Yakult.Inventory.App\packages\Azure.Core.1.47.1\lib\net472\Azure.Core.dll /reference:C:\Users\russel.mercado\source\repos\Yakult-System-for-Merging\Yakult.Inventory.App\packages\Azure.Identity.1.14.2\lib\netstandard2.0\Azure.Identity.dll /reference:C:\Users\russel.mercado\source\repos\Yakult-System-for-Merging\Yakult.Inventory.App\packages\ClosedXML.0.97.0\lib\netstandard2.0\ClosedXML.dll /reference:C:\Users\russel.mercado\source\repos\Yakult-System-for-Merging\Yakult.Inventory.App\packages\Dapper.2.1.66\lib\net461\Dapper.dll /reference:C:\Users\russel.mercado\source\repos\Yakult-System-for-Merging\Yakult.Inventory.App\packages\DocumentFormat.OpenXml.2.16.0\lib\net46\DocumentFormat.OpenXml.dll /reference:C:\Users\russel.mercado\source\repos\Yakult-System-for-Merging\Yakult.Inventory.App\packages\ExcelDataReader.DataSet.3.6.0\lib\netstandard2.0\ExcelDataReader.DataSet.dll /reference:C:\Users\russel.mercado\source\repos\Yakult-System-for-Merging\Yakult.Inventory.App\packages\ExcelDataReader.3.6.0\lib\net45\ExcelDataReader.dll /reference:C:\Users\russel.mercado\source\repos\Yakult-System-for-Merging\Yakult.Inventory.App\packages\ExcelNumberFormat.1.1.0\lib\net20\ExcelNumberFormat.dll /reference:C:\Users\russel.mercado\source\repos\Yakult-System-for-Merging\Yakult.Inventory.App\packages\HarfBuzzSharp.8.3.1.1\lib\net462\HarfBuzzSharp.dll /reference:C:\Users\russel.mercado\source\repos\Yakult-System-for-Merging\Yakult.Inventory.App\packages\Irony.NetCore.1.0.11\lib\net461\Irony.dll /reference:C:\Users\russel.mercado\source\repos\Yakult-System-for-Merging\Yakult.Inventory.App\packages\LiveChartsCore.2.0.5\lib\net462\LiveChartsCore.dll /reference:C:\Users\russel.mercado\source\repos\Yakult-System-for-Merging\Yakult.Inventory.App\packages\LiveChartsCore.SkiaSharpView.2.0.5\lib\net462\LiveChartsCore.SkiaSharpView.dll /reference:C:\Users\russel.mercado\source\repos\Yakult-System-for-Merging\Yakult.Inventory.App\packages\LiveChartsCore.SkiaSharpView.WPF.2.0.5\lib\net462\LiveChartsCore.SkiaSharpView.WPF.dll /reference:C:\Users\russel.mercado\source\repos\Yakult-System-for-Merging\Yakult.Inventory.App\packages\Microsoft.Bcl.AsyncInterfaces.9.0.1\lib\net462\Microsoft.Bcl.AsyncInterfaces.dll /reference:C:\Users\russel.mercado\source\repos\Yakult-System-for-Merging\Yakult.Inventory.App\packages\Microsoft.Bcl.Cryptography.8.0.0\lib\net462\Microsoft.Bcl.Cryptography.dll /reference:"C:\Program Files (x86)\Reference Assemblies\Microsoft\Framework\.NETFramework\v4.8\Microsoft.CSharp.dll" /reference:C:\Users\russel.mercado\source\repos\Yakult-System-for-Merging\Yakult.Inventory.App\packages\Microsoft.Data.SqlClient.6.1.2\lib\net462\Microsoft.Data.SqlClient.dll /reference:C:\Users\russel.mercado\source\repos\Yakult-System-for-Merging\Yakult.Inventory.App\packages\Microsoft.Extensions.Caching.Abstractions.8.0.0\lib\net462\Microsoft.Extensions.Caching.Abstractions.dll /reference:C:\Users\russel.mercado\source\repos\Yakult-System-for-Merging\Yakult.Inventory.App\packages\Microsoft.Extensions.Caching.Memory.8.0.1\lib\net462\Microsoft.Extensions.Caching.Memory.dll /reference:C:\Users\russel.mercado\source\repos\Yakult-System-for-Merging\Yakult.Inventory.App\packages\Microsoft.Extensions.DependencyInjection.Abstractions.8.0.2\lib\net462\Microsoft.Extensions.DependencyInjection.Abstractions.dll /reference:C:\Users\russel.mercado\source\repos\Yakult-System-for-Merging\Yakult.Inventory.App\packages\Microsoft.Extensions.DependencyInjection.8.0.1\lib\net462\Microsoft.Extensions.DependencyInjection.dll /reference:C:\Users\russel.mercado\source\repos\Yakult-System-for-Merging\Yakult.Inventory.App\packages\Microsoft.Extensions.Logging.Abstractions.8.0.3\lib\net462\Microsoft.Extensions.Logging.Abstractions.dll /reference:C:\Users\russel.mercado\source\repos\Yakult-System-for-Merging\Yakult.Inventory.App\packages\Microsoft.Extensions.Logging.8.0.1\lib\net462\Microsoft.Extensions.Logging.dll /reference:C:\Users\russel.mercado\source\repos\Yakult-System-for-Merging\Yakult.Inventory.App\packages\Microsoft.Extensions.Options.8.0.2\lib\net462\Microsoft.Extensions.Options.dll /reference:C:\Users\russel.mercado\source\repos\Yakult-System-for-Merging\Yakult.Inventory.App\packages\Microsoft.Extensions.Primitives.8.0.0\lib\net462\Microsoft.Extensions.Primitives.dll /reference:C:\Users\russel.mercado\source\repos\Yakult-System-for-Merging\Yakult.Inventory.App\packages\Microsoft.Identity.Client.4.73.1\lib\net472\Microsoft.Identity.Client.dll /reference:C:\Users\russel.mercado\source\repos\Yakult-System-for-Merging\Yakult.Inventory.App\packages\Microsoft.Identity.Client.Extensions.Msal.4.73.1\lib\netstandard2.0\Microsoft.Identity.Client.Extensions.Msal.dll /reference:C:\Users\russel.mercado\source\repos\Yakult-System-for-Merging\Yakult.Inventory.App\packages\Microsoft.IdentityModel.Abstractions.7.7.1\lib\net472\Microsoft.IdentityModel.Abstractions.dll /reference:C:\Users\russel.mercado\source\repos\Yakult-System-for-Merging\Yakult.Inventory.App\packages\Microsoft.IdentityModel.JsonWebTokens.7.7.1\lib\net472\Microsoft.IdentityModel.JsonWebTokens.dll /reference:C:\Users\russel.mercado\source\repos\Yakult-System-for-Merging\Yakult.Inventory.App\packages\Microsoft.IdentityModel.Logging.7.7.1\lib\net472\Microsoft.IdentityModel.Logging.dll /reference:C:\Users\russel.mercado\source\repos\Yakult-System-for-Merging\Yakult.Inventory.App\packages\Microsoft.IdentityModel.Protocols.7.7.1\lib\net472\Microsoft.IdentityModel.Protocols.dll /reference:C:\Users\russel.mercado\source\repos\Yakult-System-for-Merging\Yakult.Inventory.App\packages\Microsoft.IdentityModel.Protocols.OpenIdConnect.7.7.1\lib\net472\Microsoft.IdentityModel.Protocols.OpenIdConnect.dll /reference:C:\Users\russel.mercado\source\repos\Yakult-System-for-Merging\Yakult.Inventory.App\packages\Microsoft.IdentityModel.Tokens.7.7.1\lib\net472\Microsoft.IdentityModel.Tokens.dll /reference:C:\Users\russel.mercado\source\repos\Yakult-System-for-Merging\Yakult.Inventory.App\packages\Microsoft.ReportingServices.ReportViewerControl.Winforms.150.1652.0\lib\net40\Microsoft.ReportViewer.Common.dll /reference:C:\Users\russel.mercado\source\repos\Yakult-System-for-Merging\Yakult.Inventory.App\packages\Microsoft.ReportingServices.ReportViewerControl.Winforms.150.1652.0\lib\net40\Microsoft.ReportViewer.DataVisualization.dll /reference:C:\Users\russel.mercado\source\repos\Yakult-System-for-Merging\Yakult.Inventory.App\packages\Microsoft.ReportingServices.ReportViewerControl.Winforms.150.1652.0\lib\net40\Microsoft.ReportViewer.Design.dll /reference:C:\Users\russel.mercado\source\repos\Yakult-System-for-Merging\Yakult.Inventory.App\packages\Microsoft.ReportingServices.ReportViewerControl.Winforms.150.1652.0\lib\net40\Microsoft.ReportViewer.ProcessingObjectModel.dll /reference:C:\Users\russel.mercado\source\repos\Yakult-System-for-Merging\Yakult.Inventory.App\packages\Microsoft.ReportingServices.ReportViewerControl.Winforms.150.1652.0\lib\net40\Microsoft.ReportViewer.WinForms.dll /reference:C:\Users\russel.mercado\source\repos\Yakult-System-for-Merging\Yakult.Inventory.App\packages\Microsoft.SqlServer.Types.160.1000.6\lib\net462\Microsoft.SqlServer.Types.dll /reference:"C:\Program Files (x86)\Reference Assemblies\Microsoft\Framework\.NETFramework\v4.8\mscorlib.dll" /reference:C:\Users\russel.mercado\source\repos\Yakult-System-for-Merging\Yakult.Inventory.App\packages\Newtonsoft.Json.13.0.4\lib\net45\Newtonsoft.Json.dll /reference:C:\Users\russel.mercado\source\repos\Yakult-System-for-Merging\Yakult.Inventory.App\packages\PDFsharp.1.50.5147\lib\net20\PdfSharp.Charting.dll /reference:C:\Users\russel.mercado\source\repos\Yakult-System-for-Merging\Yakult.Inventory.App\packages\PDFsharp.1.50.5147\lib\net20\PdfSharp.dll /reference:"C:\Program Files (x86)\Reference Assemblies\Microsoft\Framework\.NETFramework\v4.8\PresentationCore.dll" /reference:"C:\Program Files (x86)\Reference Assemblies\Microsoft\Framework\.NETFramework\v4.8\PresentationFramework.dll" /reference:C:\Users\russel.mercado\source\repos\Yakult-System-for-Merging\Yakult.Inventory.App\packages\QRCoder.1.7.0\lib\net40\QRCoder.dll /reference:"C:\Program Files (x86)\Reference Assemblies\Microsoft\Framework\.NETFramework\v4.8\ReachFramework.dll" /reference:C:\Users\russel.mercado\source\repos\Yakult-System-for-Merging\Yakult.Inventory.App\packages\ReaLTaiizor.3.8.1.4\lib\net48\ReaLTaiizor.dll /reference:C:\Users\russel.mercado\source\repos\Yakult-System-for-Merging\Yakult.Inventory.App\packages\SixLabors.Fonts.1.0.0\lib\netstandard2.0\SixLabors.Fonts.dll /reference:C:\Users\russel.mercado\source\repos\Yakult-System-for-Merging\Yakult.Inventory.App\packages\SkiaSharp.3.119.0\lib\net462\SkiaSharp.dll /reference:C:\Users\russel.mercado\source\repos\Yakult-System-for-Merging\Yakult.Inventory.App\packages\SkiaSharp.HarfBuzz.3.119.0\lib\net462\SkiaSharp.HarfBuzz.dll /reference:C:\Users\russel.mercado\source\repos\Yakult-System-for-Merging\Yakult.Inventory.App\packages\SkiaSharp.Views.Desktop.Common.3.119.0\lib\net462\SkiaSharp.Views.Desktop.Common.dll /reference:C:\Users\russel.mercado\source\repos\Yakult-System-for-Merging\Yakult.Inventory.App\packages\SkiaSharp.Views.WPF.3.119.0\lib\net462\SkiaSharp.Views.WPF.dll /reference:C:\Users\russel.mercado\source\repos\Yakult-System-for-Merging\Yakult.Inventory.App\packages\System.Buffers.4.5.1\lib\net461\System.Buffers.dll /reference:C:\Users\russel.mercado\source\repos\Yakult-System-for-Merging\Yakult.Inventory.App\packages\System.ClientModel.1.5.1\lib\netstandard2.0\System.ClientModel.dll /reference:"C:\Program Files (x86)\Reference Assemblies\Microsoft\Framework\.NETFramework\v4.8\System.ComponentModel.DataAnnotations.dll" /reference:C:\Users\russel.mercado\source\repos\Yakult-System-for-Merging\Yakult.Inventory.App\packages\System.Configuration.ConfigurationManager.9.0.10\lib\net462\System.Configuration.ConfigurationManager.dll /reference:"C:\Program Files (x86)\Reference Assemblies\Microsoft\Framework\.NETFramework\v4.8\System.Configuration.dll" /reference:"C:\Program Files (x86)\Reference Assemblies\Microsoft\Framework\.NETFramework\v4.8\System.Core.dll" /reference:"C:\Program Files (x86)\Reference Assemblies\Microsoft\Framework\.NETFramework\v4.8\Facades\System.Data.Common.dll" /reference:"C:\Program Files (x86)\Reference Assemblies\Microsoft\Framework\.NETFramework\v4.8\System.Data.DataSetExtensions.dll" /reference:"C:\Program Files (x86)\Reference Assemblies\Microsoft\Framework\.NETFramework\v4.8\System.Data.dll" /reference:"C:\Program Files (x86)\Reference Assemblies\Microsoft\Framework\.NETFramework\v4.8\System.Deployment.dll" /reference:C:\Users\russel.mercado\source\repos\Yakult-System-for-Merging\Yakult.Inventory.App\packages\System.Diagnostics.DiagnosticSource.8.0.1\lib\net462\System.Diagnostics.DiagnosticSource.dll /reference:"C:\Program Files (x86)\Reference Assemblies\Microsoft\Framework\.NETFramework\v4.8\System.dll" /reference:"C:\Program Files (x86)\Reference Assemblies\Microsoft\Framework\.NETFramework\v4.8\System.Drawing.dll" /reference:"C:\Program Files (x86)\Reference Assemblies\Microsoft\Framework\.NETFramework\v4.8\System.IdentityModel.dll" /reference:C:\Users\russel.mercado\source\repos\Yakult-System-for-Merging\Yakult.Inventory.App\packages\System.IdentityModel.Tokens.Jwt.7.7.1\lib\net472\System.IdentityModel.Tokens.Jwt.dll /reference:C:\Users\russel.mercado\source\repos\Yakult-System-for-Merging\Yakult.Inventory.App\packages\System.IO.FileSystem.AccessControl.5.0.0\lib\net461\System.IO.FileSystem.AccessControl.dll /reference:C:\Users\russel.mercado\source\repos\Yakult-System-for-Merging\Yakult.Inventory.App\packages\System.IO.Packaging.4.7.0\lib\net46\System.IO.Packaging.dll /reference:C:\Users\russel.mercado\source\repos\Yakult-System-for-Merging\Yakult.Inventory.App\packages\System.Memory.Data.8.0.1\lib\net462\System.Memory.Data.dll /reference:C:\Users\russel.mercado\source\repos\Yakult-System-for-Merging\Yakult.Inventory.App\packages\System.Memory.4.5.5\lib\net461\System.Memory.dll /reference:"C:\Program Files (x86)\Reference Assemblies\Microsoft\Framework\.NETFramework\v4.8\System.Net.Http.dll" /reference:"C:\Program Files (x86)\Reference Assemblies\Microsoft\Framework\.NETFramework\v4.8\System.Numerics.dll" /reference:C:\Users\russel.mercado\source\repos\Yakult-System-for-Merging\Yakult.Inventory.App\packages\System.Numerics.Vectors.4.5.0\lib\net46\System.Numerics.Vectors.dll /reference:"C:\Program Files (x86)\Reference Assemblies\Microsoft\Framework\.NETFramework\v4.8\System.Printing.dll" /reference:C:\Users\russel.mercado\source\repos\Yakult-System-for-Merging\Yakult.Inventory.App\packages\System.Resources.Extensions.8.0.0\lib\net462\System.Resources.Extensions.dll /reference:C:\Users\russel.mercado\source\repos\Yakult-System-for-Merging\Yakult.Inventory.App\packages\System.Runtime.CompilerServices.Unsafe.6.0.0\lib\net461\System.Runtime.CompilerServices.Unsafe.dll /reference:C:\Windows\Microsoft.Net\assembly\GAC_MSIL\System.Runtime.WindowsRuntime\v4.0_4.0.0.0__b77a5c561934e089\System.Runtime.WindowsRuntime.dll /reference:C:\Users\russel.mercado\source\repos\Yakult-System-for-Merging\Yakult.Inventory.App\packages\System.Security.AccessControl.5.0.0\lib\net461\System.Security.AccessControl.dll /reference:C:\Users\russel.mercado\source\repos\Yakult-System-for-Merging\Yakult.Inventory.App\packages\System.Security.Cryptography.Pkcs.8.0.1\lib\net462\System.Security.Cryptography.Pkcs.dll /reference:C:\Users\russel.mercado\source\repos\Yakult-System-for-Merging\Yakult.Inventory.App\packages\System.Security.Cryptography.ProtectedData.4.5.0\lib\net461\System.Security.Cryptography.ProtectedData.dll /reference:"C:\Program Files (x86)\Reference Assemblies\Microsoft\Framework\.NETFramework\v4.8\System.Security.dll" /reference:C:\Users\russel.mercado\source\repos\Yakult-System-for-Merging\Yakult.Inventory.App\packages\System.Security.Principal.Windows.5.0.0\lib\net461\System.Security.Principal.Windows.dll /reference:C:\Users\russel.mercado\source\repos\Yakult-System-for-Merging\Yakult.Inventory.App\packages\System.Text.Encoding.CodePages.4.7.1\lib\net461\System.Text.Encoding.CodePages.dll /reference:C:\Users\russel.mercado\source\repos\Yakult-System-for-Merging\Yakult.Inventory.App\packages\System.Text.Encodings.Web.8.0.0\lib\net462\System.Text.Encodings.Web.dll /reference:C:\Users\russel.mercado\source\repos\Yakult-System-for-Merging\Yakult.Inventory.App\packages\System.Text.Json.8.0.6\lib\net462\System.Text.Json.dll /reference:C:\Users\russel.mercado\source\repos\Yakult-System-for-Merging\Yakult.Inventory.App\packages\System.Threading.Tasks.Extensions.4.5.4\lib\net461\System.Threading.Tasks.Extensions.dll /reference:C:\Users\russel.mercado\source\repos\Yakult-System-for-Merging\Yakult.Inventory.App\packages\System.ValueTuple.4.5.0\lib\net47\System.ValueTuple.dll /reference:"C:\Program Files (x86)\Reference Assemblies\Microsoft\Framework\.NETFramework\v4.8\System.Web.Extensions.dll" /reference:"C:\Program Files (x86)\Reference Assemblies\Microsoft\Framework\.NETFramework\v4.8\System.Windows.Forms.DataVisualization.dll" /reference:"C:\Program Files (x86)\Reference Assemblies\Microsoft\Framework\.NETFramework\v4.8\System.Windows.Forms.dll" /reference:"C:\Program Files (x86)\Reference Assemblies\Microsoft\Framework\.NETFramework\v4.8\System.Xaml.dll" /reference:"C:\Program Files (x86)\Reference Assemblies\Microsoft\Framework\.NETFramework\v4.8\System.Xml.dll" /reference:"C:\Program Files (x86)\Reference Assemblies\Microsoft\Framework\.NETFramework\v4.8\System.Xml.Linq.dll" /reference:C:\Windows\System32\WinMetadata\Windows.Data.winmd /reference:C:\Windows\System32\WinMetadata\Windows.Foundation.winmd /reference:C:\Windows\System32\WinMetadata\Windows.UI.winmd /reference:"C:\Program Files (x86)\Reference Assemblies\Microsoft\Framework\.NETFramework\v4.8\WindowsBase.dll" /reference:"C:\Program Files (x86)\Reference Assemblies\Microsoft\Framework\.NETFramework\v4.8\WindowsFormsIntegration.dll" /reference:C:\Users\russel.mercado\source\repos\Yakult-System-for-Merging\Yakult.Inventory.App\packages\WPF-UI.Abstractions.4.3.0\lib\net472\Wpf.Ui.Abstractions.dll /reference:C:\Users\russel.mercado\source\repos\Yakult-System-for-Merging\Yakult.Inventory.App\packages\WPF-UI.4.3.0\lib\net472\Wpf.Ui.dll /reference:C:\Users\russel.mercado\source\repos\Yakult-System-for-Merging\Yakult.Inventory.App\packages\XLParser.1.5.2\lib\net461\XLParser.dll /reference:"C:\Program Files (x86)\Reference Assemblies\Microsoft\Framework\.NETFramework\v4.8\Facades\Microsoft.Win32.Primitives.dll" /reference:"C:\Program Files (x86)\Reference Assemblies\Microsoft\Framework\.NETFramework\v4.8\Facades\netstandard.dll" /reference:"C:\Program Files (x86)\Reference Assemblies\Microsoft\Framework\.NETFramework\v4.8\Facades\System.AppContext.dll" /reference:"C:\Program Files (x86)\Reference Assemblies\Microsoft\Framework\.NETFramework\v4.8\Facades\System.Collections.Concurrent.dll" /reference:"C:\Program Files (x86)\Reference Assemblies\Microsoft\Framework\.NETFramework\v4.8\Facades\System.Collections.dll" /reference:"C:\Program Files (x86)\Reference Assemblies\Microsoft\Framework\.NETFramework\v4.8\Facades\System.Collections.NonGeneric.dll" /reference:"C:\Program Files (x86)\Reference Assemblies\Microsoft\Framework\.NETFramework\v4.8\Facades\System.Collections.Specialized.dll" /reference:"C:\Program Files (x86)\Reference Assemblies\Microsoft\Framework\.NETFramework\v4.8\Facades\System.ComponentModel.Annotations.dll" /reference:"C:\Program Files (x86)\Reference Assemblies\Microsoft\Framework\.NETFramework\v4.8\Facades\System.ComponentModel.dll" /reference:"C:\Program Files (x86)\Reference Assemblies\Microsoft\Framework\.NETFramework\v4.8\Facades\System.ComponentModel.EventBasedAsync.dll" /reference:"C:\Program Files (x86)\Reference Assemblies\Microsoft\Framework\.NETFramework\v4.8\Facades\System.ComponentModel.Primitives.dll" /reference:"C:\Program Files (x86)\Reference Assemblies\Microsoft\Framework\.NETFramework\v4.8\Facades\System.ComponentModel.TypeConverter.dll" /reference:"C:\Program Files (x86)\Reference Assemblies\Microsoft\Framework\.NETFramework\v4.8\Facades\System.Console.dll" /reference:"C:\Program Files (x86)\Reference Assemblies\Microsoft\Framework\.NETFramework\v4.8\Facades\System.Diagnostics.Contracts.dll" /reference:"C:\Program Files (x86)\Reference Assemblies\Microsoft\Framework\.NETFramework\v4.8\Facades\System.Diagnostics.Debug.dll" /reference:"C:\Program Files (x86)\Reference Assemblies\Microsoft\Framework\.NETFramework\v4.8\Facades\System.Diagnostics.FileVersionInfo.dll" /reference:"C:\Program Files (x86)\Reference Assemblies\Microsoft\Framework\.NETFramework\v4.8\Facades\System.Diagnostics.Process.dll" /reference:"C:\Program Files (x86)\Reference Assemblies\Microsoft\Framework\.NETFramework\v4.8\Facades\System.Diagnostics.StackTrace.dll" /reference:"C:\Program Files (x86)\Reference Assemblies\Microsoft\Framework\.NETFramework\v4.8\Facades\System.Diagnostics.TextWriterTraceListener.dll" /reference:"C:\Program Files (x86)\Reference Assemblies\Microsoft\Framework\.NETFramework\v4.8\Facades\System.Diagnostics.Tools.dll" /reference:"C:\Program Files (x86)\Reference Assemblies\Microsoft\Framework\.NETFramework\v4.8\Facades\System.Diagnostics.TraceSource.dll" /reference:"C:\Program Files (x86)\Reference Assemblies\Microsoft\Framework\.NETFramework\v4.8\Facades\System.Drawing.Primitives.dll" /reference:"C:\Program Files (x86)\Reference Assemblies\Microsoft\Framework\.NETFramework\v4.8\Facades\System.Dynamic.Runtime.dll" /reference:"C:\Program Files (x86)\Reference Assemblies\Microsoft\Framework\.NETFramework\v4.8\Facades\System.Globalization.Calendars.dll" /reference:"C:\Program Files (x86)\Reference Assemblies\Microsoft\Framework\.NETFramework\v4.8\Facades\System.Globalization.dll" /reference:"C:\Program Files (x86)\Reference Assemblies\Microsoft\Framework\.NETFramework\v4.8\Facades\System.Globalization.Extensions.dll" /reference:"C:\Program Files (x86)\Reference Assemblies\Microsoft\Framework\.NETFramework\v4.8\Facades\System.IO.Compression.ZipFile.dll" /reference:"C:\Program Files (x86)\Reference Assemblies\Microsoft\Framework\.NETFramework\v4.8\Facades\System.IO.dll" /reference:"C:\Program Files (x86)\Reference Assemblies\Microsoft\Framework\.NETFramework\v4.8\Facades\System.IO.FileSystem.dll" /reference:"C:\Program Files (x86)\Reference Assemblies\Microsoft\Framework\.NETFramework\v4.8\Facades\System.IO.FileSystem.DriveInfo.dll" /reference:"C:\Program Files (x86)\Reference Assemblies\Microsoft\Framework\.NETFramework\v4.8\Facades\System.IO.FileSystem.Primitives.dll" /reference:"C:\Program Files (x86)\Reference Assemblies\Microsoft\Framework\.NETFramework\v4.8\Facades\System.IO.FileSystem.Watcher.dll" /reference:"C:\Program Files (x86)\Reference Assemblies\Microsoft\Framework\.NETFramework\v4.8\Facades\System.IO.IsolatedStorage.dll" /reference:"C:\Program Files (x86)\Reference Assemblies\Microsoft\Framework\.NETFramework\v4.8\Facades\System.IO.MemoryMappedFiles.dll" /reference:"C:\Program Files (x86)\Reference Assemblies\Microsoft\Framework\.NETFramework\v4.8\Facades\System.IO.Pipes.dll" /reference:"C:\Program Files (x86)\Reference Assemblies\Microsoft\Framework\.NETFramework\v4.8\Facades\System.IO.UnmanagedMemoryStream.dll" /reference:"C:\Program Files (x86)\Reference Assemblies\Microsoft\Framework\.NETFramework\v4.8\Facades\System.Linq.dll" /reference:"C:\Program Files (x86)\Reference Assemblies\Microsoft\Framework\.NETFramework\v4.8\Facades\System.Linq.Expressions.dll" /reference:"C:\Program Files (x86)\Reference Assemblies\Microsoft\Framework\.NETFramework\v4.8\Facades\System.Linq.Parallel.dll" /reference:"C:\Program Files (x86)\Reference Assemblies\Microsoft\Framework\.NETFramework\v4.8\Facades\System.Linq.Queryable.dll" /reference:"C:\Program Files (x86)\Reference Assemblies\Microsoft\Framework\.NETFramework\v4.8\Facades\System.Net.Http.Rtc.dll" /reference:"C:\Program Files (x86)\Reference Assemblies\Microsoft\Framework\.NETFramework\v4.8\Facades\System.Net.NameResolution.dll" /reference:"C:\Program Files (x86)\Reference Assemblies\Microsoft\Framework\.NETFramework\v4.8\Facades\System.Net.NetworkInformation.dll" /reference:"C:\Program Files (x86)\Reference Assemblies\Microsoft\Framework\.NETFramework\v4.8\Facades\System.Net.Ping.dll" /reference:"C:\Program Files (x86)\Reference Assemblies\Microsoft\Framework\.NETFramework\v4.8\Facades\System.Net.Primitives.dll" /reference:"C:\Program Files (x86)\Reference Assemblies\Microsoft\Framework\.NETFramework\v4.8\Facades\System.Net.Requests.dll" /reference:"C:\Program Files (x86)\Reference Assemblies\Microsoft\Framework\.NETFramework\v4.8\Facades\System.Net.Security.dll" /reference:"C:\Program Files (x86)\Reference Assemblies\Microsoft\Framework\.NETFramework\v4.8\Facades\System.Net.Sockets.dll" /reference:"C:\Program Files (x86)\Reference Assemblies\Microsoft\Framework\.NETFramework\v4.8\Facades\System.Net.WebHeaderCollection.dll" /reference:"C:\Program Files (x86)\Reference Assemblies\Microsoft\Framework\.NETFramework\v4.8\Facades\System.Net.WebSockets.Client.dll" /reference:"C:\Program Files (x86)\Reference Assemblies\Microsoft\Framework\.NETFramework\v4.8\Facades\System.Net.WebSockets.dll" /reference:"C:\Program Files (x86)\Reference Assemblies\Microsoft\Framework\.NETFramework\v4.8\Facades\System.ObjectModel.dll" /reference:"C:\Program Files (x86)\Reference Assemblies\Microsoft\Framework\.NETFramework\v4.8\Facades\System.Reflection.dll" /reference:"C:\Program Files (x86)\Reference Assemblies\Microsoft\Framework\.NETFramework\v4.8\Facades\System.Reflection.Emit.dll" /reference:"C:\Program Files (x86)\Reference Assemblies\Microsoft\Framework\.NETFramework\v4.8\Facades\System.Reflection.Emit.ILGeneration.dll" /reference:"C:\Program Files (x86)\Reference Assemblies\Microsoft\Framework\.NETFramework\v4.8\Facades\System.Reflection.Emit.Lightweight.dll" /reference:"C:\Program Files (x86)\Reference Assemblies\Microsoft\Framework\.NETFramework\v4.8\Facades\System.Reflection.Extensions.dll" /reference:"C:\Program Files (x86)\Reference Assemblies\Microsoft\Framework\.NETFramework\v4.8\Facades\System.Reflection.Primitives.dll" /reference:"C:\Program Files (x86)\Reference Assemblies\Microsoft\Framework\.NETFramework\v4.8\Facades\System.Resources.Reader.dll" /reference:"C:\Program Files (x86)\Reference Assemblies\Microsoft\Framework\.NETFramework\v4.8\Facades\System.Resources.ResourceManager.dll" /reference:"C:\Program Files (x86)\Reference Assemblies\Microsoft\Framework\.NETFramework\v4.8\Facades\System.Resources.Writer.dll" /reference:"C:\Program Files (x86)\Reference Assemblies\Microsoft\Framework\.NETFramework\v4.8\Facades\System.Runtime.CompilerServices.VisualC.dll" /reference:"C:\Program Files (x86)\Reference Assemblies\Microsoft\Framework\.NETFramework\v4.8\Facades\System.Runtime.dll" /reference:"C:\Program Files (x86)\Reference Assemblies\Microsoft\Framework\.NETFramework\v4.8\Facades\System.Runtime.Extensions.dll" /reference:"C:\Program Files (x86)\Reference Assemblies\Microsoft\Framework\.NETFramework\v4.8\Facades\System.Runtime.Handles.dll" /reference:"C:\Program Files (x86)\Reference Assemblies\Microsoft\Framework\.NETFramework\v4.8\Facades\System.Runtime.InteropServices.dll" /reference:"C:\Program Files (x86)\Reference Assemblies\Microsoft\Framework\.NETFramework\v4.8\Facades\System.Runtime.InteropServices.RuntimeInformation.dll" /reference:"C:\Program Files (x86)\Reference Assemblies\Microsoft\Framework\.NETFramework\v4.8\Facades\System.Runtime.InteropServices.WindowsRuntime.dll" /reference:"C:\Program Files (x86)\Reference Assemblies\Microsoft\Framework\.NETFramework\v4.8\Facades\System.Runtime.Numerics.dll" /reference:"C:\Program Files (x86)\Reference Assemblies\Microsoft\Framework\.NETFramework\v4.8\Facades\System.Runtime.Serialization.Formatters.dll" /reference:"C:\Program Files (x86)\Reference Assemblies\Microsoft\Framework\.NETFramework\v4.8\Facades\System.Runtime.Serialization.Json.dll" /reference:"C:\Program Files (x86)\Reference Assemblies\Microsoft\Framework\.NETFramework\v4.8\Facades\System.Runtime.Serialization.Primitives.dll" /reference:"C:\Program Files (x86)\Reference Assemblies\Microsoft\Framework\.NETFramework\v4.8\Facades\System.Runtime.Serialization.Xml.dll" /reference:"C:\Program Files (x86)\Reference Assemblies\Microsoft\Framework\.NETFramework\v4.8\Facades\System.Security.Claims.dll" /reference:"C:\Program Files (x86)\Reference Assemblies\Microsoft\Framework\.NETFramework\v4.8\Facades\System.Security.Cryptography.Algorithms.dll" /reference:"C:\Program Files (x86)\Reference Assemblies\Microsoft\Framework\.NETFramework\v4.8\Facades\System.Security.Cryptography.Csp.dll" /reference:"C:\Program Files (x86)\Reference Assemblies\Microsoft\Framework\.NETFramework\v4.8\Facades\System.Security.Cryptography.Encoding.dll" /reference:"C:\Program Files (x86)\Reference Assemblies\Microsoft\Framework\.NETFramework\v4.8\Facades\System.Security.Cryptography.Primitives.dll" /reference:"C:\Program Files (x86)\Reference Assemblies\Microsoft\Framework\.NETFramework\v4.8\Facades\System.Security.Cryptography.X509Certificates.dll" /reference:"C:\Program Files (x86)\Reference Assemblies\Microsoft\Framework\.NETFramework\v4.8\Facades\System.Security.Principal.dll" /reference:"C:\Program Files (x86)\Reference Assemblies\Microsoft\Framework\.NETFramework\v4.8\Facades\System.Security.SecureString.dll" /reference:"C:\Program Files (x86)\Reference Assemblies\Microsoft\Framework\.NETFramework\v4.8\Facades\System.ServiceModel.Duplex.dll" /reference:"C:\Program Files (x86)\Reference Assemblies\Microsoft\Framework\.NETFramework\v4.8\Facades\System.ServiceModel.Http.dll" /reference:"C:\Program Files (x86)\Reference Assemblies\Microsoft\Framework\.NETFramework\v4.8\Facades\System.ServiceModel.NetTcp.dll" /reference:"C:\Program Files (x86)\Reference Assemblies\Microsoft\Framework\.NETFramework\v4.8\Facades\System.ServiceModel.Primitives.dll" /reference:"C:\Program Files (x86)\Reference Assemblies\Microsoft\Framework\.NETFramework\v4.8\Facades\System.ServiceModel.Security.dll" /reference:"C:\Program Files (x86)\Reference Assemblies\Microsoft\Framework\.NETFramework\v4.8\Facades\System.Text.Encoding.dll" /reference:"C:\Program Files (x86)\Reference Assemblies\Microsoft\Framework\.NETFramework\v4.8\Facades\System.Text.Encoding.Extensions.dll" /reference:"C:\Program Files (x86)\Reference Assemblies\Microsoft\Framework\.NETFramework\v4.8\Facades\System.Text.RegularExpressions.dll" /reference:"C:\Program Files (x86)\Reference Assemblies\Microsoft\Framework\.NETFramework\v4.8\Facades\System.Threading.dll" /reference:"C:\Program Files (x86)\Reference Assemblies\Microsoft\Framework\.NETFramework\v4.8\Facades\System.Threading.Overlapped.dll" /reference:"C:\Program Files (x86)\Reference Assemblies\Microsoft\Framework\.NETFramework\v4.8\Facades\System.Threading.Tasks.dll" /reference:"C:\Program Files (x86)\Reference Assemblies\Microsoft\Framework\.NETFramework\v4.8\Facades\System.Threading.Tasks.Parallel.dll" /reference:"C:\Program Files (x86)\Reference Assemblies\Microsoft\Framework\.NETFramework\v4.8\Facades\System.Threading.Thread.dll" /reference:"C:\Program Files (x86)\Reference Assemblies\Microsoft\Framework\.NETFramework\v4.8\Facades\System.Threading.ThreadPool.dll" /reference:"C:\Program Files (x86)\Reference Assemblies\Microsoft\Framework\.NETFramework\v4.8\Facades\System.Threading.Timer.dll" /reference:"C:\Program Files (x86)\Reference Assemblies\Microsoft\Framework\.NETFramework\v4.8\Facades\System.Xml.ReaderWriter.dll" /reference:"C:\Program Files (x86)\Reference Assemblies\Microsoft\Framework\.NETFramework\v4.8\Facades\System.Xml.XDocument.dll" /reference:"C:\Program Files (x86)\Reference Assemblies\Microsoft\Framework\.NETFramework\v4.8\Facades\System.Xml.XmlDocument.dll" /reference:"C:\Program Files (x86)\Reference Assemblies\Microsoft\Framework\.NETFramework\v4.8\Facades\System.Xml.XmlSerializer.dll" /reference:"C:\Program Files (x86)\Reference Assemblies\Microsoft\Framework\.NETFramework\v4.8\Facades\System.Xml.XPath.dll" /reference:"C:\Program Files (x86)\Reference Assemblies\Microsoft\Framework\.NETFramework\v4.8\Facades\System.Xml.XPath.XDocument.dll" /debug+ /debug:full /filealign:512 /optimize- /out:obj\BulkCellphoneValidation\Yakult.Inventory.App.exe /subsystemversion:6.00 /resource:obj\BulkCellphoneValidation\Yakult.Inventory.App.g.resources /resource:obj\BulkCellphoneValidation\Yakult.Inventory.App.Controls.DepartmentEntry.resources /resource:obj\BulkCellphoneValidation\Yakult.Inventory.App.Forms.Reports.ReportsForm.resources /resource:obj\BulkCellphoneValidation\Yakult.Inventory.App.Properties.Resources.resources /resource:obj\BulkCellphoneValidation\Yakult.Inventory.App.Pages.Invoice.ViewInvoiceDetailPage.resources /resource:obj\BulkCellphoneValidation\Yakult.Inventory.App.Pages.ReportViewerForm.resources /resource:obj\BulkCellphoneValidation\Yakult.Inventory.App.Pages.Request.EditRequestDialog.resources /resource:obj\BulkCellphoneValidation\Yakult.Inventory.App.Pages.Request.ViewRequestsPage.resources /resource:obj\BulkCellphoneValidation\Yakult.Inventory.App.Pages.User.LoginPage.resources /resource:obj\BulkCellphoneValidation\Yakult.Inventory.App.Pages.User.MainForm.resources /resource:obj\BulkCellphoneValidation\Yakult.Inventory.App.Pages.User.RegisterPage.resources /target:winexe /utf8output /win32icon:yakult_icon_desktop.ico /win32manifest:app.manifest /deterministic+ /langversion:latest /analyzerconfig:C:\Users\russel.mercado\source\repos\Yakult-System-for-Merging\Yakult.Inventory.App\Forms\.editorconfig /analyzer:packages\Microsoft.CodeAnalysis.NetAnalyzers.10.0.100\analyzers\dotnet\cs\Microsoft.CodeAnalysis.CSharp.NetAnalyzers.dll /analyzer:packages\Microsoft.CodeAnalysis.NetAnalyzers.10.0.100\analyzers\dotnet\cs\Microsoft.CodeAnalysis.NetAnalyzers.resources.dll /analyzer:packages\Microsoft.CodeAnalysis.NetAnalyzers.10.0.100\analyzers\dotnet\Microsoft.CodeAnalysis.NetAnalyzers.dll Helpers\EmailAddressValidator.cs Components\DynamicSectionControl.cs Controls\BranchEntry.cs Controls\BranchEntry.Designer.cs Controls\DepartmentEntry.cs Controls\DepartmentEntry.Designer.cs Core\AppConfig.cs Core\AppSettingsLoader.cs Core\DatabaseConfig.cs Core\EntryTypes.cs Core\ItemTypes.cs Core\AppTime.cs Core\Logger.cs Data\UserRepository.cs Dialogs\CombinedColumnSelectionDialog.cs Dialogs\ReportColumnSelectionDialog.cs Dialogs\SignatoryPickerDialog.cs Forms\CartridgeManagement\CartridgeManagementWpfHost.cs Forms\CartridgeManagement\SendNotificationsWpfHost.cs Forms\CartridgeManagement\FulfilledCartridgesWpfHost.cs Forms\Request\PartiallyFulfilledRequestsWpfHost.cs Forms\Request\UnfulfilledRequestsWpfHost.cs Forms\Consumables\ConsumableModelsWpfHost.cs Forms\CartridgeManagement\PartiallyFulfilledWpfHost.cs Forms\CartridgeManagement\UnfulfilledExchangesWpfHost.cs Forms\CartridgeManagement\VendorCartridgeRefillWpfHost.cs Forms\CartridgeManagement\NonRefillableWpfHost.cs Forms\CartridgeManagement\OutboundBatchesWpfHost.cs Forms\CartridgeManagement\DamagedEmptyCartridgesWpfHost.cs Helpers\CallMonitoringSla.cs Helpers\TaskHelper.cs Helpers\DataGridViewSafety.cs Helpers\InvoiceReportPdfGenerator.cs Helpers\InvoiceSheetRdlHelper.cs Helpers\ModernUiHelper.cs Helpers\ReceiptSetPdfGenerator.cs Helpers\ReportLauncher.cs Helpers\RequestPdfGenerator.cs Helpers\UserActivityPdfGenerator.cs Helpers\SetInvoicePdfGenerator.cs Helpers\SetPdfGenerator.cs Helpers\SplitContainerUtil.cs Models\CartridgeApprovalDto.cs Models\ReceiptSetImageDto.cs Models\CartridgeAuthorizationModel.cs Models\ITAuthorizationModels.cs Models\NotificationCreateDto.cs Models\NotificationDto.cs Models\ReportListItem.cs WPF\CartridgeManagement\Infrastructure\ViewModelBase.cs WPF\CartridgeManagement\Infrastructure\RelayCommand.cs WPF\CartridgeManagement\Converters\Converters.cs WPF\CartridgeManagement\Controls\IntegerSpinner.cs WPF\CartridgeManagement\ViewModels\ClosedCartridgesViewModel.cs Wpf\CartridgeManagement\ViewModels\FulfilledCartridgesViewModel.cs Wpf\CartridgeManagement\ViewModels\ViewCartridgesViewModel.cs Wpf\CartridgeManagement\ViewModels\ViewCartridgeModelsViewModel.cs Wpf\CartridgeManagement\ViewModels\AuthorizationMonitorViewModel.cs Wpf\CartridgeManagement\ViewModels\ViewCartridgeSetsViewModel.cs Wpf\CartridgeManagement\ViewModels\CartridgeTrackingViewModel.cs WPF\CartridgeManagement\ViewModels\DamagedEmptyCartridgesViewModel.cs WPF\CartridgeManagement\ViewModels\NonRefillableEmptyCartridgesViewModel.cs WPF\CartridgeManagement\ViewModels\OutboundBatchesViewModel.cs WPF\CartridgeManagement\ViewModels\VendorCartridgeRefillViewModel.cs Wpf\Admin\AccountManagement\ViewModels\EmployeeManagementViewModel.cs Wpf\Admin\AccountManagement\ViewModels\UserAccountManagementViewModel.cs Wpf\Shared\Controls\TokenSearchBox.cs Wpf\Admin\AccountManagement\ViewModels\DepartmentAccountsViewModel.cs Wpf\Admin\AccountManagement\ViewModels\ApproverManagementViewModel.cs Wpf\Admin\UserPositions\ViewModels\UserPositionsViewModel.cs Wpf\Admin\UserActivity\ViewModels\UserActivityViewModel.cs Wpf\Admin\UserActivityInsights\ViewModels\UserActivityInsightsViewModel.cs Wpf\Shared\Win32WindowWrapper.cs Wpf\Admin\EmailManagement\ViewModels\EmailAddressesViewModel.cs Wpf\Admin\EmailManagement\ViewModels\SmtpProfilesViewModel.cs Wpf\Admin\EmailManagement\ViewModels\EmailTemplatesViewModel.cs Wpf\Admin\EmailManagement\ViewModels\EmailConfigurationViewModel.cs Wpf\Admin\EmailManagement\ViewModels\SmtpSendSettingsViewModel.cs Wpf\Admin\EmailManagement\Converters\NullableProfileIdConverter.cs Wpf\Admin\AccountManagement\Views\EmployeeManagementView.xaml.cs Wpf\Admin\AccountManagement\Views\UserAccountManagementView.xaml.cs Wpf\Admin\AccountManagement\Views\ApproverManagementView.xaml.cs Wpf\Admin\UserPositions\Views\UserPositionsView.xaml.cs Wpf\Admin\UserActivity\Views\UserActivityView.xaml.cs Wpf\Admin\UserActivityInsights\Views\UserActivityInsightsView.xaml.cs Wpf\Admin\EmailManagement\Views\EmailAddressesTabView.xaml.cs Wpf\Admin\EmailManagement\Views\SmtpProfilesTabView.xaml.cs Wpf\Admin\EmailManagement\Views\EmailTemplatesTabView.xaml.cs Wpf\Admin\EmailManagement\Views\EmailConfigurationWindow.xaml.cs Wpf\Admin\EmailManagement\Views\SmtpSendSettingsView.xaml.cs Wpf\Admin\EmailManagement\Views\ApplyProfileToTemplatesDialog.xaml.cs Wpf\Admin\EmailManagement\Views\TurnOffTemplatesDialog.xaml.cs Wpf\Admin\AccountManagement\Views\DepartmentAccountsView.xaml.cs Wpf\Admin\AccountManagement\Dialogs\CreateDeptAccountWindow.xaml.cs Wpf\Admin\AccountManagement\Dialogs\ChangeDeptPasswordWindow.xaml.cs Wpf\Admin\AccountManagement\Dialogs\VerifyAdminPasswordWindow.xaml.cs Wpf\Admin\AccountManagement\Dialogs\ShowDeptPasswordWindow.xaml.cs Wpf\Admin\AccountManagement\Dialogs\EditDeptAccountWindow.xaml.cs Wpf\Admin\AccountManagement\Dialogs\ColumnFilterWindow.xaml.cs Wpf\Admin\AccountManagement\Dialogs\EmployeeImportRow.cs Wpf\Admin\AccountManagement\Dialogs\EmployeeImportPreviewWindow.xaml.cs Wpf\Admin\AccountManagement\Dialogs\EmployeeImportSummaryWindow.xaml.cs Wpf\Admin\AccountManagement\Dialogs\SelectedEmployeesReviewDialog.xaml.cs Wpf\Admin\AccountManagement\Dialogs\ExportFilterDialog.xaml.cs Wpf\Admin\AccountManagement\Dialogs\ExportPreviewWindow.xaml.cs WPF\CartridgeManagement\Views\ClosedCartridgesView.xaml.cs Wpf\CartridgeManagement\Views\FulfilledCartridgesView.xaml.cs Wpf\CartridgeManagement\Views\ViewCartridgesView.xaml.cs Wpf\CartridgeManagement\Views\ViewCartridgeModelsView.xaml.cs Wpf\CartridgeManagement\Views\EditCartridgeModelWindow.xaml.cs Wpf\CartridgeManagement\Views\AuthorizationMonitorView.xaml.cs Wpf\CartridgeManagement\Views\ViewCartridgeSetsView.xaml.cs Wpf\CartridgeManagement\Views\CartridgeTrackingView.xaml.cs WPF\CartridgeManagement\Views\DamagedEmptyCartridgesView.xaml.cs WPF\CartridgeManagement\Views\NonRefillableEmptyCartridgesView.xaml.cs WPF\CartridgeManagement\Views\OutboundBatchesView.xaml.cs WPF\CartridgeManagement\Views\VendorCartridgeRefillView.xaml.cs Wpf\CartridgeManagement\Dialogs\CreateBatchDialog.xaml.cs Wpf\CartridgeManagement\Dialogs\EditBatchWindow.xaml.cs Wpf\Receipt\ReceiptSetViewerWindow.xaml.cs Wpf\Set\BulkAddFiles\BulkAddFilesWindow.xaml.cs Wpf\Receipt\ReceiptSetsView.xaml.cs Wpf\Receipt\ReceiptSetViewerLauncher.cs Wpf\Receipt\ReceiptSetsViewModel.cs Wpf\Receipt\ReceiptSetsWpfHost.cs Wpf\CartridgeManagement\Dialogs\TransferBatchDialog.xaml.cs Wpf\CartridgeManagement\Dialogs\TransferCartridgesWpfDialog.xaml.cs Wpf\CartridgeManagement\Dialogs\AssignReturnsDialog.xaml.cs Wpf\CartridgeManagement\Dialogs\OutboundBatchAssignmentWpfDialog.xaml.cs Wpf\SendNotifications\ViewModels\NotificationRowViewModel.cs Wpf\SendNotifications\ViewModels\SendNotificationsViewModel.cs Wpf\SendNotifications\Views\SendNotificationsView.xaml.cs Wpf\NotificationCenter\ViewModels\ExpiryRowViewModel.cs Wpf\NotificationCenter\ViewModels\MobileUpdateRowViewModel.cs Wpf\NotificationCenter\ViewModels\NotificationCenterViewModel.cs Wpf\NotificationCenter\Controls\NotificationCardControl.xaml.cs Wpf\NotificationCenter\Views\NotificationCenterView.xaml.cs Wpf\Archive\ViewModels\ArchiveRecordDto.cs Wpf\Archive\ViewModels\EntityFieldDto.cs Wpf\Archive\ViewModels\SetItemRowDto.cs Wpf\Archive\ViewModels\ArchivePageViewModel.cs Wpf\Archive\ViewModels\ArchiveDetailsViewModel.cs Wpf\Archive\Views\ArchivePageView.xaml.cs Wpf\Archive\Views\ArchiveDetailsWindow.xaml.cs Wpf\Items\ViewModels\ItemsPageViewModel.cs Wpf\Items\ViewModels\ItemsPageViewModel.Queries.cs Wpf\Items\ViewModels\ItemsPageViewModel.Import.cs Wpf\Items\Views\ItemsPageView.xaml.cs Wpf\Shared\Controls\PagingControl.xaml.cs Wpf\Shared\Controls\SelectedCountBadge.xaml.cs Wpf\Shared\Controls\SelectedRowsReviewDialog.xaml.cs Wpf\Shared\Helpers\CategoryFilterOption.cs Wpf\Shared\Helpers\DocumentDateFilterRow.cs Wpf\Shared\Helpers\ListSortHelper.cs Wpf\Shared\Helpers\ScrollBubbleBehavior.cs Wpf\Shared\Helpers\SearchTextHelper.cs Wpf\Shared\Helpers\SelectionTracker.cs Wpf\Shared\Views\InputPromptWindow.xaml.cs Wpf\Shared\Views\DocumentDateOverflowWindow.xaml.cs Wpf\FixedAssets\ViewModels\FixedAssetsPageViewModel.cs Wpf\FixedAssets\Views\FixedAssetsPageView.xaml.cs Wpf\Warranty\ViewModels\WarrantyItemDto.cs Wpf\Warranty\ViewModels\WarrantyPageViewModel.cs Wpf\Warranty\Views\WarrantyPageView.xaml.cs Wpf\Update\ViewModels\UpdatesPageViewModel.cs Wpf\Update\Views\UpdatesPageView.xaml.cs Wpf\Asset\ViewModels\AssetPageViewModel.cs Wpf\Asset\Views\AssetPageView.xaml.cs Wpf\Vendor\ViewModels\VendorPageViewModel.cs Wpf\Vendor\Views\VendorPageView.xaml.cs Wpf\Category\ViewModels\CategoryPageViewModel.cs Wpf\Category\Views\CategoryPageView.xaml.cs Wpf\Branch\ViewModels\BranchPageViewModel.cs Wpf\Branch\Views\BranchPageView.xaml.cs Wpf\Department\ViewModels\DepartmentPageViewModel.cs Wpf\Department\Views\DepartmentPageView.xaml.cs Wpf\Company\ViewModels\CompanyPageViewModel.cs Wpf\Company\Views\CompanyPageView.xaml.cs Wpf\Employee\ViewModels\EmployeePageViewModel.cs Wpf\Employee\Views\EmployeePageView.xaml.cs Wpf\Export\Invoice\ViewModels\InvoiceExportViewModel.cs Wpf\Export\Invoice\Views\InvoiceExportView.xaml.cs Wpf\Export\Renewal\ViewModels\RenewalExportViewModel.cs Wpf\Export\Renewal\Views\RenewalExportView.xaml.cs Wpf\Export\Sets\ViewModels\SetsExportViewModel.cs Wpf\Export\Sets\Views\SetsExportView.xaml.cs Wpf\Export\RenewalsGrouped\ViewModels\RenewalsGroupedExportViewModel.cs Wpf\Export\RenewalsGrouped\Views\RenewalsGroupedExportView.xaml.cs Wpf\Invoice\ViewModels\InvoiceRow.cs Wpf\Invoice\ViewModels\InvoicePageViewModel.cs Wpf\Invoice\ViewModels\InvoicePageViewModel.Filters.cs Wpf\Invoice\ViewModels\InvoicePageViewModel.Actions.cs Wpf\Invoice\Views\InvoicePageView.xaml.cs Wpf\Invoice\ViewModels\InvoiceLicenseReviewRow.cs Wpf\Invoice\ViewModels\InvoiceLicenseReviewViewModel.cs Wpf\Invoice\Views\InvoiceLicenseReviewView.xaml.cs Wpf\Invoice\ViewModels\NonLicensedInvoiceRow.cs Wpf\Invoice\ViewModels\NonLicensedInvoiceViewModel.cs Wpf\Invoice\Views\NonLicensedInvoiceView.xaml.cs Wpf\Request\ViewModels\RequestRow.cs Wpf\Request\ViewModels\RequestPageViewModel.cs Wpf\Request\ViewModels\RequestPageViewModel.Filters.cs Wpf\Request\ViewModels\RequestPageViewModel.Actions.cs Wpf\Request\Views\RequestPageView.xaml.cs Pages\Request\ArchiveRequestDialog.cs Wpf\Set\ViewModels\SetRow.cs Wpf\Set\ViewModels\SetPageViewModel.cs Wpf\Set\ViewModels\SetPageViewModel.Filters.cs Wpf\Set\ViewModels\SetPageViewModel.Actions.cs Wpf\Set\Views\SetPageView.xaml.cs Wpf\Set\RequisitionForm\Converters\RequisitionFormScaleConverters.cs Wpf\Set\RequisitionForm\ViewModels\RequisitionFormViewModel.cs Wpf\Set\RequisitionForm\ViewModels\PrepareRequisitionViewModel.cs Wpf\Set\RequisitionForm\Services\RequisitionFormPrintService.cs Wpf\Set\RequisitionForm\Views\RequisitionFormPrintView.xaml.cs Wpf\Set\RequisitionForm\Dialogs\PrepareRequisitionDialog.xaml.cs Wpf\Set\RequisitionForm\Dialogs\PrintRequisitionDialog.xaml.cs Pages\Set\ArchiveSetDialog.cs Wpf\Renewal\ViewRenewals\ViewModels\RenewalRow.cs Wpf\Renewal\ViewRenewals\ViewModels\RenewalPageViewModel.cs Wpf\Renewal\ViewRenewals\ViewModels\RenewalPageViewModel.Filters.cs Wpf\Renewal\ViewRenewals\ViewModels\RenewalPageViewModel.Actions.cs Wpf\Renewal\ViewRenewals\Views\RenewalPageView.xaml.cs Wpf\Renewal\RenewalGroups\ViewModels\RenewalGroupRow.cs Wpf\Renewal\RenewalGroups\ViewModels\RenewalHistoryEntryVm.cs Wpf\Renewal\RenewalGroups\ViewModels\RenewalGroupPageViewModel.cs Wpf\Renewal\RenewalGroups\ViewModels\RenewalGroupPageViewModel.Filters.cs Wpf\Renewal\RenewalGroups\ViewModels\RenewalGroupPageViewModel.Actions.cs Wpf\Renewal\RenewalGroups\Views\RenewalGroupPageView.xaml.cs Wpf\Renewal\RenewalGroups\Views\RenewalHistoryWindow.xaml.cs Wpf\ItemMovementAudit\ViewModels\ItemMovementAuditPageViewModel.cs Wpf\ItemMovementAudit\ViewModels\ItemMovementAuditPageViewModel.Data.cs Wpf\ItemMovementAudit\ViewModels\ItemMovementAuditPageViewModel.Sorting.cs Wpf\ItemMovementAudit\ViewModels\ItemMovementAuditPageViewModel.State.cs Wpf\ItemMovementAudit\Views\ItemMovementAuditPageView.xaml.cs Wpf\RepairedItems\ViewModels\RepairedItemsPageViewModel.cs Wpf\RepairedItems\ViewModels\RepairedItemsPageViewModel.Filters.cs Wpf\RepairedItems\ViewModels\RepairedItemsPageViewModel.State.cs Wpf\RepairedItems\ViewModels\RepairedItemsPageViewModel.Actions.cs Wpf\RepairedItems\Views\RepairedItemsPageView.xaml.cs Pages\Inventory\InventoryDtos.cs Wpf\Inventory\ViewModels\SimpleTabState.cs Wpf\Inventory\ViewModels\InventoryPageViewModel.cs Wpf\Inventory\ViewModels\InventoryPageViewModel.Tabs1to4.cs Wpf\Inventory\ViewModels\InventoryPageViewModel.InventoryTab.cs Wpf\Inventory\Views\InventoryPageView.xaml.cs WPF\CartridgeManagement\ViewModels\MultiModelRowViewModel.cs WPF\CartridgeManagement\ViewModels\SessionGroupViewModel.cs WPF\CartridgeManagement\ViewModels\ExchangePanelViewModel.cs WPF\CartridgeManagement\ViewModels\CartridgeManagementViewModel.cs Wpf\CartridgeManagement\ViewModels\CartridgeTransmittalViewModel.cs Wpf\CartridgeManagement\ViewModels\EmployeeSelectItem.cs Wpf\CartridgeManagement\ViewModels\PrepareTransmittalViewModel.cs Wpf\CartridgeManagement\Services\TransmittalPrintService.cs Wpf\CartridgeManagement\Services\PrintDiagnosticsService.cs Wpf\CartridgeManagement\Services\CalibrationPrintService.cs Wpf\CartridgeManagement\Views\CartridgeTransmittalPrintView.xaml.cs Wpf\CartridgeManagement\Views\CartridgeTransmittalPrintPage.xaml.cs Wpf\CartridgeManagement\Dialogs\PrintTransmittalDialog.xaml.cs Wpf\CartridgeManagement\Dialogs\PrepareTransmittalDialog.xaml.cs Wpf\CartridgeManagement\Dialogs\FulfilledCartridgeDetailDialog.xaml.cs Wpf\CartridgeManagement\ViewModels\PfExchangeRowViewModel.cs Wpf\CartridgeManagement\ViewModels\PfSessionGroupViewModel.cs Wpf\CartridgeManagement\ViewModels\FulfillRowStateViewModel.cs Wpf\CartridgeManagement\ViewModels\PartiallyFulfilledViewModel.cs Wpf\CartridgeManagement\ViewModels\UnfulfilledExchangesViewModel.cs Wpf\CartridgeManagement\Views\PartiallyFulfilledView.xaml.cs Wpf\CartridgeManagement\Views\UnfulfilledExchangesView.xaml.cs Wpf\CartridgeManagement\Views\FulfillExchangeDialog.xaml.cs Wpf\RequestManagement\ViewModels\RequestFulfillmentRowViewModel.cs Wpf\RequestManagement\ViewModels\RequestSessionGroupViewModel.cs Wpf\RequestManagement\ViewModels\FulfillRequestRowStateViewModel.cs Wpf\RequestManagement\ViewModels\PartiallyFulfilledRequestsViewModel.cs Wpf\RequestManagement\ViewModels\UnfulfilledRequestsViewModel.cs Wpf\RequestManagement\Views\PartiallyFulfilledRequestsView.xaml.cs Wpf\RequestManagement\Views\UnfulfilledRequestsView.xaml.cs Wpf\RequestManagement\Views\FulfillRequestDialog.xaml.cs Wpf\ConsumableManagement\ViewModels\ViewConsumableModelsViewModel.cs Wpf\ConsumableManagement\Views\ViewConsumableModelsView.xaml.cs Wpf\ConsumableManagement\Views\EditConsumableModelWindow.xaml.cs WPF\CartridgeManagement\Views\CartridgeManagementView.xaml.cs Wpf\Search\Converters\SearchConverters.cs Wpf\Search\ViewModels\SearchCardViewModel.cs Wpf\Search\ViewModels\SearchViewModel.cs Wpf\Search\Views\SearchView.xaml.cs Wpf\RequestPortal\NewRequest\ViewModels\RequestItemRowViewModel.cs Wpf\RequestPortal\NewRequest\ViewModels\NewRequestViewModel.cs Wpf\RequestPortal\NewRequest\Views\NewRequestView.xaml.cs Wpf\RequestPortal\AssistedRequest\ViewModels\AssistedRequestViewModel.cs Wpf\RequestPortal\AssistedRequest\Views\AssistedRequestView.xaml.cs Wpf\RequestPortal\RequestHistory\ViewModels\RequestHistoryViewModel.cs Wpf\RequestPortal\RequestHistory\Views\RequestHistoryView.xaml.cs Wpf\RequestPortal\NotificationBellControl.xaml.cs Wpf\Notifications\NotificationSettingsWindow.xaml.cs Wpf\RequestPortal\AuthorizationHistory\ViewModels\AuthorizationHistoryViewModel.cs Wpf\RequestPortal\AuthorizationHistory\Views\AuthorizationHistoryView.xaml.cs Wpf\RequestPortal\AuthorizeRequest\ViewModels\AuthorizeRequestViewModel.cs Wpf\RequestPortal\AuthorizeRequest\Views\AuthorizeRequestView.xaml.cs Wpf\RequestPortal\WalkThrough\WpfPortalTourStep.cs Wpf\RequestPortal\WalkThrough\WpfPortalTourService.cs Wpf\RequestPortal\WalkThrough\WpfPortalTourWindow.xaml.cs Wpf\Renewal\LinkRenewal\ViewModels\CandidateSetViewModel.cs Wpf\Renewal\LinkRenewal\ViewModels\SetItemComparisonRow.cs Wpf\Renewal\LinkRenewal\ViewModels\LinkRenewalViewModel.cs Wpf\Renewal\LinkRenewal\Views\LinkRenewalWindow.xaml.cs Wpf\Renewal\RenewItems\ViewModels\RenewItemRow.cs Wpf\Renewal\RenewItems\ViewModels\RenewItemsViewModel.cs Wpf\Renewal\RenewItems\Views\RenewItemsWindow.xaml.cs Wpf\Renewal\RenewalDetail\ViewModels\RenewalChainNodeViewModel.cs Wpf\Renewal\RenewalDetail\ViewModels\InvoiceItemRowViewModel.cs Wpf\Renewal\RenewalDetail\ViewModels\RenewalHistoryRowViewModel.cs Wpf\Renewal\RenewalDetail\ViewModels\RenewalDetailViewModel.cs Wpf\Renewal\RenewalDetail\Views\RenewalDetailWindow.xaml.cs Wpf\Renewal\RenewalWorkspace\ViewModels\RenewalWorkspaceViewModel.cs Wpf\Renewal\RenewalWorkspace\Views\RenewalWorkspaceWindow.xaml.cs Wpf\Renewal\ChainReceipts\ViewModels\ChainReceiptsViewModel.cs Wpf\Renewal\ChainReceipts\Views\ChainReceiptsWindow.xaml.cs Pages\Dtos.cs Pages\Admin\Account-Management\AccountPermissionsPage.cs Pages\Set\SetDispatchNotificationPage.cs Pages\SupervisorApprovalPage.cs Repositories\CartridgeApprovalRepository.cs Repositories\CartridgeAuthorizationRepository.cs Repositories\NotificationRepository.cs Repositories\UserNotificationSettingRepository.cs Repositories\ReportsRepository.cs Services\CartridgeApprovalService.cs Services\AuthorizationService.cs Yakult_Inventory_System_DEVDataSet.Designer.cs Forms\Admin\AdminPortalForm.cs Forms\Admin\UserActivityInsightsForm.cs Forms\Admin\UserActivityInsightsWpfHost.cs Forms\CartridgeManagement\CartridgeManagementForm.cs Forms\CartridgeManagement\CartridgeManagementPortalForm.cs Forms\ConsumableManagement\RequestSetManagementPortalForm.cs Forms\Admin\AccountManagement\EmployeeManagementWpfHost.cs Forms\Admin\AccountManagement\UserAccountManagementWpfHost.cs Forms\Admin\AccountManagement\UserPositionsWpfHost.cs Forms\Admin\UserActivityWpfHost.cs Forms\Admin\AccountManagement\ApproverManagementWpfHost.cs Forms\Admin\AccountManagement\DepartmentAccountsWpfHost.cs Forms\CartridgeManagement\ClosedCartridgesWpfHost.cs Forms\CartridgeManagement\ViewCartridgesWpfHost.cs Forms\CartridgeManagement\ViewCartridgeModelsWpfHost.cs Forms\CartridgeManagement\AuthorizationMonitorWpfHost.cs Forms\CartridgeManagement\ViewCartridgeSetsWpfHost.cs Forms\CartridgeManagement\CartridgeTrackingWpfHost.cs Forms\Dashboard\DashboardDrillDownDialog.cs Forms\Dashboard\DashboardHome.cs Forms\CallMonitoringDashboard.cs Forms\BorrowItemsDashboard.cs Forms\BorrowItems\ReturnBorrowDialog.cs Forms\BorrowItems\BorrowUiTheme.cs Forms\BorrowItems\ConfirmBorrowDialog.cs Forms\BorrowItems\BorrowDetailsDialog.cs Forms\BorrowItems\ConfirmReturnDialog.cs Forms\CallMonitoring\EmailNotificationForm.cs Forms\CallMonitoring\DepartmentSmtpProfileDialog.cs Forms\CallMonitoring\SmtpProfileLinkDialog.cs Forms\CallMonitoring\DepartmentSmtpProfileLinkDialog.cs Forms\CallMonitoring\BranchSmtpProfileLinkDialog.cs Forms\CallMonitoring\SmtpProfileDialogUi.cs Forms\CallMonitoring\CallMonitoringReportsForm.cs Forms\CallMonitoring\CallMonitoringProfilesForm.cs Forms\CallMonitoring\EmployeeProfileDetailsDialog.cs Forms\CallMonitoring\EmployeeReplacementItemsDialog.cs Forms\CallMonitoring\AutoEscalationAssigneeDialog.cs Forms\CallMonitoring\EscalationOverrideForm.cs Forms\CallMonitoring\MarkAsResolutionDialog.cs Forms\CallMonitoring\TicketDetailsDialog.cs Forms\CallMonitoring\TicketSummaryDialog.cs Forms\CallMonitoring\DashboardDrillDownForm.cs Forms\CallMonitoring\EmailLogDetailsDialog.cs Forms\CallMonitoring\EmailTemplatePreviewDialog.cs Forms\CallMonitoring\ConfirmTicketCreationDialog.cs Forms\CallMonitoring\TicketPickerDialog.cs Forms\CallMonitoring\CallMonitoringDisplayModeControl.cs Forms\CallMonitoring\Hybrid\WpfCallMonitoringHostControl.cs Forms\CallMonitoring\Hybrid\WpfTicketManagementHostControl.cs Forms\CallMonitoring\Hybrid\WpfDisplayModeHostControl.cs Forms\CallMonitoring\Hybrid\WpfCallMonitoringProfilesHostControl.cs Forms\CallMonitoring\Hybrid\WpfIncomingTicketsHostControl.cs Forms\CallMonitoring\Hybrid\WpfReportsHostControl.cs Forms\CallMonitoring\Hybrid\WpfEmailNotificationHostControl.cs Forms\CallMonitoring\TicketManagementControl.Presentation.cs Forms\CallMonitoring\TicketManagementControl.StatusWorkflow.cs Forms\CallMonitoring\TicketManagementControl.cs Forms\CallMonitoring\CallMonitoringIcons.cs Forms\CallMonitoring\ToastNotification.cs Forms\CallMonitoring\NotificationDrawerControl.cs Forms\CallMonitoring\TicketWorkflow.cs Models\CallMonitoring\CallAssignmentEligibilityItem.cs Wpf\CallMonitoring\ICallMonitoringNavigator.cs Wpf\CallMonitoring\WpfCallMonitoringShell.cs Wpf\CallMonitoring\WpfNotificationDrawer.cs Wpf\Portal\WpfMainDashboardShell.cs Wpf\Portal\ConsumableManagementPortalShell.xaml.cs Wpf\RequestSetSearch\ViewModels\RequestSetSearchViewModel.cs Wpf\RequestSetSearch\Converters\RequestSetTypeToBrushConverter.cs Wpf\RequestSetSearch\Views\RequestSetSearchView.xaml.cs Wpf\CallMonitoring\WpfCallMonitoringWorkspace.cs Wpf\CallMonitoring\WpfTicketDetailsDialog.cs Wpf\CallMonitoring\WpfItcmDialogs.cs Wpf\CallMonitoring\WpfMarkAsResolutionDialog.cs Wpf\CallMonitoring\WpfTicketStatusActionDialog.cs Wpf\CallMonitoring\WpfEmployeeProfileDetailsDialog.cs Wpf\CallMonitoring\WpfSmtpTestDialog.cs Wpf\CallMonitoring\WpfTicketManagementWorkspace.cs Wpf\CallMonitoring\WpfDisplayModeWorkspace.cs Wpf\CallMonitoring\WpfCallMonitoringProfilesWorkspace.cs Wpf\CallMonitoring\WpfAssigneeEligibilityDialog.cs Wpf\CallMonitoring\WpfCallMonitoringReportsWorkspace.cs Wpf\CallMonitoring\WpfIncomingTicketsWorkspace.cs Wpf\CallMonitoring\WpfIncomingTicketAssigneePickerDialog.cs Wpf\CallMonitoring\WpfEmailNotificationWorkspace.cs Wpf\BorrowItems\WpfBorrowWorkspace.cs Wpf\BorrowItems\WpfBorrowBoardWorkspace.cs Wpf\BorrowItems\WpfBorrowBoardHostControl.cs Wpf\BorrowItems\WpfBorrowHostControl.cs Wpf\BorrowItems\WpfBorrowTransactionWorkspace.cs Wpf\BorrowItems\WpfBorrowDetailsDialog.cs Wpf\BorrowItems\WpfBorrowableItemsPickerDialog.cs Wpf\BorrowItems\WpfAddExternalAndBorrowDialog.cs Wpf\BorrowItems\WpfBorrowTransactionHostControl.cs Forms\Portal\MainDashboardForm.cs Forms\Notifications\NotificationCenterHost.cs Forms\Notifications\NotificationSettingsForm.cs Forms\Notifications\NotificationSettingsForm.Designer.cs Forms\SystemSettings\EmailTemplateEditorDialog.cs Forms\SystemSettings\SendTestEmailDialog.cs Forms\SystemSettings\SystemEmailSettingsForm.cs Forms\SystemSettings\SystemSmtpProfileDialog.cs Helpers\AesEncryptionHelper.cs Helpers\InventoryException.cs Helpers\InventoryHelper.cs Helpers\PasswordHelper.cs Helpers\SecretProtector.cs Helpers\RenewalTestingHelper.cs Helpers\RenewalReportPdfGenerator.cs Helpers\ReportHelper.cs Helpers\ItemPdfGenerator.cs Helpers\TabularPdfGenerator.cs Helpers\SetQRGenerator.cs Helpers\LocalImageFileHelper.cs Helpers\ListPageStateHelper.cs Helpers\UiTheme.cs Helpers\UiFactory.cs Helpers\DefaultListPageTemplate.cs Helpers\ColumnFilterPopup.cs Helpers\DateRangeFilterPopup.cs Models\CartridgeModelDto.cs Models\ConsumableModelDto.cs Models\DamagedEmptyCartridgeDto.cs Models\OutboundBatchDto.cs Models\NonRefillableEmptyDto.cs Models\NonRefillableGroupedDto.cs Models\ClosedEmptyCartridgeDto.cs Models\UnassignedReturnDto.cs Models\UserActivityFilter.cs Models\UserActivityLogDto.cs Models\CartridgeMovementDto.cs Models\CartridgeReturnForRefillDto.cs Models\EmailAddressDto.cs Models\EmailTemplateDto.cs Models\EmployeeEmailDto.cs Models\EmptyCartridgesByVendorDto.cs Models\LookupItem.cs Models\AssetDto.cs Models\BorrowItems\BorrowEmployeeLookup.cs Models\BorrowItems\BorrowItemLookup.cs Models\BorrowItems\BorrowLogPage.cs Models\BorrowItems\BorrowLogRow.cs Models\CallMonitoring\CallDashboardMetrics.cs Models\CallMonitoring\CallEmailSettingsItem.cs Models\CallMonitoring\CallEmailTemplateItem.cs Models\CallMonitoring\CallTicketContactEmailResolution.cs Models\CallMonitoring\CallTicketNotificationData.cs Models\CallMonitoring\CallDepartmentSmtpProfileItem.cs Models\CallMonitoring\CallEmailLogItem.cs Models\CallMonitoring\CallEscalationSettingsItem.cs Models\CallMonitoring\CallIssueTypePoint.cs Models\CallMonitoring\CallNotificationRulesItem.cs Models\CallMonitoring\SmtpSenderConfig.cs Models\CallMonitoring\CallSmtpProfileItem.cs Models\CallMonitoring\CallDepartmentSmtpProfileRow.cs Models\CallMonitoring\CallDepartmentNotificationRecipientItem.cs Models\CallMonitoring\CallBranchSmtpProfileRow.cs Models\CallMonitoring\CallBranchNotificationRecipientItem.cs Models\CallMonitoring\CallTicketEscalationOverrideItem.cs Models\CallMonitoring\CallTicketHistoryItem.cs Models\CallMonitoring\CallTicketListItem.cs Models\CallMonitoring\CallTicketNoteItem.cs Models\CallMonitoring\CallTicketVolumePoint.cs Models\CallMonitoring\CallResolutionReportRow.cs Models\CallMonitoring\CallSlaComplianceReportRow.cs Models\CallMonitoring\CallSolvedSummaryReportRow.cs Models\CallMonitoring\CallEmployeeProfileLookup.cs Models\CallMonitoring\CallEmployeeOrgInfo.cs Models\CallMonitoring\CallEmployeeReplacementItemRow.cs Models\CallMonitoring\CallTechProfileSummary.cs Models\CallMonitoring\CallTechHandledTicketRow.cs Models\CallMonitoring\CallTechOpenTicketRow.cs Models\Inventory.cs Models\InventoryAuditLog.cs Models\InventoryCreateDto.cs Models\ItemAuditTrailDto.cs Models\MovementType.cs Models\DisposedSoldItemDto.cs Models\RenewalDto.cs Models\SetItemRenewalDto.cs Models\ItemCatalogDto.cs Models\RenewalDetailDto.cs Models\ConditionDto.cs Models\ServiceSetModels.cs Models\SetImageDto.cs Models\AuditEntry.cs Models\SystemEmailLogDto.cs Models\SystemSmtpProfileDto.cs Models\UnfulfilledCartridgeExchangeDto.cs Models\VendorBatchAuditTrailDto.cs Models\VendorCartridgeBatchDto.cs Models\RefillTransactionDto.cs Models\RefillEligibilityResult.cs Models\ConsumableCategories.cs Models\ViewModels\BranchViewModel.cs Models\ViewModels\CartridgeModelAvailabilityViewModel.cs Models\ViewModels\CartridgeRequestItemViewModel.cs Models\ViewModels\CartridgeRequestViewModel.cs Models\ViewModels\CompanyViewModel.cs Models\ViewModels\DepartmentViewModel.cs Models\ViewModels\EmployeeViewModel.cs Models\ViewModels\PortalRequestStatusViewModel.cs Models\ViewModels\RequestSubmissionSnapshotViewModel.cs Pages\Admin\Email-Management\EmailLogsPage.cs Pages\CartridgeManagement\CartridgesForRefillPage.cs Pages\Branch\AddBranchDialog.cs Pages\Branch\AddBranchDialog.Designer.cs Pages\Cartridge\DamagedEmptyCartridgesPage.cs Pages\Request-Portal\RequestDetailDialog.cs Pages\Invoice\ViewInvoiceDetailPage.cs Pages\Invoice\ViewInvoiceDetailPage.Designer.cs Pages\Request\ViewRequestsPage.cs Pages\Request\ViewRequestsPage.Designer.cs Pages\Request\EditRequestDialog.cs Pages\Request\EditRequestDialog.Designer.cs Pages\SimpleCropForm.cs Pages\SelectSetDialog.cs Pages\DocumentImagesDialog.cs Pages\ImageViewerDialog.cs Forms\Dashboard\DashboardModels.cs Forms\Dashboard\DashboardService.cs Forms\Dashboard\DashboardView.cs Forms\Reports\ReportDetailsForm.cs Forms\Reports\ReportsForm.cs Forms\Reports\ReportsForm.Designer.cs Repositories\ArchiveRepository.cs Repositories\BaseRepositoryHelper.cs Repositories\BranchRepository.cs Repositories\CartridgeManagementRepository.cs Repositories\SystemSettingRepository.cs Repositories\UserActivityRepository.cs Repositories\HolidayRepository.cs Repositories\CartridgeModelRepository.cs Repositories\ConsumableModelRepository.cs Repositories\PermissionItemRepository.cs Repositories\CartridgeRepository.cs Repositories\CartridgeRefillRepository.cs Repositories\CategoryRepository.cs Repositories\CompanyRepository.cs Repositories\DepartmentRepository.cs Repositories\EmailRepository.cs Repositories\EmployeeRepository.cs Repositories\BorrowItemsRepository.cs Repositories\InventoryRepository.cs Repositories\InvoiceRepository.cs Repositories\InvoiceLicenseReviewRepository.cs Repositories\NonLicensedInvoiceRepository.cs Repositories\ItemRepository.cs Repositories\ItemAuditTrailWriter.cs Repositories\RenewalRepository.cs Repositories\RequestRepository.cs Repositories\RoleRepository.cs Repositories\SearchRepository.cs Repositories\ServiceSetRepository.cs Repositories\CallSchemaGate.cs Repositories\ICallMonitoringRepository.cs Repositories\CallMonitoringRepository.cs Repositories\CallMonitoringRepository.EmailNotifications.cs Repositories\CallMonitoringRepository.SmtpProfiles.cs Repositories\CallMonitoringRepository.Tickets.Core.cs Repositories\CallMonitoringRepository.Tickets.Workflow.cs Repositories\CallMonitoringRepository.Lookups.cs Repositories\CallMonitoringRepository.Reports.DashboardAndTech.cs Repositories\CallMonitoringRepository.Reports.Analytics.cs Repositories\CallMonitoringRepository.Reports.SolvedSummary.cs Repositories\SetRepository.cs Repositories\SetItemUpdateRepository.cs Repositories\ItemMovementAuditRepository.cs Repositories\ItemAuditTrailRepository.cs Repositories\AuditRepository.cs Repositories\ReceiptSetRepository.cs Repositories\ItemRepairHistoryRepository.cs Repositories\ItemLifecycleDecisionRepository.cs Repositories\DisposedSoldReportRepository.cs Repositories\ItemConditionRepository.cs Pages\User\LoginPage.cs Pages\User\LoginPage.Designer.cs Pages\User\MainForm.cs Pages\User\MainForm.Designer.cs Pages\User\RegisterPage.cs Pages\User\RegisterPage.Designer.cs Program.cs Properties\AssemblyInfo.cs Repositories\SetRepositoryEmailHelpers.cs Repositories\UnfulfilledCartridgeExchangeRepository.cs Repositories\VendorRepository.cs Repositories\AssetRepository.cs Security\PermissionResolver.cs Services\ActivityLogger.cs Services\UserActivityInsightsService.cs Services\CartridgeExchangeService.cs Services\CartridgeRefillService.cs Services\EmailReceiptService.cs Services\InventoryService.cs Services\ConsumableStockReconciliationService.cs Services\CallEmailNotificationService.cs Services\ISmtpService.cs Services\PortalNotificationService.cs Services\QRDataService.cs Services\DesktopNotificationPoller.cs Services\WindowsToastService.cs Services\RequesterPortalService.cs Services\SmtpService.cs Services\SystemEmailNotificationService.cs Session\AppSession.cs Session\SessionContext.cs Properties\Resources.Designer.cs Properties\Settings.Designer.cs Wpf\CallMonitoring\WpfThemeResources.cs Pages\Branch\BulkAssignBranchDeptDialog.cs Pages\Employee\EmployeeDialog.xaml.cs Pages\Branch\EditBranchDialog.xaml.cs Pages\BranchAssignment\ViewBranchAssignmentPage.cs Pages\BranchAssignment\AddBranchAssignmentDialog.cs Pages\ApprovalPendingPage.cs Pages\Cartridge\AuthorizationMonitorPage.cs Pages\DisposedSoldReportPage.cs Pages\User\MyAccountPage.cs Pages\Admin\Account-Management\EmployeeManagementPage.cs Pages\Admin\Account-Management\EmployeeManagementPage.Designer.cs Pages\Admin\Account-Management\ResetPasswordDialog.cs Pages\Admin\Account-Management\ResetPasswordDialog.Designer.cs Pages\Admin\Account-Management\RoleManagementPage.cs Pages\Admin\Account-Management\UserAccountManagementPage.cs Pages\Admin\Account-Management\UserAccountManagementPage.Designer.cs Pages\Admin\Reference-Data\BranchAcronymPage.cs Pages\Admin\Reference-Data\DepartmentAcronymPage.cs Pages\Admin\Reference-Data\HolidayManagementPage.cs Pages\Admin\Reference-Data\MasterDataUpdatePage.cs Pages\Admin\Account-Management\DepartmentAccountsPage.cs Pages\Admin\Account-Management\DepartmentAccountsPage.Designer.cs Pages\Admin\Security\PortalAccessPage.cs Pages\Admin\Security\UserPortalAccessPage.cs Pages\Admin\Security\PermissionGridPanel.cs Pages\Admin\Security\CategoryAccessPanel.cs Pages\Admin\Security\PageAccessPanel.cs Pages\Admin\Security\RolePageAccessPanel.cs Pages\Admin\QrImageBackfillPage.cs Pages\Admin\ReceiptBackfillPage.cs Pages\Admin\DBConn\DatabaseSetupForm.cs Pages\Admin\Email-Management\BranchEmailBindingPage.cs Pages\Admin\Email-Management\EmployeeEmailBindingPage.cs Forms\Admin\EmailManagement\SmtpSendSettingsWpfHost.cs Pages\Archive\ArchiveDetailsDialog.cs Pages\Archive\ItemArchiveDetailsDialog.cs Pages\Archive\ItemArchiveDetailsDialog.Designer.cs Pages\Archive\ViewArchivePage.cs Pages\Archive\ViewArchivePage.Designer.cs Pages\Branch\AddBranchPage.cs Pages\Branch\AddBranchPage.Designer.cs Pages\Branch\AddBranchPage_New.cs Pages\Branch\AddBranchPage_New.Designer.cs Pages\Branch\ViewBranchPage.cs Pages\Branch\ViewBranchPage.Designer.cs Pages\BulkAddMasterDataPage.cs Pages\BulkAddMasterDataPagecs.cs Pages\Cartridge\CartridgeReturnDialog.cs Pages\Cartridge\CartridgeReturnDialog.Designer.cs Pages\Cartridge\CreateBatchDialog.cs Pages\Cartridge\EditCartridgeModelDialog.cs Pages\Cartridge\PartiallyFulfilledCartridgePage.cs Pages\Cartridge\UnfulfilledCartridgeExchangesPage.cs Pages\Cartridge\VendorCartridgeRefillPage.cs Pages\Cartridge\VendorCartridgeRefillPage.Designer.cs Pages\Cartridge\ViewBrandNewCartridgesPage.cs Pages\Cartridge\ViewBrandNewCartridgesPage.Designer.cs Pages\Cartridge\ViewCartridgeModelsPage.cs Pages\Cartridge\ViewCartridgeRequestsPage.cs Pages\Cartridge\ViewCartridgeRequestsPage.Designer.cs Pages\Cartridge\ViewCartridgeSetPage.cs Pages\Cartridge\ViewCartridgeSetPage.Designer.cs Pages\Cartridge\ViewCartridgesForRefillPage.cs Pages\Cartridge\ViewCartridgesForRefillPage.Designer.cs Pages\Cartridge\ViewCartridgeTrackingPage.cs Pages\Cartridge\ViewCartridgeTrackingPage.Designer.cs Pages\Cartridge\ViewCartridgesPage.cs Pages\Cartridge\EditBatchDialog.cs Pages\Cartridge\TransferCartridgesDialog.cs Pages\Cartridge\ManualBatchAssignmentDialog.cs Pages\Cartridge\NonRefillableCartridgesPage.cs Pages\Cartridge\DisposedSoldReportFilterDialog.cs Pages\Cartridge\OutboundBatchAssignmentDialog.cs Pages\Cartridge\OutboundBatchesPage.cs Pages\Cartridge\ClosedCartridgesPage.cs Pages\Cartridge\CartridgeFulfillmentNotificationPage.cs Pages\Cartridge\ConfirmReceiverDialog.cs Pages\Category\AddCategoryDialog.cs Pages\Category\EditCategoryDialog.xaml.cs Pages\Category\QuickAddCategoryDialog.cs Pages\Category\QuickAddCategoryDialog.Designer.cs Pages\Category\ViewCategoryPage.cs Pages\Category\ViewCategoryPage.Designer.cs Pages\Company\AddCompanyPage.cs Pages\Company\AddCompanyPage.Designer.cs Pages\Company\ArchiveCompanyDialog.cs Pages\Company\CompanyDialog.xaml.cs Pages\Company\ViewCompanyPage.cs Pages\Company\ViewCompanyPage.Designer.cs Pages\Department\AddDepartmentDialog.cs Pages\Department\AddDepartmentDialog.Designer.cs Pages\Department\AddDepartmentPage.cs Pages\Department\AddDepartmentPage.Designer.cs Pages\Department\AddDepartmentPage_New.cs Pages\Department\AddDepartmentPage_New.Designer.cs Pages\Department\DepartmentDialog.xaml.cs Pages\Department\ViewDepartmentPage.cs Pages\Department\ViewDepartmentPage.Designer.cs Pages\Employee\AddEmployeePage.cs Pages\Employee\AddEmployeePage.Designer.cs Pages\Employee\QuickAddEmployeeDialog.cs Pages\Employee\QuickAddEmployeeDialog.Designer.cs Pages\Employee\ViewEmployeePage.cs Pages\Employee\ViewEmployeePage.Designer.cs Pages\Employee\EmployeeExcelImportPreviewForm.cs Pages\Export\ExportCartridgeDisposedSold.cs Pages\Export\ExportCartridgeDisposedSoldPreviewDialog.cs Pages\Export\ExportInvoice.cs Pages\Export\ExportInvoicePreviewDialog.cs Pages\Export\RenewalGroupViewModel.cs Pages\Export\ExportRenewal.cs Pages\Export\ExportRenewalsGrouped.cs Pages\Export\ExportSets.cs Pages\Export\ExportSetsPreviewDialog.cs Pages\Export\ExportRenewalPreviewDialog.cs Pages\Export\ExportRenewalsGroupedPreviewDialog.cs Pages\Export\ReportPickerPage.cs Pages\Export\CombinedReportPreviewDialog.cs Pages\Export\CombinedReportSettingsDialog.cs Pages\Export\CombinedRdlcPreviewWindow.cs Pages\Asset\AddEditAssetDialog.cs Pages\Asset\ViewAssetPage.cs Pages\Fixed-Asset\ViewFixedAssetsPage.cs Pages\Fixed-Asset\ViewFixedAssetsPage.Designer.cs Pages\Inventory\AddInventoryDialog.cs Pages\Inventory\AddInventoryDialog.Designer.cs Pages\Inventory\EditInventoryDialog.cs Pages\Inventory\EditInventoryDialog.Designer.cs Pages\Inventory\ViewInventoryPage.cs Pages\Inventory\ViewInventoryPage.Designer.cs Pages\Invoice\InvoiceImportDialog.cs Pages\Invoice\InvoiceImportDialog.Designer.cs Pages\Invoice\AddInvoiceItemDialog.cs Pages\Invoice\BatchAddInvoiceItemsDialog.cs Pages\Invoice\BulkAddItemsDialog.cs Pages\Invoice\PickOrCreateInvoiceDialog.cs Pages\Invoice\QuickCreateInvoicePage.cs Pages\Invoice\DeleteInvoiceLineDialog.cs Pages\Invoice\DeleteInvoicesDialog.cs Pages\Invoice\InvoiceSheetForm.cs Pages\Invoice\ViewInvoiceReportPage.cs Pages\Invoice\ViewInvoiceLicenseReviewPage.cs Pages\Invoice\ViewNonLicensedInvoicesPage.cs Pages\Item-Audit\ItemMovementAuditDetailsWindow.cs Pages\Item-Audit\ItemMovementAuditInsightsDialog.cs Pages\Item-Audit\ViewItemMovementAuditPage.cs Pages\Item-Audit\ViewItemMovementAuditPage.Designer.cs Pages\Item\AddItemPage.cs Pages\Item\AddItemPage.Designer.cs Pages\Item\BatchAddItemDialog.xaml.cs Pages\Item\BatchAddItemDialog.Designer.cs Pages\Item\CartridgeCsvImportDialog.xaml.cs Pages\Item\InvoiceCsvImportDialog.xaml.cs Pages\Item\CategoryFixDialog.cs Pages\Item\MobileSerialsPreviewDialog.cs Pages\Item\EditItemDialog.xaml.cs Pages\Item\ItemSelectionManager.cs Pages\Item\IncludeExcludedCellphonesDialog.cs Pages\Item\BulkCellphoneNumberUpdateDialog.cs Pages\Item\UpdateCellphoneDetailsDialog.cs Pages\Item\ViewItemsPage.cs Pages\Item\ViewItemsPage.Designer.cs Pages\Item\ViewRepairedItemsPage.cs Pages\Item\RepairedItemRow.cs Pages\Item\MarkActionDialog.cs Pages\Item\SellDisposeDialog.cs Pages\Item\RepairHistoryDialog.cs Pages\MarkAsProcessedDialog.cs Pages\Receipt\AttachReceiptSetDialog.cs Pages\Receipt\CopyLocalReceiptToDbDialog.cs Pages\Receipt\ReceiptSetViewerDialog.cs Pages\Receipt\ViewReceiptsPage.cs Pages\Renewal\AddRenewalDialog.cs Pages\Renewal\RenewalReportFilterDialog.cs Pages\Renewal\RenewalReportOptionsDialog.cs Pages\Renewal\SetItemRenewalDialog.cs Pages\Renewal\ViewRenewalDetailPage.cs Pages\Renewal\ViewRenewalDetailPage.Designer.cs Pages\Renewal\ViewRenewalPage.cs Pages\Renewal\ViewRenewalPage.Designer.cs Pages\Renewal\ViewRenewalGroupPage.cs Pages\Renewal\ViewRenewalGroupPage.Designer.cs Pages\Request-Portal\AuthorizationHistoryPage.cs Pages\Request-Portal\AuthorizationDetailDialog.cs Pages\Request-Portal\NotificationDropdownForm.cs Pages\Request-Portal\RequesterPortalForm.cs Pages\Request\AddRequestPage.cs Pages\Request\AddRequestPage.Designer.cs Pages\Request\BatchAddRequestDialog.Designer.cs Pages\Set\AddRequestsToSetDialog.cs Pages\Set\AddSetPage.cs Pages\Set\AddSetPage.Designer.cs Pages\Set\SetItemUpdateDetailsDialog.cs Pages\Set\ViewSetDetailPage.cs Pages\Set\ViewSetDetailPage.Designer.cs Pages\Set\ViewSetDetailPage.xaml.cs Pages\Set\ViewSetPage.cs Pages\Set\ViewSetPage.Designer.cs Pages\Software\SelectedItemsReviewDialog.cs Pages\Software\SoftwareItemPickerDialog.cs Pages\Software\SoftwareServiceSetDialog.cs Pages\Software\SoftwareServiceSetDialog.Designer.cs Pages\Update\ViewUpdatesPage.cs Pages\User\ChangePasswordDialog.cs Pages\User\ChangePasswordDialog.Designer.cs Pages\Vendor\AddVendorDialog.cs Pages\Vendor\EditVendorDialog.xaml.cs Pages\Vendor\QuickAddVendorDialog.cs Pages\Vendor\QuickAddVendorDialog.Designer.cs Pages\Vendor\ViewVendorsPage.cs Pages\Warranty\ViewWarrantyPage.cs Pages\ReportViewerForm.cs Pages\ReportViewerForm.Designer.cs Forms\CallMonitoring\SmtpTestDialog.cs Wpf\CallMonitoring\WpfCallMonitoringDiagnosticsWorkspace.cs Forms\CallMonitoring\Hybrid\WpfDiagnosticsHostControl.cs Dialogs\AddInventoryDialog.cs Dialogs\AddInventoryDialog.Designer.cs Dialogs\EditInventoryDialog.cs Dialogs\EditInventoryDialog.Designer.cs Forms\CallMonitoring\CallMonitoringDiagnosticsForm.cs Helpers\ApplicationIcon.cs Models\EmptyCartridgeDto.cs Pages\RoleManagementPage_New.cs Pages\Cartridge\ReceiveRefilledCartridgesPage.cs Pages\Cartridge\ReceiveRefilledCartridgesPage.Designer.cs Pages\Invoice\ViewInvoicePage.cs Pages\Invoice\ViewInvoicePage.Designer.cs Pages\Item\AddItemDialog.cs Pages\Item\AddItemDialog.Designer.cs Pages\Request\BatchAddRequestDialog.xaml.cs Pages\Set\SelectRequestForSetDialog.cs C:\Users\russel.mercado\source\repos\Yakult-System-for-Merging\Yakult.Inventory.App\obj\BulkCellphoneValidation\WPF\CartridgeManagement\Views\CartridgeManagementView.g.cs C:\Users\russel.mercado\source\repos\Yakult-System-for-Merging\Yakult.Inventory.App\obj\BulkCellphoneValidation\WPF\CartridgeManagement\Dialogs\AssignReturnsDialog.g.cs C:\Users\russel.mercado\source\repos\Yakult-System-for-Merging\Yakult.Inventory.App\obj\BulkCellphoneValidation\Wpf\Admin\AccountManagement\Views\EmployeeManagementView.g.cs C:\Users\russel.mercado\source\repos\Yakult-System-for-Merging\Yakult.Inventory.App\obj\BulkCellphoneValidation\Wpf\Admin\AccountManagement\Views\UserAccountManagementView.g.cs C:\Users\russel.mercado\source\repos\Yakult-System-for-Merging\Yakult.Inventory.App\obj\BulkCellphoneValidation\Wpf\Admin\UserPositions\Views\UserPositionsView.g.cs C:\Users\russel.mercado\source\repos\Yakult-System-for-Merging\Yakult.Inventory.App\obj\BulkCellphoneValidation\Wpf\Admin\UserActivity\Views\UserActivityView.g.cs C:\Users\russel.mercado\source\repos\Yakult-System-for-Merging\Yakult.Inventory.App\obj\BulkCellphoneValidation\Wpf\Admin\AccountManagement\Views\ApproverManagementView.g.cs C:\Users\russel.mercado\source\repos\Yakult-System-for-Merging\Yakult.Inventory.App\obj\BulkCellphoneValidation\Wpf\Admin\UserActivityInsights\Views\UserActivityInsightsView.g.cs C:\Users\russel.mercado\source\repos\Yakult-System-for-Merging\Yakult.Inventory.App\obj\BulkCellphoneValidation\Wpf\Admin\EmailManagement\Views\EmailAddressesTabView.g.cs C:\Users\russel.mercado\source\repos\Yakult-System-for-Merging\Yakult.Inventory.App\obj\BulkCellphoneValidation\Wpf\Admin\EmailManagement\Views\SmtpProfilesTabView.g.cs C:\Users\russel.mercado\source\repos\Yakult-System-for-Merging\Yakult.Inventory.App\obj\BulkCellphoneValidation\Wpf\Admin\EmailManagement\Views\EmailTemplatesTabView.g.cs C:\Users\russel.mercado\source\repos\Yakult-System-for-Merging\Yakult.Inventory.App\obj\BulkCellphoneValidation\Wpf\Admin\EmailManagement\Views\EmailConfigurationWindow.g.cs C:\Users\russel.mercado\source\repos\Yakult-System-for-Merging\Yakult.Inventory.App\obj\BulkCellphoneValidation\Wpf\Admin\EmailManagement\Views\SmtpSendSettingsView.g.cs C:\Users\russel.mercado\source\repos\Yakult-System-for-Merging\Yakult.Inventory.App\obj\BulkCellphoneValidation\Wpf\Admin\EmailManagement\Views\ApplyProfileToTemplatesDialog.g.cs C:\Users\russel.mercado\source\repos\Yakult-System-for-Merging\Yakult.Inventory.App\obj\BulkCellphoneValidation\Wpf\Admin\EmailManagement\Views\TurnOffTemplatesDialog.g.cs C:\Users\russel.mercado\source\repos\Yakult-System-for-Merging\Yakult.Inventory.App\obj\BulkCellphoneValidation\Wpf\Admin\AccountManagement\Views\DepartmentAccountsView.g.cs C:\Users\russel.mercado\source\repos\Yakult-System-for-Merging\Yakult.Inventory.App\obj\BulkCellphoneValidation\Wpf\Admin\AccountManagement\Dialogs\CreateDeptAccountWindow.g.cs C:\Users\russel.mercado\source\repos\Yakult-System-for-Merging\Yakult.Inventory.App\obj\BulkCellphoneValidation\Wpf\Admin\AccountManagement\Dialogs\ChangeDeptPasswordWindow.g.cs C:\Users\russel.mercado\source\repos\Yakult-System-for-Merging\Yakult.Inventory.App\obj\BulkCellphoneValidation\Wpf\Admin\AccountManagement\Dialogs\VerifyAdminPasswordWindow.g.cs C:\Users\russel.mercado\source\repos\Yakult-System-for-Merging\Yakult.Inventory.App\obj\BulkCellphoneValidation\Wpf\Admin\AccountManagement\Dialogs\ShowDeptPasswordWindow.g.cs C:\Users\russel.mercado\source\repos\Yakult-System-for-Merging\Yakult.Inventory.App\obj\BulkCellphoneValidation\Wpf\Admin\AccountManagement\Dialogs\EditDeptAccountWindow.g.cs C:\Users\russel.mercado\source\repos\Yakult-System-for-Merging\Yakult.Inventory.App\obj\BulkCellphoneValidation\Wpf\Admin\AccountManagement\Dialogs\ColumnFilterWindow.g.cs C:\Users\russel.mercado\source\repos\Yakult-System-for-Merging\Yakult.Inventory.App\obj\BulkCellphoneValidation\Wpf\Admin\AccountManagement\Dialogs\EmployeeImportPreviewWindow.g.cs C:\Users\russel.mercado\source\repos\Yakult-System-for-Merging\Yakult.Inventory.App\obj\BulkCellphoneValidation\Wpf\Admin\AccountManagement\Dialogs\EmployeeImportSummaryWindow.g.cs C:\Users\russel.mercado\source\repos\Yakult-System-for-Merging\Yakult.Inventory.App\obj\BulkCellphoneValidation\Wpf\Admin\AccountManagement\Dialogs\SelectedEmployeesReviewDialog.g.cs C:\Users\russel.mercado\source\repos\Yakult-System-for-Merging\Yakult.Inventory.App\obj\BulkCellphoneValidation\Wpf\Admin\AccountManagement\Dialogs\ExportFilterDialog.g.cs C:\Users\russel.mercado\source\repos\Yakult-System-for-Merging\Yakult.Inventory.App\obj\BulkCellphoneValidation\Wpf\Admin\AccountManagement\Dialogs\ExportPreviewWindow.g.cs C:\Users\russel.mercado\source\repos\Yakult-System-for-Merging\Yakult.Inventory.App\obj\BulkCellphoneValidation\WPF\CartridgeManagement\Views\ClosedCartridgesView.g.cs C:\Users\russel.mercado\source\repos\Yakult-System-for-Merging\Yakult.Inventory.App\obj\BulkCellphoneValidation\Wpf\CartridgeManagement\Views\FulfilledCartridgesView.g.cs C:\Users\russel.mercado\source\repos\Yakult-System-for-Merging\Yakult.Inventory.App\obj\BulkCellphoneValidation\Wpf\CartridgeManagement\Views\ViewCartridgesView.g.cs C:\Users\russel.mercado\source\repos\Yakult-System-for-Merging\Yakult.Inventory.App\obj\BulkCellphoneValidation\Wpf\CartridgeManagement\Views\ViewCartridgeModelsView.g.cs C:\Users\russel.mercado\source\repos\Yakult-System-for-Merging\Yakult.Inventory.App\obj\BulkCellphoneValidation\Wpf\CartridgeManagement\Views\EditCartridgeModelWindow.g.cs C:\Users\russel.mercado\source\repos\Yakult-System-for-Merging\Yakult.Inventory.App\obj\BulkCellphoneValidation\Wpf\CartridgeManagement\Views\AuthorizationMonitorView.g.cs C:\Users\russel.mercado\source\repos\Yakult-System-for-Merging\Yakult.Inventory.App\obj\BulkCellphoneValidation\Wpf\CartridgeManagement\Views\ViewCartridgeSetsView.g.cs C:\Users\russel.mercado\source\repos\Yakult-System-for-Merging\Yakult.Inventory.App\obj\BulkCellphoneValidation\Wpf\CartridgeManagement\Views\CartridgeTrackingView.g.cs C:\Users\russel.mercado\source\repos\Yakult-System-for-Merging\Yakult.Inventory.App\obj\BulkCellphoneValidation\WPF\CartridgeManagement\Views\DamagedEmptyCartridgesView.g.cs C:\Users\russel.mercado\source\repos\Yakult-System-for-Merging\Yakult.Inventory.App\obj\BulkCellphoneValidation\WPF\CartridgeManagement\Views\VendorCartridgeRefillView.g.cs C:\Users\russel.mercado\source\repos\Yakult-System-for-Merging\Yakult.Inventory.App\obj\BulkCellphoneValidation\WPF\CartridgeManagement\Dialogs\CreateBatchDialog.g.cs C:\Users\russel.mercado\source\repos\Yakult-System-for-Merging\Yakult.Inventory.App\obj\BulkCellphoneValidation\WPF\CartridgeManagement\Dialogs\EditBatchWindow.g.cs C:\Users\russel.mercado\source\repos\Yakult-System-for-Merging\Yakult.Inventory.App\obj\BulkCellphoneValidation\Wpf\Receipt\ReceiptSetViewerWindow.g.cs C:\Users\russel.mercado\source\repos\Yakult-System-for-Merging\Yakult.Inventory.App\obj\BulkCellphoneValidation\Wpf\Set\BulkAddFiles\BulkAddFilesWindow.g.cs C:\Users\russel.mercado\source\repos\Yakult-System-for-Merging\Yakult.Inventory.App\obj\BulkCellphoneValidation\Wpf\Receipt\ReceiptSetsView.g.cs C:\Users\russel.mercado\source\repos\Yakult-System-for-Merging\Yakult.Inventory.App\obj\BulkCellphoneValidation\WPF\CartridgeManagement\Dialogs\OutboundBatchAssignmentWpfDialog.g.cs C:\Users\russel.mercado\source\repos\Yakult-System-for-Merging\Yakult.Inventory.App\obj\BulkCellphoneValidation\WPF\CartridgeManagement\Dialogs\TransferBatchDialog.g.cs C:\Users\russel.mercado\source\repos\Yakult-System-for-Merging\Yakult.Inventory.App\obj\BulkCellphoneValidation\WPF\CartridgeManagement\Dialogs\TransferCartridgesWpfDialog.g.cs C:\Users\russel.mercado\source\repos\Yakult-System-for-Merging\Yakult.Inventory.App\obj\BulkCellphoneValidation\Wpf\CartridgeManagement\Views\PartiallyFulfilledView.g.cs C:\Users\russel.mercado\source\repos\Yakult-System-for-Merging\Yakult.Inventory.App\obj\BulkCellphoneValidation\Wpf\CartridgeManagement\Views\UnfulfilledExchangesView.g.cs C:\Users\russel.mercado\source\repos\Yakult-System-for-Merging\Yakult.Inventory.App\obj\BulkCellphoneValidation\Wpf\CartridgeManagement\Views\FulfillExchangeDialog.g.cs C:\Users\russel.mercado\source\repos\Yakult-System-for-Merging\Yakult.Inventory.App\obj\BulkCellphoneValidation\Wpf\RequestManagement\Views\PartiallyFulfilledRequestsView.g.cs C:\Users\russel.mercado\source\repos\Yakult-System-for-Merging\Yakult.Inventory.App\obj\BulkCellphoneValidation\Wpf\RequestManagement\Views\UnfulfilledRequestsView.g.cs C:\Users\russel.mercado\source\repos\Yakult-System-for-Merging\Yakult.Inventory.App\obj\BulkCellphoneValidation\Wpf\RequestManagement\Views\FulfillRequestDialog.g.cs C:\Users\russel.mercado\source\repos\Yakult-System-for-Merging\Yakult.Inventory.App\obj\BulkCellphoneValidation\Wpf\ConsumableManagement\Views\ViewConsumableModelsView.g.cs C:\Users\russel.mercado\source\repos\Yakult-System-for-Merging\Yakult.Inventory.App\obj\BulkCellphoneValidation\Wpf\ConsumableManagement\Views\EditConsumableModelWindow.g.cs C:\Users\russel.mercado\source\repos\Yakult-System-for-Merging\Yakult.Inventory.App\obj\BulkCellphoneValidation\Wpf\CartridgeManagement\Views\CartridgeTransmittalPrintView.g.cs C:\Users\russel.mercado\source\repos\Yakult-System-for-Merging\Yakult.Inventory.App\obj\BulkCellphoneValidation\Wpf\CartridgeManagement\Views\CartridgeTransmittalPrintPage.g.cs C:\Users\russel.mercado\source\repos\Yakult-System-for-Merging\Yakult.Inventory.App\obj\BulkCellphoneValidation\Wpf\CartridgeManagement\Dialogs\PrintTransmittalDialog.g.cs C:\Users\russel.mercado\source\repos\Yakult-System-for-Merging\Yakult.Inventory.App\obj\BulkCellphoneValidation\Wpf\CartridgeManagement\Dialogs\PrepareTransmittalDialog.g.cs C:\Users\russel.mercado\source\repos\Yakult-System-for-Merging\Yakult.Inventory.App\obj\BulkCellphoneValidation\Wpf\CartridgeManagement\Dialogs\FulfilledCartridgeDetailDialog.g.cs C:\Users\russel.mercado\source\repos\Yakult-System-for-Merging\Yakult.Inventory.App\obj\BulkCellphoneValidation\Wpf\CartridgeManagement\Views\NonRefillableEmptyCartridgesView.g.cs C:\Users\russel.mercado\source\repos\Yakult-System-for-Merging\Yakult.Inventory.App\obj\BulkCellphoneValidation\Wpf\CartridgeManagement\Views\OutboundBatchesView.g.cs C:\Users\russel.mercado\source\repos\Yakult-System-for-Merging\Yakult.Inventory.App\obj\BulkCellphoneValidation\Wpf\NotificationCenter\Controls\NotificationCardControl.g.cs C:\Users\russel.mercado\source\repos\Yakult-System-for-Merging\Yakult.Inventory.App\obj\BulkCellphoneValidation\Wpf\NotificationCenter\Views\NotificationCenterView.g.cs C:\Users\russel.mercado\source\repos\Yakult-System-for-Merging\Yakult.Inventory.App\obj\BulkCellphoneValidation\Wpf\Archive\Views\ArchivePageView.g.cs C:\Users\russel.mercado\source\repos\Yakult-System-for-Merging\Yakult.Inventory.App\obj\BulkCellphoneValidation\Wpf\Items\Views\ItemsPageView.g.cs C:\Users\russel.mercado\source\repos\Yakult-System-for-Merging\Yakult.Inventory.App\obj\BulkCellphoneValidation\Wpf\Shared\Views\InputPromptWindow.g.cs C:\Users\russel.mercado\source\repos\Yakult-System-for-Merging\Yakult.Inventory.App\obj\BulkCellphoneValidation\Wpf\Shared\Views\DocumentDateOverflowWindow.g.cs C:\Users\russel.mercado\source\repos\Yakult-System-for-Merging\Yakult.Inventory.App\obj\BulkCellphoneValidation\Wpf\Shared\Controls\PagingControl.g.cs C:\Users\russel.mercado\source\repos\Yakult-System-for-Merging\Yakult.Inventory.App\obj\BulkCellphoneValidation\Wpf\Shared\Controls\SelectedCountBadge.g.cs C:\Users\russel.mercado\source\repos\Yakult-System-for-Merging\Yakult.Inventory.App\obj\BulkCellphoneValidation\Wpf\Shared\Controls\SelectedRowsReviewDialog.g.cs C:\Users\russel.mercado\source\repos\Yakult-System-for-Merging\Yakult.Inventory.App\obj\BulkCellphoneValidation\Wpf\FixedAssets\Views\FixedAssetsPageView.g.cs C:\Users\russel.mercado\source\repos\Yakult-System-for-Merging\Yakult.Inventory.App\obj\BulkCellphoneValidation\Wpf\Warranty\Views\WarrantyPageView.g.cs C:\Users\russel.mercado\source\repos\Yakult-System-for-Merging\Yakult.Inventory.App\obj\BulkCellphoneValidation\Wpf\Update\Views\UpdatesPageView.g.cs C:\Users\russel.mercado\source\repos\Yakult-System-for-Merging\Yakult.Inventory.App\obj\BulkCellphoneValidation\Wpf\Asset\Views\AssetPageView.g.cs C:\Users\russel.mercado\source\repos\Yakult-System-for-Merging\Yakult.Inventory.App\obj\BulkCellphoneValidation\Wpf\Vendor\Views\VendorPageView.g.cs C:\Users\russel.mercado\source\repos\Yakult-System-for-Merging\Yakult.Inventory.App\obj\BulkCellphoneValidation\Wpf\Category\Views\CategoryPageView.g.cs C:\Users\russel.mercado\source\repos\Yakult-System-for-Merging\Yakult.Inventory.App\obj\BulkCellphoneValidation\Wpf\Branch\Views\BranchPageView.g.cs C:\Users\russel.mercado\source\repos\Yakult-System-for-Merging\Yakult.Inventory.App\obj\BulkCellphoneValidation\Wpf\Department\Views\DepartmentPageView.g.cs C:\Users\russel.mercado\source\repos\Yakult-System-for-Merging\Yakult.Inventory.App\obj\BulkCellphoneValidation\Wpf\Company\Views\CompanyPageView.g.cs C:\Users\russel.mercado\source\repos\Yakult-System-for-Merging\Yakult.Inventory.App\obj\BulkCellphoneValidation\Wpf\Employee\Views\EmployeePageView.g.cs C:\Users\russel.mercado\source\repos\Yakult-System-for-Merging\Yakult.Inventory.App\obj\BulkCellphoneValidation\Wpf\Export\Invoice\Views\InvoiceExportView.g.cs C:\Users\russel.mercado\source\repos\Yakult-System-for-Merging\Yakult.Inventory.App\obj\BulkCellphoneValidation\Wpf\Export\Renewal\Views\RenewalExportView.g.cs C:\Users\russel.mercado\source\repos\Yakult-System-for-Merging\Yakult.Inventory.App\obj\BulkCellphoneValidation\Wpf\Export\Sets\Views\SetsExportView.g.cs C:\Users\russel.mercado\source\repos\Yakult-System-for-Merging\Yakult.Inventory.App\obj\BulkCellphoneValidation\Wpf\Export\RenewalsGrouped\Views\RenewalsGroupedExportView.g.cs C:\Users\russel.mercado\source\repos\Yakult-System-for-Merging\Yakult.Inventory.App\obj\BulkCellphoneValidation\Wpf\Invoice\Views\InvoicePageView.g.cs C:\Users\russel.mercado\source\repos\Yakult-System-for-Merging\Yakult.Inventory.App\obj\BulkCellphoneValidation\Wpf\Invoice\Views\InvoiceLicenseReviewView.g.cs C:\Users\russel.mercado\source\repos\Yakult-System-for-Merging\Yakult.Inventory.App\obj\BulkCellphoneValidation\Wpf\Invoice\Views\NonLicensedInvoiceView.g.cs C:\Users\russel.mercado\source\repos\Yakult-System-for-Merging\Yakult.Inventory.App\obj\BulkCellphoneValidation\Wpf\Request\Views\RequestPageView.g.cs C:\Users\russel.mercado\source\repos\Yakult-System-for-Merging\Yakult.Inventory.App\obj\BulkCellphoneValidation\Wpf\Set\Views\SetPageView.g.cs C:\Users\russel.mercado\source\repos\Yakult-System-for-Merging\Yakult.Inventory.App\obj\BulkCellphoneValidation\Wpf\Set\RequisitionForm\Views\RequisitionFormPrintView.g.cs C:\Users\russel.mercado\source\repos\Yakult-System-for-Merging\Yakult.Inventory.App\obj\BulkCellphoneValidation\Wpf\Set\RequisitionForm\Dialogs\PrepareRequisitionDialog.g.cs C:\Users\russel.mercado\source\repos\Yakult-System-for-Merging\Yakult.Inventory.App\obj\BulkCellphoneValidation\Wpf\Set\RequisitionForm\Dialogs\PrintRequisitionDialog.g.cs C:\Users\russel.mercado\source\repos\Yakult-System-for-Merging\Yakult.Inventory.App\obj\BulkCellphoneValidation\Wpf\Renewal\ViewRenewals\Views\RenewalPageView.g.cs C:\Users\russel.mercado\source\repos\Yakult-System-for-Merging\Yakult.Inventory.App\obj\BulkCellphoneValidation\Wpf\Renewal\RenewalGroups\Views\RenewalGroupPageView.g.cs C:\Users\russel.mercado\source\repos\Yakult-System-for-Merging\Yakult.Inventory.App\obj\BulkCellphoneValidation\Wpf\Renewal\RenewalGroups\Views\RenewalHistoryWindow.g.cs C:\Users\russel.mercado\source\repos\Yakult-System-for-Merging\Yakult.Inventory.App\obj\BulkCellphoneValidation\Wpf\Inventory\Views\InventoryPageView.g.cs C:\Users\russel.mercado\source\repos\Yakult-System-for-Merging\Yakult.Inventory.App\obj\BulkCellphoneValidation\Wpf\RepairedItems\Views\RepairedItemsPageView.g.cs C:\Users\russel.mercado\source\repos\Yakult-System-for-Merging\Yakult.Inventory.App\obj\BulkCellphoneValidation\Wpf\ItemMovementAudit\Views\ItemMovementAuditPageView.g.cs C:\Users\russel.mercado\source\repos\Yakult-System-for-Merging\Yakult.Inventory.App\obj\BulkCellphoneValidation\Wpf\Search\Views\SearchView.g.cs C:\Users\russel.mercado\source\repos\Yakult-System-for-Merging\Yakult.Inventory.App\obj\BulkCellphoneValidation\Pages\Item\BatchAddItemDialog.g.cs C:\Users\russel.mercado\source\repos\Yakult-System-for-Merging\Yakult.Inventory.App\obj\BulkCellphoneValidation\Pages\Item\EditItemDialog.g.cs C:\Users\russel.mercado\source\repos\Yakult-System-for-Merging\Yakult.Inventory.App\obj\BulkCellphoneValidation\Pages\Category\EditCategoryDialog.g.cs C:\Users\russel.mercado\source\repos\Yakult-System-for-Merging\Yakult.Inventory.App\obj\BulkCellphoneValidation\Pages\Employee\EmployeeDialog.g.cs C:\Users\russel.mercado\source\repos\Yakult-System-for-Merging\Yakult.Inventory.App\obj\BulkCellphoneValidation\Pages\Branch\EditBranchDialog.g.cs C:\Users\russel.mercado\source\repos\Yakult-System-for-Merging\Yakult.Inventory.App\obj\BulkCellphoneValidation\Pages\Vendor\EditVendorDialog.g.cs C:\Users\russel.mercado\source\repos\Yakult-System-for-Merging\Yakult.Inventory.App\obj\BulkCellphoneValidation\Pages\Company\CompanyDialog.g.cs C:\Users\russel.mercado\source\repos\Yakult-System-for-Merging\Yakult.Inventory.App\obj\BulkCellphoneValidation\Pages\Department\DepartmentDialog.g.cs C:\Users\russel.mercado\source\repos\Yakult-System-for-Merging\Yakult.Inventory.App\obj\BulkCellphoneValidation\Pages\Item\CartridgeCsvImportDialog.g.cs C:\Users\russel.mercado\source\repos\Yakult-System-for-Merging\Yakult.Inventory.App\obj\BulkCellphoneValidation\Pages\Item\InvoiceCsvImportDialog.g.cs C:\Users\russel.mercado\source\repos\Yakult-System-for-Merging\Yakult.Inventory.App\obj\BulkCellphoneValidation\Wpf\RequestPortal\NewRequest\Views\NewRequestView.g.cs C:\Users\russel.mercado\source\repos\Yakult-System-for-Merging\Yakult.Inventory.App\obj\BulkCellphoneValidation\Wpf\Portal\ConsumableManagementPortalShell.g.cs C:\Users\russel.mercado\source\repos\Yakult-System-for-Merging\Yakult.Inventory.App\obj\BulkCellphoneValidation\Wpf\RequestSetSearch\Views\RequestSetSearchView.g.cs C:\Users\russel.mercado\source\repos\Yakult-System-for-Merging\Yakult.Inventory.App\obj\BulkCellphoneValidation\Wpf\RequestPortal\AssistedRequest\Views\AssistedRequestView.g.cs C:\Users\russel.mercado\source\repos\Yakult-System-for-Merging\Yakult.Inventory.App\obj\BulkCellphoneValidation\Wpf\RequestPortal\RequestHistory\Views\RequestHistoryView.g.cs C:\Users\russel.mercado\source\repos\Yakult-System-for-Merging\Yakult.Inventory.App\obj\BulkCellphoneValidation\Wpf\Notifications\NotificationSettingsWindow.g.cs C:\Users\russel.mercado\source\repos\Yakult-System-for-Merging\Yakult.Inventory.App\obj\BulkCellphoneValidation\Wpf\RequestPortal\NotificationBellControl.g.cs C:\Users\russel.mercado\source\repos\Yakult-System-for-Merging\Yakult.Inventory.App\obj\BulkCellphoneValidation\Wpf\RequestPortal\AuthorizationHistory\Views\AuthorizationHistoryView.g.cs C:\Users\russel.mercado\source\repos\Yakult-System-for-Merging\Yakult.Inventory.App\obj\BulkCellphoneValidation\Wpf\RequestPortal\AuthorizeRequest\Views\AuthorizeRequestView.g.cs C:\Users\russel.mercado\source\repos\Yakult-System-for-Merging\Yakult.Inventory.App\obj\BulkCellphoneValidation\Wpf\RequestPortal\WalkThrough\WpfPortalTourWindow.g.cs C:\Users\russel.mercado\source\repos\Yakult-System-for-Merging\Yakult.Inventory.App\obj\BulkCellphoneValidation\Wpf\Renewal\LinkRenewal\Views\LinkRenewalWindow.g.cs C:\Users\russel.mercado\source\repos\Yakult-System-for-Merging\Yakult.Inventory.App\obj\BulkCellphoneValidation\Wpf\Renewal\RenewItems\Views\RenewItemsWindow.g.cs C:\Users\russel.mercado\source\repos\Yakult-System-for-Merging\Yakult.Inventory.App\obj\BulkCellphoneValidation\Wpf\Renewal\RenewalDetail\Views\RenewalDetailWindow.g.cs C:\Users\russel.mercado\source\repos\Yakult-System-for-Merging\Yakult.Inventory.App\obj\BulkCellphoneValidation\Wpf\Renewal\RenewalWorkspace\Views\RenewalWorkspaceWindow.g.cs C:\Users\russel.mercado\source\repos\Yakult-System-for-Merging\Yakult.Inventory.App\obj\BulkCellphoneValidation\Wpf\Renewal\ChainReceipts\Views\ChainReceiptsWindow.g.cs C:\Users\russel.mercado\source\repos\Yakult-System-for-Merging\Yakult.Inventory.App\obj\BulkCellphoneValidation\Wpf\SendNotifications\Views\SendNotificationsView.g.cs C:\Users\russel.mercado\source\repos\Yakult-System-for-Merging\Yakult.Inventory.App\obj\BulkCellphoneValidation\Wpf\Archive\Views\ArchiveDetailsWindow.g.cs C:\Users\russel.mercado\source\repos\Yakult-System-for-Merging\Yakult.Inventory.App\obj\BulkCellphoneValidation\Pages\Set\ViewSetDetailPage.g.cs C:\Users\russel.mercado\source\repos\Yakult-System-for-Merging\Yakult.Inventory.App\obj\BulkCellphoneValidation\Pages\Request\BatchAddRequestDialog.g.cs C:\Users\russel.mercado\source\repos\Yakult-System-for-Merging\Yakult.Inventory.App\obj\BulkCellphoneValidation\Pages\Set\SelectRequestForSetDialog.g.cs C:\Users\russel.mercado\source\repos\Yakult-System-for-Merging\Yakult.Inventory.App\obj\BulkCellphoneValidation\Pages\Software\SelectedItemsReviewDialog.g.cs C:\Users\russel.mercado\source\repos\Yakult-System-for-Merging\Yakult.Inventory.App\obj\BulkCellphoneValidation\Pages\Software\SoftwareItemPickerDialog.g.cs C:\Users\russel.mercado\source\repos\Yakult-System-for-Merging\Yakult.Inventory.App\obj\BulkCellphoneValidation\Pages\Software\SoftwareServiceSetDialog.g.cs C:\Users\russel.mercado\source\repos\Yakult-System-for-Merging\Yakult.Inventory.App\obj\BulkCellphoneValidation\Yakult.Inventory.App_Content.g.cs C:\Users\russel.mercado\source\repos\Yakult-System-for-Merging\Yakult.Inventory.App\obj\BulkCellphoneValidation\GeneratedInternalTypeHelper.g.cs "obj\BulkCellphoneValidation\.NETFramework,Version=v4.8.AssemblyAttributes.cs"'
  Attempt to open named pipe 'Yff1kJv2S+iAGAqXe+xvAg5dGGTWEZubok3Wrj5z39M'
  Attempt to connect named pipe 'Yff1kJv2S+iAGAqXe+xvAg5dGGTWEZubok3Wrj5z39M'
  Named pipe 'Yff1kJv2S+iAGAqXe+xvAg5dGGTWEZubok3Wrj5z39M' connected
  Begin writing request for Yakult.Inventory.App
  End writing request for Yakult.Inventory.App
  Begin reading response for Yakult.Inventory.App
  End reading response for Yakult.Inventory.App
C:\Users\russel.mercado\source\repos\Yakult-System-for-Merging\Yakult.Inventory.App\Helpers\UserActivityPdfGenerator.cs(83,17): warning CS0219: The variable 'rowsPerPage' is assigned but its value is never used [C:\Users\russel.mercado\source\repos\Yakult-System-for-Merging\Yakult.Inventory.App\Yakult.Inventory.App.csproj]
C:\Users\russel.mercado\source\repos\Yakult-System-for-Merging\Yakult.Inventory.App\Helpers\UserActivityPdfGenerator.cs(84,17): warning CS0219: The variable 'currentRow' is assigned but its value is never used [C:\Users\russel.mercado\source\repos\Yakult-System-for-Merging\Yakult.Inventory.App\Yakult.Inventory.App.csproj]
C:\Users\russel.mercado\source\repos\Yakult-System-for-Merging\Yakult.Inventory.App\Repositories\SetRepository.cs(1860,26): warning CS0219: The variable 'getServerTimeSql' is assigned but its value is never used [C:\Users\russel.mercado\source\repos\Yakult-System-for-Merging\Yakult.Inventory.App\Yakult.Inventory.App.csproj]
C:\Users\russel.mercado\source\repos\Yakult-System-for-Merging\Yakult.Inventory.App\Pages\Request-Portal\RequesterPortalForm.cs(2639,18): warning CS0219: The variable 'suppress' is assigned but its value is never used [C:\Users\russel.mercado\source\repos\Yakult-System-for-Merging\Yakult.Inventory.App\Yakult.Inventory.App.csproj]
C:\Users\russel.mercado\source\repos\Yakult-System-for-Merging\Yakult.Inventory.App\Pages\Export\ExportRenewalsGroupedPreviewDialog.cs(373,26): warning CS0219: The variable 'hGroup' is assigned but its value is never used [C:\Users\russel.mercado\source\repos\Yakult-System-for-Merging\Yakult.Inventory.App\Yakult.Inventory.App.csproj]
C:\Users\russel.mercado\source\repos\Yakult-System-for-Merging\Yakult.Inventory.App\Pages\Export\CombinedReportPreviewDialog.cs(1021,27): warning CS0219: The variable 'COLS' is assigned but its value is never used [C:\Users\russel.mercado\source\repos\Yakult-System-for-Merging\Yakult.Inventory.App\Yakult.Inventory.App.csproj]
C:\Users\russel.mercado\source\repos\Yakult-System-for-Merging\Yakult.Inventory.App\Forms\BorrowItemsDashboard.cs(54,71): warning CS0649: Field 'BorrowItemsDashboard.btnExport' is never assigned to, and will always have its default value null [C:\Users\russel.mercado\source\repos\Yakult-System-for-Merging\Yakult.Inventory.App\Yakult.Inventory.App.csproj]
C:\Users\russel.mercado\source\repos\Yakult-System-for-Merging\Yakult.Inventory.App\Forms\CartridgeManagement\CartridgeManagementPortalForm.cs(31,24): warning CS0169: The field 'CartridgeManagementPortalForm._homeButton' is never used [C:\Users\russel.mercado\source\repos\Yakult-System-for-Merging\Yakult.Inventory.App\Yakult.Inventory.App.csproj]
C:\Users\russel.mercado\source\repos\Yakult-System-for-Merging\Yakult.Inventory.App\Forms\CartridgeManagement\CartridgeManagementPortalForm.cs(32,24): warning CS0169: The field 'CartridgeManagementPortalForm._userManualButton' is never used [C:\Users\russel.mercado\source\repos\Yakult-System-for-Merging\Yakult.Inventory.App\Yakult.Inventory.App.csproj]
C:\Users\russel.mercado\source\repos\Yakult-System-for-Merging\Yakult.Inventory.App\Wpf\CallMonitoring\WpfNotificationDrawer.cs(43,35): warning CS0067: The event 'WpfNotificationDrawer.CloseRequested' is never used [C:\Users\russel.mercado\source\repos\Yakult-System-for-Merging\Yakult.Inventory.App\Yakult.Inventory.App.csproj]
C:\Users\russel.mercado\source\repos\Yakult-System-for-Merging\Yakult.Inventory.App\Pages\Company\AddCompanyPage.cs(15,23): warning CS0169: The field 'AddCompanyPage.headerPanel' is never used [C:\Users\russel.mercado\source\repos\Yakult-System-for-Merging\Yakult.Inventory.App\Yakult.Inventory.App.csproj]
C:\Users\russel.mercado\source\repos\Yakult-System-for-Merging\Yakult.Inventory.App\Pages\Receipt\ReceiptSetViewerDialog.cs(89,24): warning CS0649: Field 'ReceiptSetViewerDialog._btnNext' is never assigned to, and will always have its default value null [C:\Users\russel.mercado\source\repos\Yakult-System-for-Merging\Yakult.Inventory.App\Yakult.Inventory.App.csproj]
C:\Users\russel.mercado\source\repos\Yakult-System-for-Merging\Yakult.Inventory.App\Wpf\BorrowItems\WpfBorrowWorkspace.cs(30,35): warning CS0067: The event 'WpfBorrowWorkspace.BackToPortalClicked' is never used [C:\Users\russel.mercado\source\repos\Yakult-System-for-Merging\Yakult.Inventory.App\Yakult.Inventory.App.csproj]
C:\Users\russel.mercado\source\repos\Yakult-System-for-Merging\Yakult.Inventory.App\Pages\Receipt\ViewReceiptsPage.cs(23,44): warning CS0169: The field 'ViewReceiptsPage._subtitlePanel' is never used [C:\Users\russel.mercado\source\repos\Yakult-System-for-Merging\Yakult.Inventory.App\Yakult.Inventory.App.csproj]
C:\Users\russel.mercado\source\repos\Yakult-System-for-Merging\Yakult.Inventory.App\Wpf\Invoice\ViewModels\NonLicensedInvoiceViewModel.cs(41,45): warning CS0067: The event 'NonLicensedInvoiceViewModel.RequestWarning' is never used [C:\Users\russel.mercado\source\repos\Yakult-System-for-Merging\Yakult.Inventory.App\Yakult.Inventory.App.csproj]
C:\Users\russel.mercado\source\repos\Yakult-System-for-Merging\Yakult.Inventory.App\Forms\BorrowItemsDashboard.cs(46,93): warning CS0649: Field 'BorrowItemsDashboard.lblStatus' is never assigned to, and will always have its default value null [C:\Users\russel.mercado\source\repos\Yakult-System-for-Merging\Yakult.Inventory.App\Yakult.Inventory.App.csproj]
C:\Users\russel.mercado\source\repos\Yakult-System-for-Merging\Yakult.Inventory.App\Pages\User\MainForm.cs(96,45): warning CS0649: Field 'MainForm.accountManagementButton' is never assigned to, and will always have its default value null [C:\Users\russel.mercado\source\repos\Yakult-System-for-Merging\Yakult.Inventory.App\Yakult.Inventory.App.csproj]
C:\Users\russel.mercado\source\repos\Yakult-System-for-Merging\Yakult.Inventory.App\Pages\Request-Portal\RequesterPortalForm.cs(84,25): warning CS0649: Field 'RequesterPortalForm.tabApprovals' is never assigned to, and will always have its default value null [C:\Users\russel.mercado\source\repos\Yakult-System-for-Merging\Yakult.Inventory.App\Yakult.Inventory.App.csproj]
C:\Users\russel.mercado\source\repos\Yakult-System-for-Merging\Yakult.Inventory.App\Forms\BorrowItemsDashboard.cs(46,68): warning CS0169: The field 'BorrowItemsDashboard.lblOpenCount' is never used [C:\Users\russel.mercado\source\repos\Yakult-System-for-Merging\Yakult.Inventory.App\Yakult.Inventory.App.csproj]
C:\Users\russel.mercado\source\repos\Yakult-System-for-Merging\Yakult.Inventory.App\Forms\BorrowItemsDashboard.cs(69,35): warning CS0649: Field 'BorrowItemsDashboard._openHost' is never assigned to, and will always have its default value null [C:\Users\russel.mercado\source\repos\Yakult-System-for-Merging\Yakult.Inventory.App\Yakult.Inventory.App.csproj]
C:\Users\russel.mercado\source\repos\Yakult-System-for-Merging\Yakult.Inventory.App\Wpf\Export\Renewal\ViewModels\RenewalExportViewModel.cs(48,45): warning CS0067: The event 'RenewalExportViewModel.RequestError' is never used [C:\Users\russel.mercado\source\repos\Yakult-System-for-Merging\Yakult.Inventory.App\Yakult.Inventory.App.csproj]
C:\Users\russel.mercado\source\repos\Yakult-System-for-Merging\Yakult.Inventory.App\Pages\Employee\AddEmployeePage.cs(12,47): warning CS0169: The field 'AddEmployeePage.footerPanel' is never used [C:\Users\russel.mercado\source\repos\Yakult-System-for-Merging\Yakult.Inventory.App\Yakult.Inventory.App.csproj]
C:\Users\russel.mercado\source\repos\Yakult-System-for-Merging\Yakult.Inventory.App\Wpf\Invoice\ViewModels\InvoiceLicenseReviewViewModel.cs(58,45): warning CS0067: The event 'InvoiceLicenseReviewViewModel.RequestWarning' is never used [C:\Users\russel.mercado\source\repos\Yakult-System-for-Merging\Yakult.Inventory.App\Yakult.Inventory.App.csproj]
C:\Users\russel.mercado\source\repos\Yakult-System-for-Merging\Yakult.Inventory.App\Wpf\Invoice\ViewModels\NonLicensedInvoiceViewModel.cs(40,45): warning CS0067: The event 'NonLicensedInvoiceViewModel.RequestInfo' is never used [C:\Users\russel.mercado\source\repos\Yakult-System-for-Merging\Yakult.Inventory.App\Yakult.Inventory.App.csproj]
C:\Users\russel.mercado\source\repos\Yakult-System-for-Merging\Yakult.Inventory.App\Wpf\ItemMovementAudit\ViewModels\ItemMovementAuditPageViewModel.cs(352,45): warning CS0067: The event 'ItemMovementAuditPageViewModel.RequestInfo' is never used [C:\Users\russel.mercado\source\repos\Yakult-System-for-Merging\Yakult.Inventory.App\Yakult.Inventory.App.csproj]
C:\Users\russel.mercado\source\repos\Yakult-System-for-Merging\Yakult.Inventory.App\Wpf\Renewal\ViewRenewals\ViewModels\RenewalPageViewModel.cs(76,45): warning CS0067: The event 'RenewalPageViewModel.RequestWarning' is never used [C:\Users\russel.mercado\source\repos\Yakult-System-for-Merging\Yakult.Inventory.App\Yakult.Inventory.App.csproj]
C:\Users\russel.mercado\source\repos\Yakult-System-for-Merging\Yakult.Inventory.App\Pages\User\MainForm.cs(103,45): warning CS0649: Field 'MainForm.resetPasswordButton' is never assigned to, and will always have its default value null [C:\Users\russel.mercado\source\repos\Yakult-System-for-Merging\Yakult.Inventory.App\Yakult.Inventory.App.csproj]
C:\Users\russel.mercado\source\repos\Yakult-System-for-Merging\Yakult.Inventory.App\Forms\CartridgeManagement\CartridgeManagementForm.cs(63,70): warning CS0169: The field 'CartridgeManagementForm.lblCondition' is never used [C:\Users\russel.mercado\source\repos\Yakult-System-for-Merging\Yakult.Inventory.App\Yakult.Inventory.App.csproj]
C:\Users\russel.mercado\source\repos\Yakult-System-for-Merging\Yakult.Inventory.App\Pages\User\MainForm.cs(89,44): warning CS0649: Field 'MainForm.emailSmtpPanel' is never assigned to, and will always have its default value null [C:\Users\russel.mercado\source\repos\Yakult-System-for-Merging\Yakult.Inventory.App\Yakult.Inventory.App.csproj]
C:\Users\russel.mercado\source\repos\Yakult-System-for-Merging\Yakult.Inventory.App\Pages\Receipt\ViewReceiptsPage.cs(32,23): warning CS0169: The field 'ViewReceiptsPage._subtitleLabel' is never used [C:\Users\russel.mercado\source\repos\Yakult-System-for-Merging\Yakult.Inventory.App\Yakult.Inventory.App.csproj]
C:\Users\russel.mercado\source\repos\Yakult-System-for-Merging\Yakult.Inventory.App\Pages\Receipt\ReceiptSetViewerDialog.cs(45,23): warning CS0169: The field 'ReceiptSetViewerDialog._rightPanel' is never used [C:\Users\russel.mercado\source\repos\Yakult-System-for-Merging\Yakult.Inventory.App\Yakult.Inventory.App.csproj]
C:\Users\russel.mercado\source\repos\Yakult-System-for-Merging\Yakult.Inventory.App\Pages\Department\AddDepartmentDialog.cs(16,47): warning CS0169: The field 'AddDepartmentDialog.footerPanel' is never used [C:\Users\russel.mercado\source\repos\Yakult-System-for-Merging\Yakult.Inventory.App\Yakult.Inventory.App.csproj]
C:\Users\russel.mercado\source\repos\Yakult-System-for-Merging\Yakult.Inventory.App\Forms\CartridgeManagement\CartridgeManagementPortalForm.cs(34,24): warning CS0169: The field 'CartridgeManagementPortalForm._cartridgeRequestsButton' is never used [C:\Users\russel.mercado\source\repos\Yakult-System-for-Merging\Yakult.Inventory.App\Yakult.Inventory.App.csproj]
C:\Users\russel.mercado\source\repos\Yakult-System-for-Merging\Yakult.Inventory.App\Forms\CartridgeManagement\CartridgeManagementForm.cs(63,23): warning CS0169: The field 'CartridgeManagementForm.lblReqId' is never used [C:\Users\russel.mercado\source\repos\Yakult-System-for-Merging\Yakult.Inventory.App\Yakult.Inventory.App.csproj]
C:\Users\russel.mercado\source\repos\Yakult-System-for-Merging\Yakult.Inventory.App\Pages\User\MainForm.cs(88,44): warning CS0649: Field 'MainForm.accountManagementPanel' is never assigned to, and will always have its default value null [C:\Users\russel.mercado\source\repos\Yakult-System-for-Merging\Yakult.Inventory.App\Yakult.Inventory.App.csproj]
C:\Users\russel.mercado\source\repos\Yakult-System-for-Merging\Yakult.Inventory.App\Pages\User\MainForm.cs(94,45): warning CS0169: The field 'MainForm.cartridgeManagementButton' is never used [C:\Users\russel.mercado\source\repos\Yakult-System-for-Merging\Yakult.Inventory.App\Yakult.Inventory.App.csproj]
C:\Users\russel.mercado\source\repos\Yakult-System-for-Merging\Yakult.Inventory.App\Pages\Employee\AddEmployeePage.cs(12,23): warning CS0169: The field 'AddEmployeePage.headerPanel' is never used [C:\Users\russel.mercado\source\repos\Yakult-System-for-Merging\Yakult.Inventory.App\Yakult.Inventory.App.csproj]
C:\Users\russel.mercado\source\repos\Yakult-System-for-Merging\Yakult.Inventory.App\Pages\Receipt\ReceiptSetViewerDialog.cs(90,24): warning CS0169: The field 'ReceiptSetViewerDialog._btnClose' is never used [C:\Users\russel.mercado\source\repos\Yakult-System-for-Merging\Yakult.Inventory.App\Yakult.Inventory.App.csproj]
C:\Users\russel.mercado\source\repos\Yakult-System-for-Merging\Yakult.Inventory.App\Pages\Employee\AddEmployeePage.cs(12,36): warning CS0169: The field 'AddEmployeePage.bodyPanel' is never used [C:\Users\russel.mercado\source\repos\Yakult-System-for-Merging\Yakult.Inventory.App\Yakult.Inventory.App.csproj]
C:\Users\russel.mercado\source\repos\Yakult-System-for-Merging\Yakult.Inventory.App\Forms\CartridgeManagement\CartridgeManagementPortalForm.cs(33,24): warning CS0169: The field 'CartridgeManagementPortalForm._itFulfillmentButton' is never used [C:\Users\russel.mercado\source\repos\Yakult-System-for-Merging\Yakult.Inventory.App\Yakult.Inventory.App.csproj]
C:\Users\russel.mercado\source\repos\Yakult-System-for-Merging\Yakult.Inventory.App\Forms\BorrowItemsDashboard.cs(46,82): warning CS0169: The field 'BorrowItemsDashboard.lblOldest' is never used [C:\Users\russel.mercado\source\repos\Yakult-System-for-Merging\Yakult.Inventory.App\Yakult.Inventory.App.csproj]
C:\Users\russel.mercado\source\repos\Yakult-System-for-Merging\Yakult.Inventory.App\Forms\BorrowItemsDashboard.cs(53,24): warning CS0649: Field 'BorrowItemsDashboard.btnBackToPortal' is never assigned to, and will always have its default value null [C:\Users\russel.mercado\source\repos\Yakult-System-for-Merging\Yakult.Inventory.App\Yakult.Inventory.App.csproj]
C:\Users\russel.mercado\source\repos\Yakult-System-for-Merging\Yakult.Inventory.App\Forms\BorrowItemsDashboard.cs(47,23): warning CS0649: Field 'BorrowItemsDashboard.lblEmptyOpen' is never assigned to, and will always have its default value null [C:\Users\russel.mercado\source\repos\Yakult-System-for-Merging\Yakult.Inventory.App\Yakult.Inventory.App.csproj]
C:\Users\russel.mercado\source\repos\Yakult-System-for-Merging\Yakult.Inventory.App\Pages\Branch\AddBranchDialog.cs(17,47): warning CS0169: The field 'AddBranchDialog.footerPanel' is never used [C:\Users\russel.mercado\source\repos\Yakult-System-for-Merging\Yakult.Inventory.App\Yakult.Inventory.App.csproj]
C:\Users\russel.mercado\source\repos\Yakult-System-for-Merging\Yakult.Inventory.App\Forms\CartridgeManagement\CartridgeManagementForm.cs(63,107): warning CS0169: The field 'CartridgeManagementForm.lblDepartment' is never used [C:\Users\russel.mercado\source\repos\Yakult-System-for-Merging\Yakult.Inventory.App\Yakult.Inventory.App.csproj]
C:\Users\russel.mercado\source\repos\Yakult-System-for-Merging\Yakult.Inventory.App\Forms\CartridgeManagement\CartridgeManagementForm.cs(63,33): warning CS0169: The field 'CartridgeManagementForm.lblRequester' is never used [C:\Users\russel.mercado\source\repos\Yakult-System-for-Merging\Yakult.Inventory.App\Yakult.Inventory.App.csproj]
C:\Users\russel.mercado\source\repos\Yakult-System-for-Merging\Yakult.Inventory.App\Pages\Department\AddDepartmentDialog.cs(16,23): warning CS0169: The field 'AddDepartmentDialog.headerPanel' is never used [C:\Users\russel.mercado\source\repos\Yakult-System-for-Merging\Yakult.Inventory.App\Yakult.Inventory.App.csproj]
C:\Users\russel.mercado\source\repos\Yakult-System-for-Merging\Yakult.Inventory.App\Forms\BorrowItemsDashboard.cs(47,37): warning CS0649: Field 'BorrowItemsDashboard.lblEmptyHistory' is never assigned to, and will always have its default value null [C:\Users\russel.mercado\source\repos\Yakult-System-for-Merging\Yakult.Inventory.App\Yakult.Inventory.App.csproj]
C:\Users\russel.mercado\source\repos\Yakult-System-for-Merging\Yakult.Inventory.App\Pages\User\MainForm.cs(86,44): warning CS0169: The field 'MainForm.cartridgeManagementPanel' is never used [C:\Users\russel.mercado\source\repos\Yakult-System-for-Merging\Yakult.Inventory.App\Yakult.Inventory.App.csproj]
C:\Users\russel.mercado\source\repos\Yakult-System-for-Merging\Yakult.Inventory.App\Pages\Receipt\ReceiptSetViewerDialog.cs(88,24): warning CS0649: Field 'ReceiptSetViewerDialog._btnPrev' is never assigned to, and will always have its default value null [C:\Users\russel.mercado\source\repos\Yakult-System-for-Merging\Yakult.Inventory.App\Yakult.Inventory.App.csproj]
C:\Users\russel.mercado\source\repos\Yakult-System-for-Merging\Yakult.Inventory.App\Pages\Set\AddSetPage.cs(12,34): warning CS0169: The field 'AddSetPage.footerPanel' is never used [C:\Users\russel.mercado\source\repos\Yakult-System-for-Merging\Yakult.Inventory.App\Yakult.Inventory.App.csproj]
C:\Users\russel.mercado\source\repos\Yakult-System-for-Merging\Yakult.Inventory.App\Wpf\Invoice\ViewModels\InvoicePageViewModel.cs(73,45): warning CS0067: The event 'InvoicePageViewModel.RequestInfo' is never used [C:\Users\russel.mercado\source\repos\Yakult-System-for-Merging\Yakult.Inventory.App\Yakult.Inventory.App.csproj]
C:\Users\russel.mercado\source\repos\Yakult-System-for-Merging\Yakult.Inventory.App\Pages\Branch\AddBranchDialog.cs(17,23): warning CS0169: The field 'AddBranchDialog.headerPanel' is never used [C:\Users\russel.mercado\source\repos\Yakult-System-for-Merging\Yakult.Inventory.App\Yakult.Inventory.App.csproj]
C:\Users\russel.mercado\source\repos\Yakult-System-for-Merging\Yakult.Inventory.App\Wpf\RequestPortal\AssistedRequest\Views\AssistedRequestView.xaml.cs(25,22): warning CS0649: Field 'AssistedRequestView._suppressDropDown' is never assigned to, and will always have its default value false [C:\Users\russel.mercado\source\repos\Yakult-System-for-Merging\Yakult.Inventory.App\Yakult.Inventory.App.csproj]
C:\Users\russel.mercado\source\repos\Yakult-System-for-Merging\Yakult.Inventory.App\Forms\CartridgeManagement\CartridgeManagementForm.cs(63,57): warning CS0169: The field 'CartridgeManagementForm.lblQuantity' is never used [C:\Users\russel.mercado\source\repos\Yakult-System-for-Merging\Yakult.Inventory.App\Yakult.Inventory.App.csproj]
C:\Users\russel.mercado\source\repos\Yakult-System-for-Merging\Yakult.Inventory.App\Pages\User\MainForm.cs(97,45): warning CS0649: Field 'MainForm.emailSmtpButton' is never assigned to, and will always have its default value null [C:\Users\russel.mercado\source\repos\Yakult-System-for-Merging\Yakult.Inventory.App\Yakult.Inventory.App.csproj]
C:\Users\russel.mercado\source\repos\Yakult-System-for-Merging\Yakult.Inventory.App\Forms\BorrowItemsDashboard.cs(69,46): warning CS0649: Field 'BorrowItemsDashboard._historyHost' is never assigned to, and will always have its default value null [C:\Users\russel.mercado\source\repos\Yakult-System-for-Merging\Yakult.Inventory.App\Yakult.Inventory.App.csproj]
C:\Users\russel.mercado\source\repos\Yakult-System-for-Merging\Yakult.Inventory.App\Forms\CartridgeManagement\CartridgeManagementForm.cs(63,96): warning CS0169: The field 'CartridgeManagementForm.lblBranch' is never used [C:\Users\russel.mercado\source\repos\Yakult-System-for-Merging\Yakult.Inventory.App\Yakult.Inventory.App.csproj]
C:\Users\russel.mercado\source\repos\Yakult-System-for-Merging\Yakult.Inventory.App\Pages\Employee\QuickAddEmployeeDialog.cs(16,53): warning CS0169: The field 'QuickAddEmployeeDialog.txtPosition' is never used [C:\Users\russel.mercado\source\repos\Yakult-System-for-Merging\Yakult.Inventory.App\Yakult.Inventory.App.csproj]
C:\Users\russel.mercado\source\repos\Yakult-System-for-Merging\Yakult.Inventory.App\Forms\BorrowItemsDashboard.cs(54,82): warning CS0649: Field 'BorrowItemsDashboard.btnReload' is never assigned to, and will always have its default value null [C:\Users\russel.mercado\source\repos\Yakult-System-for-Merging\Yakult.Inventory.App\Yakult.Inventory.App.csproj]
C:\Users\russel.mercado\source\repos\Yakult-System-for-Merging\Yakult.Inventory.App\Forms\CartridgeManagement\CartridgeManagementForm.cs(63,47): warning CS0169: The field 'CartridgeManagementForm.lblModel' is never used [C:\Users\russel.mercado\source\repos\Yakult-System-for-Merging\Yakult.Inventory.App\Yakult.Inventory.App.csproj]
C:\Users\russel.mercado\source\repos\Yakult-System-for-Merging\Yakult.Inventory.App\Pages\Company\AddCompanyPage.cs(15,47): warning CS0169: The field 'AddCompanyPage.footerPanel' is never used [C:\Users\russel.mercado\source\repos\Yakult-System-for-Merging\Yakult.Inventory.App\Yakult.Inventory.App.csproj]
C:\Users\russel.mercado\source\repos\Yakult-System-for-Merging\Yakult.Inventory.App\Forms\BorrowItemsDashboard.cs(70,23): warning CS0649: Field 'BorrowItemsDashboard._kpiOldestCard' is never assigned to, and will always have its default value null [C:\Users\russel.mercado\source\repos\Yakult-System-for-Merging\Yakult.Inventory.App\Yakult.Inventory.App.csproj]
C:\Users\russel.mercado\source\repos\Yakult-System-for-Merging\Yakult.Inventory.App\Forms\CartridgeManagement\CartridgeManagementForm.cs(63,84): warning CS0169: The field 'CartridgeManagementForm.lblCompany' is never used [C:\Users\russel.mercado\source\repos\Yakult-System-for-Merging\Yakult.Inventory.App\Yakult.Inventory.App.csproj]
C:\Users\russel.mercado\source\repos\Yakult-System-for-Merging\Yakult.Inventory.App\Wpf\Renewal\RenewalGroups\ViewModels\RenewalGroupPageViewModel.cs(60,45): warning CS0067: The event 'RenewalGroupPageViewModel.RequestInfo' is never used [C:\Users\russel.mercado\source\repos\Yakult-System-for-Merging\Yakult.Inventory.App\Yakult.Inventory.App.csproj]
C:\Users\russel.mercado\source\repos\Yakult-System-for-Merging\Yakult.Inventory.App\Pages\Admin\Security\PortalAccessPage.cs(37,22): warning CS0414: The field 'PortalAccessPage._isEditing' is assigned but its value is never used [C:\Users\russel.mercado\source\repos\Yakult-System-for-Merging\Yakult.Inventory.App\Yakult.Inventory.App.csproj]
C:\Users\russel.mercado\source\repos\Yakult-System-for-Merging\Yakult.Inventory.App\Pages\Renewal\ViewRenewalDetailPage.cs(36,22): warning CS0414: The field 'ViewRenewalDetailPage._suppressSelectionChange' is assigned but its value is never used [C:\Users\russel.mercado\source\repos\Yakult-System-for-Merging\Yakult.Inventory.App\Yakult.Inventory.App.csproj]
C:\Users\russel.mercado\source\repos\Yakult-System-for-Merging\Yakult.Inventory.App\Pages\Employee\QuickAddEmployeeDialog.cs(24,22): warning CS0414: The field 'QuickAddEmployeeDialog._suppressComboBoxEvents' is assigned but its value is never used [C:\Users\russel.mercado\source\repos\Yakult-System-for-Merging\Yakult.Inventory.App\Yakult.Inventory.App.csproj]
C:\Users\russel.mercado\source\repos\Yakult-System-for-Merging\Yakult.Inventory.App\Pages\Cartridge\ViewCartridgeRequestsPage.cs(31,22): warning CS0414: The field 'ViewCartridgeRequestsPage._allSelected' is assigned but its value is never used [C:\Users\russel.mercado\source\repos\Yakult-System-for-Merging\Yakult.Inventory.App\Yakult.Inventory.App.csproj]
C:\Users\russel.mercado\source\repos\Yakult-System-for-Merging\Yakult.Inventory.App\Forms\CallMonitoring\TicketManagementControl.cs(129,22): warning CS0414: The field 'TicketManagementControl._itEmployeesMissingShown' is assigned but its value is never used [C:\Users\russel.mercado\source\repos\Yakult-System-for-Merging\Yakult.Inventory.App\Yakult.Inventory.App.csproj]
  CompilerServer: server - server processed compilation - Yakult.Inventory.App
_CopyFilesMarkedCopyLocal:
  Copying file from "C:\Users\russel.mercado\source\repos\Yakult-System-for-Merging\Yakult.Inventory.App\packages\Azure.Core.1.47.1\lib\net472\Azure.Core.dll" to "C:\Users\russel.mercado\source\repos\Yakult-System-for-Merging\Yakult.Inventory.App\bin\Debug\BulkCellphoneValidation\Azure.Core.dll".
  Copying file from "C:\Users\russel.mercado\source\repos\Yakult-System-for-Merging\Yakult.Inventory.App\packages\Azure.Identity.1.14.2\lib\netstandard2.0\Azure.Identity.dll" to "C:\Users\russel.mercado\source\repos\Yakult-System-for-Merging\Yakult.Inventory.App\bin\Debug\BulkCellphoneValidation\Azure.Identity.dll".
  Copying file from "C:\Users\russel.mercado\source\repos\Yakult-System-for-Merging\Yakult.Inventory.App\packages\ClosedXML.0.97.0\lib\netstandard2.0\ClosedXML.dll" to "C:\Users\russel.mercado\source\repos\Yakult-System-for-Merging\Yakult.Inventory.App\bin\Debug\BulkCellphoneValidation\ClosedXML.dll".
  Copying file from "C:\Users\russel.mercado\source\repos\Yakult-System-for-Merging\Yakult.Inventory.App\packages\DocumentFormat.OpenXml.2.16.0\lib\net46\DocumentFormat.OpenXml.dll" to "C:\Users\russel.mercado\source\repos\Yakult-System-for-Merging\Yakult.Inventory.App\bin\Debug\BulkCellphoneValidation\DocumentFormat.OpenXml.dll".
  Copying file from "C:\Users\russel.mercado\source\repos\Yakult-System-for-Merging\Yakult.Inventory.App\packages\Dapper.2.1.66\lib\net461\Dapper.dll" to "C:\Users\russel.mercado\source\repos\Yakult-System-for-Merging\Yakult.Inventory.App\bin\Debug\BulkCellphoneValidation\Dapper.dll".
  Copying file from "C:\Users\russel.mercado\source\repos\Yakult-System-for-Merging\Yakult.Inventory.App\packages\ExcelDataReader.DataSet.3.6.0\lib\netstandard2.0\ExcelDataReader.DataSet.dll" to "C:\Users\russel.mercado\source\repos\Yakult-System-for-Merging\Yakult.Inventory.App\bin\Debug\BulkCellphoneValidation\ExcelDataReader.DataSet.dll".
  Copying file from "C:\Users\russel.mercado\source\repos\Yakult-System-for-Merging\Yakult.Inventory.App\packages\ExcelDataReader.3.6.0\lib\net45\ExcelDataReader.dll" to "C:\Users\russel.mercado\source\repos\Yakult-System-for-Merging\Yakult.Inventory.App\bin\Debug\BulkCellphoneValidation\ExcelDataReader.dll".
  Copying file from "C:\Users\russel.mercado\source\repos\Yakult-System-for-Merging\Yakult.Inventory.App\packages\Irony.NetCore.1.0.11\lib\net461\Irony.dll" to "C:\Users\russel.mercado\source\repos\Yakult-System-for-Merging\Yakult.Inventory.App\bin\Debug\BulkCellphoneValidation\Irony.dll".
  Copying file from "C:\Users\russel.mercado\source\repos\Yakult-System-for-Merging\Yakult.Inventory.App\packages\HarfBuzzSharp.8.3.1.1\lib\net462\HarfBuzzSharp.dll" to "C:\Users\russel.mercado\source\repos\Yakult-System-for-Merging\Yakult.Inventory.App\bin\Debug\BulkCellphoneValidation\HarfBuzzSharp.dll".
  Copying file from "C:\Users\russel.mercado\source\repos\Yakult-System-for-Merging\Yakult.Inventory.App\packages\LiveChartsCore.2.0.5\lib\net462\LiveChartsCore.dll" to "C:\Users\russel.mercado\source\repos\Yakult-System-for-Merging\Yakult.Inventory.App\bin\Debug\BulkCellphoneValidation\LiveChartsCore.dll".
  Copying file from "C:\Users\russel.mercado\source\repos\Yakult-System-for-Merging\Yakult.Inventory.App\packages\LiveChartsCore.SkiaSharpView.2.0.5\lib\net462\LiveChartsCore.SkiaSharpView.dll" to "C:\Users\russel.mercado\source\repos\Yakult-System-for-Merging\Yakult.Inventory.App\bin\Debug\BulkCellphoneValidation\LiveChartsCore.SkiaSharpView.dll".
  Copying file from "C:\Users\russel.mercado\source\repos\Yakult-System-for-Merging\Yakult.Inventory.App\packages\LiveChartsCore.SkiaSharpView.WPF.2.0.5\lib\net462\LiveChartsCore.SkiaSharpView.WPF.dll" to "C:\Users\russel.mercado\source\repos\Yakult-System-for-Merging\Yakult.Inventory.App\bin\Debug\BulkCellphoneValidation\LiveChartsCore.SkiaSharpView.WPF.dll".
  Copying file from "C:\Users\russel.mercado\source\repos\Yakult-System-for-Merging\Yakult.Inventory.App\packages\Microsoft.Bcl.AsyncInterfaces.9.0.1\lib\net462\Microsoft.Bcl.AsyncInterfaces.dll" to "C:\Users\russel.mercado\source\repos\Yakult-System-for-Merging\Yakult.Inventory.App\bin\Debug\BulkCellphoneValidation\Microsoft.Bcl.AsyncInterfaces.dll".
  Copying file from "C:\Users\russel.mercado\source\repos\Yakult-System-for-Merging\Yakult.Inventory.App\packages\Microsoft.Bcl.Cryptography.8.0.0\lib\net462\Microsoft.Bcl.Cryptography.dll" to "C:\Users\russel.mercado\source\repos\Yakult-System-for-Merging\Yakult.Inventory.App\bin\Debug\BulkCellphoneValidation\Microsoft.Bcl.Cryptography.dll".
  Copying file from "C:\Users\russel.mercado\source\repos\Yakult-System-for-Merging\Yakult.Inventory.App\packages\Microsoft.Data.SqlClient.6.1.2\lib\net462\Microsoft.Data.SqlClient.dll" to "C:\Users\russel.mercado\source\repos\Yakult-System-for-Merging\Yakult.Inventory.App\bin\Debug\BulkCellphoneValidation\Microsoft.Data.SqlClient.dll".
  Copying file from "C:\Users\russel.mercado\source\repos\Yakult-System-for-Merging\Yakult.Inventory.App\packages\Microsoft.Extensions.Caching.Abstractions.8.0.0\lib\net462\Microsoft.Extensions.Caching.Abstractions.dll" to "C:\Users\russel.mercado\source\repos\Yakult-System-for-Merging\Yakult.Inventory.App\bin\Debug\BulkCellphoneValidation\Microsoft.Extensions.Caching.Abstractions.dll".
  Copying file from "C:\Users\russel.mercado\source\repos\Yakult-System-for-Merging\Yakult.Inventory.App\packages\Microsoft.Extensions.Caching.Memory.8.0.1\lib\net462\Microsoft.Extensions.Caching.Memory.dll" to "C:\Users\russel.mercado\source\repos\Yakult-System-for-Merging\Yakult.Inventory.App\bin\Debug\BulkCellphoneValidation\Microsoft.Extensions.Caching.Memory.dll".
  Copying file from "C:\Users\russel.mercado\source\repos\Yakult-System-for-Merging\Yakult.Inventory.App\packages\Microsoft.Extensions.DependencyInjection.Abstractions.8.0.2\lib\net462\Microsoft.Extensions.DependencyInjection.Abstractions.dll" to "C:\Users\russel.mercado\source\repos\Yakult-System-for-Merging\Yakult.Inventory.App\bin\Debug\BulkCellphoneValidation\Microsoft.Extensions.DependencyInjection.Abstractions.dll".
  Copying file from "C:\Users\russel.mercado\source\repos\Yakult-System-for-Merging\Yakult.Inventory.App\packages\ExcelNumberFormat.1.1.0\lib\net20\ExcelNumberFormat.dll" to "C:\Users\russel.mercado\source\repos\Yakult-System-for-Merging\Yakult.Inventory.App\bin\Debug\BulkCellphoneValidation\ExcelNumberFormat.dll".
  Copying file from "C:\Users\russel.mercado\source\repos\Yakult-System-for-Merging\Yakult.Inventory.App\packages\Microsoft.Extensions.DependencyInjection.8.0.1\lib\net462\Microsoft.Extensions.DependencyInjection.dll" to "C:\Users\russel.mercado\source\repos\Yakult-System-for-Merging\Yakult.Inventory.App\bin\Debug\BulkCellphoneValidation\Microsoft.Extensions.DependencyInjection.dll".
  Copying file from "C:\Users\russel.mercado\source\repos\Yakult-System-for-Merging\Yakult.Inventory.App\packages\Microsoft.Extensions.Logging.Abstractions.8.0.3\lib\net462\Microsoft.Extensions.Logging.Abstractions.dll" to "C:\Users\russel.mercado\source\repos\Yakult-System-for-Merging\Yakult.Inventory.App\bin\Debug\BulkCellphoneValidation\Microsoft.Extensions.Logging.Abstractions.dll".
  Copying file from "C:\Users\russel.mercado\source\repos\Yakult-System-for-Merging\Yakult.Inventory.App\packages\Microsoft.Extensions.Logging.8.0.1\lib\net462\Microsoft.Extensions.Logging.dll" to "C:\Users\russel.mercado\source\repos\Yakult-System-for-Merging\Yakult.Inventory.App\bin\Debug\BulkCellphoneValidation\Microsoft.Extensions.Logging.dll".
  Copying file from "C:\Users\russel.mercado\source\repos\Yakult-System-for-Merging\Yakult.Inventory.App\packages\Microsoft.Extensions.Options.8.0.2\lib\net462\Microsoft.Extensions.Options.dll" to "C:\Users\russel.mercado\source\repos\Yakult-System-for-Merging\Yakult.Inventory.App\bin\Debug\BulkCellphoneValidation\Microsoft.Extensions.Options.dll".
  Copying file from "C:\Users\russel.mercado\source\repos\Yakult-System-for-Merging\Yakult.Inventory.App\packages\Microsoft.Extensions.Primitives.8.0.0\lib\net462\Microsoft.Extensions.Primitives.dll" to "C:\Users\russel.mercado\source\repos\Yakult-System-for-Merging\Yakult.Inventory.App\bin\Debug\BulkCellphoneValidation\Microsoft.Extensions.Primitives.dll".
  Copying file from "C:\Users\russel.mercado\source\repos\Yakult-System-for-Merging\Yakult.Inventory.App\packages\Microsoft.Identity.Client.4.73.1\lib\net472\Microsoft.Identity.Client.dll" to "C:\Users\russel.mercado\source\repos\Yakult-System-for-Merging\Yakult.Inventory.App\bin\Debug\BulkCellphoneValidation\Microsoft.Identity.Client.dll".
  Copying file from "C:\Users\russel.mercado\source\repos\Yakult-System-for-Merging\Yakult.Inventory.App\packages\Microsoft.Identity.Client.Extensions.Msal.4.73.1\lib\netstandard2.0\Microsoft.Identity.Client.Extensions.Msal.dll" to "C:\Users\russel.mercado\source\repos\Yakult-System-for-Merging\Yakult.Inventory.App\bin\Debug\BulkCellphoneValidation\Microsoft.Identity.Client.Extensions.Msal.dll".
  Copying file from "C:\Users\russel.mercado\source\repos\Yakult-System-for-Merging\Yakult.Inventory.App\packages\Microsoft.IdentityModel.Abstractions.7.7.1\lib\net472\Microsoft.IdentityModel.Abstractions.dll" to "C:\Users\russel.mercado\source\repos\Yakult-System-for-Merging\Yakult.Inventory.App\bin\Debug\BulkCellphoneValidation\Microsoft.IdentityModel.Abstractions.dll".
  Copying file from "C:\Users\russel.mercado\source\repos\Yakult-System-for-Merging\Yakult.Inventory.App\packages\Microsoft.IdentityModel.JsonWebTokens.7.7.1\lib\net472\Microsoft.IdentityModel.JsonWebTokens.dll" to "C:\Users\russel.mercado\source\repos\Yakult-System-for-Merging\Yakult.Inventory.App\bin\Debug\BulkCellphoneValidation\Microsoft.IdentityModel.JsonWebTokens.dll".
  Copying file from "C:\Users\russel.mercado\source\repos\Yakult-System-for-Merging\Yakult.Inventory.App\packages\Microsoft.IdentityModel.Logging.7.7.1\lib\net472\Microsoft.IdentityModel.Logging.dll" to "C:\Users\russel.mercado\source\repos\Yakult-System-for-Merging\Yakult.Inventory.App\bin\Debug\BulkCellphoneValidation\Microsoft.IdentityModel.Logging.dll".
  Copying file from "C:\Users\russel.mercado\source\repos\Yakult-System-for-Merging\Yakult.Inventory.App\packages\Microsoft.IdentityModel.Protocols.7.7.1\lib\net472\Microsoft.IdentityModel.Protocols.dll" to "C:\Users\russel.mercado\source\repos\Yakult-System-for-Merging\Yakult.Inventory.App\bin\Debug\BulkCellphoneValidation\Microsoft.IdentityModel.Protocols.dll".
  Copying file from "C:\Users\russel.mercado\source\repos\Yakult-System-for-Merging\Yakult.Inventory.App\packages\Microsoft.IdentityModel.Protocols.OpenIdConnect.7.7.1\lib\net472\Microsoft.IdentityModel.Protocols.OpenIdConnect.dll" to "C:\Users\russel.mercado\source\repos\Yakult-System-for-Merging\Yakult.Inventory.App\bin\Debug\BulkCellphoneValidation\Microsoft.IdentityModel.Protocols.OpenIdConnect.dll".
  Copying file from "C:\Users\russel.mercado\source\repos\Yakult-System-for-Merging\Yakult.Inventory.App\packages\Microsoft.IdentityModel.Tokens.7.7.1\lib\net472\Microsoft.IdentityModel.Tokens.dll" to "C:\Users\russel.mercado\source\repos\Yakult-System-for-Merging\Yakult.Inventory.App\bin\Debug\BulkCellphoneValidation\Microsoft.IdentityModel.Tokens.dll".
  Copying file from "C:\Users\russel.mercado\source\repos\Yakult-System-for-Merging\Yakult.Inventory.App\packages\Microsoft.ReportingServices.ReportViewerControl.Winforms.150.1652.0\lib\net40\Microsoft.ReportViewer.Common.dll" to "C:\Users\russel.mercado\source\repos\Yakult-System-for-Merging\Yakult.Inventory.App\bin\Debug\BulkCellphoneValidation\Microsoft.ReportViewer.Common.dll".
  Copying file from "C:\Users\russel.mercado\source\repos\Yakult-System-for-Merging\Yakult.Inventory.App\packages\Microsoft.ReportingServices.ReportViewerControl.Winforms.150.1652.0\lib\net40\Microsoft.ReportViewer.DataVisualization.dll" to "C:\Users\russel.mercado\source\repos\Yakult-System-for-Merging\Yakult.Inventory.App\bin\Debug\BulkCellphoneValidation\Microsoft.ReportViewer.DataVisualization.dll".
  Copying file from "C:\Users\russel.mercado\source\repos\Yakult-System-for-Merging\Yakult.Inventory.App\packages\Microsoft.ReportingServices.ReportViewerControl.Winforms.150.1652.0\lib\net40\Microsoft.ReportViewer.Design.dll" to "C:\Users\russel.mercado\source\repos\Yakult-System-for-Merging\Yakult.Inventory.App\bin\Debug\BulkCellphoneValidation\Microsoft.ReportViewer.Design.dll".
  Copying file from "C:\Users\russel.mercado\source\repos\Yakult-System-for-Merging\Yakult.Inventory.App\packages\Microsoft.ReportingServices.ReportViewerControl.Winforms.150.1652.0\lib\net40\Microsoft.ReportViewer.ProcessingObjectModel.dll" to "C:\Users\russel.mercado\source\repos\Yakult-System-for-Merging\Yakult.Inventory.App\bin\Debug\BulkCellphoneValidation\Microsoft.ReportViewer.ProcessingObjectModel.dll".
  Copying file from "C:\Users\russel.mercado\source\repos\Yakult-System-for-Merging\Yakult.Inventory.App\packages\Microsoft.ReportingServices.ReportViewerControl.Winforms.150.1652.0\lib\net40\Microsoft.ReportViewer.WinForms.dll" to "C:\Users\russel.mercado\source\repos\Yakult-System-for-Merging\Yakult.Inventory.App\bin\Debug\BulkCellphoneValidation\Microsoft.ReportViewer.WinForms.dll".
  Copying file from "C:\Users\russel.mercado\source\repos\Yakult-System-for-Merging\Yakult.Inventory.App\packages\Microsoft.SqlServer.Types.160.1000.6\lib\net462\Microsoft.SqlServer.Types.dll" to "C:\Users\russel.mercado\source\repos\Yakult-System-for-Merging\Yakult.Inventory.App\bin\Debug\BulkCellphoneValidation\Microsoft.SqlServer.Types.dll".
  Copying file from "C:\Users\russel.mercado\source\repos\Yakult-System-for-Merging\Yakult.Inventory.App\packages\Newtonsoft.Json.13.0.4\lib\net45\Newtonsoft.Json.dll" to "C:\Users\russel.mercado\source\repos\Yakult-System-for-Merging\Yakult.Inventory.App\bin\Debug\BulkCellphoneValidation\Newtonsoft.Json.dll".
  Copying file from "C:\Users\russel.mercado\source\repos\Yakult-System-for-Merging\Yakult.Inventory.App\packages\PDFsharp.1.50.5147\lib\net20\PdfSharp.Charting.dll" to "C:\Users\russel.mercado\source\repos\Yakult-System-for-Merging\Yakult.Inventory.App\bin\Debug\BulkCellphoneValidation\PdfSharp.Charting.dll".
  Copying file from "C:\Users\russel.mercado\source\repos\Yakult-System-for-Merging\Yakult.Inventory.App\packages\PDFsharp.1.50.5147\lib\net20\PdfSharp.dll" to "C:\Users\russel.mercado\source\repos\Yakult-System-for-Merging\Yakult.Inventory.App\bin\Debug\BulkCellphoneValidation\PdfSharp.dll".
  Copying file from "C:\Users\russel.mercado\source\repos\Yakult-System-for-Merging\Yakult.Inventory.App\packages\QRCoder.1.7.0\lib\net40\QRCoder.dll" to "C:\Users\russel.mercado\source\repos\Yakult-System-for-Merging\Yakult.Inventory.App\bin\Debug\BulkCellphoneValidation\QRCoder.dll".
  Copying file from "C:\Users\russel.mercado\source\repos\Yakult-System-for-Merging\Yakult.Inventory.App\packages\ReaLTaiizor.3.8.1.4\lib\net48\ReaLTaiizor.dll" to "C:\Users\russel.mercado\source\repos\Yakult-System-for-Merging\Yakult.Inventory.App\bin\Debug\BulkCellphoneValidation\ReaLTaiizor.dll".
  Copying file from "C:\Users\russel.mercado\source\repos\Yakult-System-for-Merging\Yakult.Inventory.App\packages\SixLabors.Fonts.1.0.0\lib\netstandard2.0\SixLabors.Fonts.dll" to "C:\Users\russel.mercado\source\repos\Yakult-System-for-Merging\Yakult.Inventory.App\bin\Debug\BulkCellphoneValidation\SixLabors.Fonts.dll".
  Copying file from "C:\Users\russel.mercado\source\repos\Yakult-System-for-Merging\Yakult.Inventory.App\packages\SkiaSharp.3.119.0\lib\net462\SkiaSharp.dll" to "C:\Users\russel.mercado\source\repos\Yakult-System-for-Merging\Yakult.Inventory.App\bin\Debug\BulkCellphoneValidation\SkiaSharp.dll".
  Copying file from "C:\Users\russel.mercado\source\repos\Yakult-System-for-Merging\Yakult.Inventory.App\packages\SkiaSharp.HarfBuzz.3.119.0\lib\net462\SkiaSharp.HarfBuzz.dll" to "C:\Users\russel.mercado\source\repos\Yakult-System-for-Merging\Yakult.Inventory.App\bin\Debug\BulkCellphoneValidation\SkiaSharp.HarfBuzz.dll".
  Copying file from "C:\Users\russel.mercado\source\repos\Yakult-System-for-Merging\Yakult.Inventory.App\packages\SkiaSharp.Views.Desktop.Common.3.119.0\lib\net462\SkiaSharp.Views.Desktop.Common.dll" to "C:\Users\russel.mercado\source\repos\Yakult-System-for-Merging\Yakult.Inventory.App\bin\Debug\BulkCellphoneValidation\SkiaSharp.Views.Desktop.Common.dll".
  Copying file from "C:\Users\russel.mercado\source\repos\Yakult-System-for-Merging\Yakult.Inventory.App\packages\SkiaSharp.Views.WPF.3.119.0\lib\net462\SkiaSharp.Views.WPF.dll" to "C:\Users\russel.mercado\source\repos\Yakult-System-for-Merging\Yakult.Inventory.App\bin\Debug\BulkCellphoneValidation\SkiaSharp.Views.WPF.dll".
  Copying file from "C:\Users\russel.mercado\source\repos\Yakult-System-for-Merging\Yakult.Inventory.App\packages\System.Buffers.4.5.1\lib\net461\System.Buffers.dll" to "C:\Users\russel.mercado\source\repos\Yakult-System-for-Merging\Yakult.Inventory.App\bin\Debug\BulkCellphoneValidation\System.Buffers.dll".
  Copying file from "C:\Users\russel.mercado\source\repos\Yakult-System-for-Merging\Yakult.Inventory.App\packages\System.ClientModel.1.5.1\lib\netstandard2.0\System.ClientModel.dll" to "C:\Users\russel.mercado\source\repos\Yakult-System-for-Merging\Yakult.Inventory.App\bin\Debug\BulkCellphoneValidation\System.ClientModel.dll".
  Copying file from "C:\Users\russel.mercado\source\repos\Yakult-System-for-Merging\Yakult.Inventory.App\packages\System.Configuration.ConfigurationManager.9.0.10\lib\net462\System.Configuration.ConfigurationManager.dll" to "C:\Users\russel.mercado\source\repos\Yakult-System-for-Merging\Yakult.Inventory.App\bin\Debug\BulkCellphoneValidation\System.Configuration.ConfigurationManager.dll".
  Copying file from "C:\Users\russel.mercado\source\repos\Yakult-System-for-Merging\Yakult.Inventory.App\packages\System.Diagnostics.DiagnosticSource.8.0.1\lib\net462\System.Diagnostics.DiagnosticSource.dll" to "C:\Users\russel.mercado\source\repos\Yakult-System-for-Merging\Yakult.Inventory.App\bin\Debug\BulkCellphoneValidation\System.Diagnostics.DiagnosticSource.dll".
  Copying file from "C:\Users\russel.mercado\source\repos\Yakult-System-for-Merging\Yakult.Inventory.App\packages\System.IdentityModel.Tokens.Jwt.7.7.1\lib\net472\System.IdentityModel.Tokens.Jwt.dll" to "C:\Users\russel.mercado\source\repos\Yakult-System-for-Merging\Yakult.Inventory.App\bin\Debug\BulkCellphoneValidation\System.IdentityModel.Tokens.Jwt.dll".
  Copying file from "C:\Users\russel.mercado\source\repos\Yakult-System-for-Merging\Yakult.Inventory.App\packages\System.IO.FileSystem.AccessControl.5.0.0\lib\net461\System.IO.FileSystem.AccessControl.dll" to "C:\Users\russel.mercado\source\repos\Yakult-System-for-Merging\Yakult.Inventory.App\bin\Debug\BulkCellphoneValidation\System.IO.FileSystem.AccessControl.dll".
  Copying file from "C:\Users\russel.mercado\source\repos\Yakult-System-for-Merging\Yakult.Inventory.App\packages\System.IO.Packaging.4.7.0\lib\net46\System.IO.Packaging.dll" to "C:\Users\russel.mercado\source\repos\Yakult-System-for-Merging\Yakult.Inventory.App\bin\Debug\BulkCellphoneValidation\System.IO.Packaging.dll".
  Copying file from "C:\Users\russel.mercado\source\repos\Yakult-System-for-Merging\Yakult.Inventory.App\packages\System.Memory.Data.8.0.1\lib\net462\System.Memory.Data.dll" to "C:\Users\russel.mercado\source\repos\Yakult-System-for-Merging\Yakult.Inventory.App\bin\Debug\BulkCellphoneValidation\System.Memory.Data.dll".
  Copying file from "C:\Users\russel.mercado\source\repos\Yakult-System-for-Merging\Yakult.Inventory.App\packages\System.Memory.4.5.5\lib\net461\System.Memory.dll" to "C:\Users\russel.mercado\source\repos\Yakult-System-for-Merging\Yakult.Inventory.App\bin\Debug\BulkCellphoneValidation\System.Memory.dll".
  Copying file from "C:\Users\russel.mercado\source\repos\Yakult-System-for-Merging\Yakult.Inventory.App\packages\System.Numerics.Vectors.4.5.0\lib\net46\System.Numerics.Vectors.dll" to "C:\Users\russel.mercado\source\repos\Yakult-System-for-Merging\Yakult.Inventory.App\bin\Debug\BulkCellphoneValidation\System.Numerics.Vectors.dll".
  Copying file from "C:\Users\russel.mercado\source\repos\Yakult-System-for-Merging\Yakult.Inventory.App\packages\System.Resources.Extensions.8.0.0\lib\net462\System.Resources.Extensions.dll" to "C:\Users\russel.mercado\source\repos\Yakult-System-for-Merging\Yakult.Inventory.App\bin\Debug\BulkCellphoneValidation\System.Resources.Extensions.dll".
  Copying file from "C:\Users\russel.mercado\source\repos\Yakult-System-for-Merging\Yakult.Inventory.App\packages\System.Runtime.CompilerServices.Unsafe.6.0.0\lib\net461\System.Runtime.CompilerServices.Unsafe.dll" to "C:\Users\russel.mercado\source\repos\Yakult-System-for-Merging\Yakult.Inventory.App\bin\Debug\BulkCellphoneValidation\System.Runtime.CompilerServices.Unsafe.dll".
  Copying file from "C:\Users\russel.mercado\source\repos\Yakult-System-for-Merging\Yakult.Inventory.App\packages\System.Security.AccessControl.5.0.0\lib\net461\System.Security.AccessControl.dll" to "C:\Users\russel.mercado\source\repos\Yakult-System-for-Merging\Yakult.Inventory.App\bin\Debug\BulkCellphoneValidation\System.Security.AccessControl.dll".
  Copying file from "C:\Users\russel.mercado\source\repos\Yakult-System-for-Merging\Yakult.Inventory.App\packages\System.Security.Cryptography.Pkcs.8.0.1\lib\net462\System.Security.Cryptography.Pkcs.dll" to "C:\Users\russel.mercado\source\repos\Yakult-System-for-Merging\Yakult.Inventory.App\bin\Debug\BulkCellphoneValidation\System.Security.Cryptography.Pkcs.dll".
  Copying file from "C:\Users\russel.mercado\source\repos\Yakult-System-for-Merging\Yakult.Inventory.App\packages\System.Security.Cryptography.ProtectedData.4.5.0\lib\net461\System.Security.Cryptography.ProtectedData.dll" to "C:\Users\russel.mercado\source\repos\Yakult-System-for-Merging\Yakult.Inventory.App\bin\Debug\BulkCellphoneValidation\System.Security.Cryptography.ProtectedData.dll".
  Copying file from "C:\Users\russel.mercado\source\repos\Yakult-System-for-Merging\Yakult.Inventory.App\packages\System.Security.Principal.Windows.5.0.0\lib\net461\System.Security.Principal.Windows.dll" to "C:\Users\russel.mercado\source\repos\Yakult-System-for-Merging\Yakult.Inventory.App\bin\Debug\BulkCellphoneValidation\System.Security.Principal.Windows.dll".
  Copying file from "C:\Users\russel.mercado\source\repos\Yakult-System-for-Merging\Yakult.Inventory.App\packages\System.Text.Encoding.CodePages.4.7.1\lib\net461\System.Text.Encoding.CodePages.dll" to "C:\Users\russel.mercado\source\repos\Yakult-System-for-Merging\Yakult.Inventory.App\bin\Debug\BulkCellphoneValidation\System.Text.Encoding.CodePages.dll".
  Copying file from "C:\Users\russel.mercado\source\repos\Yakult-System-for-Merging\Yakult.Inventory.App\packages\System.Text.Encodings.Web.8.0.0\lib\net462\System.Text.Encodings.Web.dll" to "C:\Users\russel.mercado\source\repos\Yakult-System-for-Merging\Yakult.Inventory.App\bin\Debug\BulkCellphoneValidation\System.Text.Encodings.Web.dll".
  Copying file from "C:\Users\russel.mercado\source\repos\Yakult-System-for-Merging\Yakult.Inventory.App\packages\System.Text.Json.8.0.6\lib\net462\System.Text.Json.dll" to "C:\Users\russel.mercado\source\repos\Yakult-System-for-Merging\Yakult.Inventory.App\bin\Debug\BulkCellphoneValidation\System.Text.Json.dll".
  Copying file from "C:\Users\russel.mercado\source\repos\Yakult-System-for-Merging\Yakult.Inventory.App\packages\System.Threading.Tasks.Extensions.4.5.4\lib\net461\System.Threading.Tasks.Extensions.dll" to "C:\Users\russel.mercado\source\repos\Yakult-System-for-Merging\Yakult.Inventory.App\bin\Debug\BulkCellphoneValidation\System.Threading.Tasks.Extensions.dll".
  Copying file from "C:\Users\russel.mercado\source\repos\Yakult-System-for-Merging\Yakult.Inventory.App\packages\System.ValueTuple.4.5.0\lib\net47\System.ValueTuple.dll" to "C:\Users\russel.mercado\source\repos\Yakult-System-for-Merging\Yakult.Inventory.App\bin\Debug\BulkCellphoneValidation\System.ValueTuple.dll".
  Copying file from "C:\Windows\System32\WinMetadata\Windows.Data.winmd" to "C:\Users\russel.mercado\source\repos\Yakult-System-for-Merging\Yakult.Inventory.App\bin\Debug\BulkCellphoneValidation\Windows.Data.winmd".
  Copying file from "C:\Windows\System32\WinMetadata\Windows.UI.winmd" to "C:\Users\russel.mercado\source\repos\Yakult-System-for-Merging\Yakult.Inventory.App\bin\Debug\BulkCellphoneValidation\Windows.UI.winmd".
  Copying file from "C:\Users\russel.mercado\source\repos\Yakult-System-for-Merging\Yakult.Inventory.App\packages\WPF-UI.Abstractions.4.3.0\lib\net472\Wpf.Ui.Abstractions.dll" to "C:\Users\russel.mercado\source\repos\Yakult-System-for-Merging\Yakult.Inventory.App\bin\Debug\BulkCellphoneValidation\Wpf.Ui.Abstractions.dll".
  Copying file from "C:\Users\russel.mercado\source\repos\Yakult-System-for-Merging\Yakult.Inventory.App\packages\WPF-UI.4.3.0\lib\net472\Wpf.Ui.dll" to "C:\Users\russel.mercado\source\repos\Yakult-System-for-Merging\Yakult.Inventory.App\bin\Debug\BulkCellphoneValidation\Wpf.Ui.dll".
  Copying file from "C:\Users\russel.mercado\source\repos\Yakult-System-for-Merging\Yakult.Inventory.App\packages\XLParser.1.5.2\lib\net461\XLParser.dll" to "C:\Users\russel.mercado\source\repos\Yakult-System-for-Merging\Yakult.Inventory.App\bin\Debug\BulkCellphoneValidation\XLParser.dll".
  Copying file from "C:\Windows\System32\WinMetadata\Windows.Foundation.winmd" to "C:\Users\russel.mercado\source\repos\Yakult-System-for-Merging\Yakult.Inventory.App\bin\Debug\BulkCellphoneValidation\Windows.Foundation.winmd".
  Copying file from "C:\Program Files (x86)\Common Files\Microsoft Shared\MSEnv\PublicAssemblies\EnvDTE.dll" to "C:\Users\russel.mercado\source\repos\Yakult-System-for-Merging\Yakult.Inventory.App\bin\Debug\BulkCellphoneValidation\EnvDTE.dll".
  Copying file from "C:\Windows\System32\WinMetadata\Windows.Storage.winmd" to "C:\Users\russel.mercado\source\repos\Yakult-System-for-Merging\Yakult.Inventory.App\bin\Debug\BulkCellphoneValidation\Windows.Storage.winmd".
  Copying file from "C:\Windows\System32\WinMetadata\Windows.Security.winmd" to "C:\Users\russel.mercado\source\repos\Yakult-System-for-Merging\Yakult.Inventory.App\bin\Debug\BulkCellphoneValidation\Windows.Security.winmd".
  Copying file from "C:\Windows\System32\WinMetadata\Windows.System.winmd" to "C:\Users\russel.mercado\source\repos\Yakult-System-for-Merging\Yakult.Inventory.App\bin\Debug\BulkCellphoneValidation\Windows.System.winmd".
  Copying file from "C:\Windows\System32\WinMetadata\Windows.ApplicationModel.winmd" to "C:\Users\russel.mercado\source\repos\Yakult-System-for-Merging\Yakult.Inventory.App\bin\Debug\BulkCellphoneValidation\Windows.ApplicationModel.winmd".
  Copying file from "C:\Windows\System32\WinMetadata\Windows.Graphics.winmd" to "C:\Users\russel.mercado\source\repos\Yakult-System-for-Merging\Yakult.Inventory.App\bin\Debug\BulkCellphoneValidation\Windows.Graphics.winmd".
  Copying file from "C:\Windows\System32\WinMetadata\Windows.Gaming.winmd" to "C:\Users\russel.mercado\source\repos\Yakult-System-for-Merging\Yakult.Inventory.App\bin\Debug\BulkCellphoneValidation\Windows.Gaming.winmd".
  Copying file from "C:\Windows\System32\WinMetadata\Windows.Devices.winmd" to "C:\Users\russel.mercado\source\repos\Yakult-System-for-Merging\Yakult.Inventory.App\bin\Debug\BulkCellphoneValidation\Windows.Devices.winmd".
  Copying file from "C:\Windows\System32\WinMetadata\Windows.Globalization.winmd" to "C:\Users\russel.mercado\source\repos\Yakult-System-for-Merging\Yakult.Inventory.App\bin\Debug\BulkCellphoneValidation\Windows.Globalization.winmd".
  Copying file from "C:\Windows\System32\WinMetadata\Windows.Web.winmd" to "C:\Users\russel.mercado\source\repos\Yakult-System-for-Merging\Yakult.Inventory.App\bin\Debug\BulkCellphoneValidation\Windows.Web.winmd".
  Copying file from "C:\Windows\System32\WinMetadata\Windows.Perception.winmd" to "C:\Users\russel.mercado\source\repos\Yakult-System-for-Merging\Yakult.Inventory.App\bin\Debug\BulkCellphoneValidation\Windows.Perception.winmd".
  Copying file from "C:\Windows\System32\WinMetadata\Windows.Media.winmd" to "C:\Users\russel.mercado\source\repos\Yakult-System-for-Merging\Yakult.Inventory.App\bin\Debug\BulkCellphoneValidation\Windows.Media.winmd".
  Copying file from "C:\Program Files (x86)\Microsoft.NET\Primary Interop Assemblies\stdole.dll" to "C:\Users\russel.mercado\source\repos\Yakult-System-for-Merging\Yakult.Inventory.App\bin\Debug\BulkCellphoneValidation\stdole.dll".
  Copying file from "C:\Windows\System32\WinMetadata\Windows.UI.Xaml.winmd" to "C:\Users\russel.mercado\source\repos\Yakult-System-for-Merging\Yakult.Inventory.App\bin\Debug\BulkCellphoneValidation\Windows.UI.Xaml.winmd".
  Copying file from "C:\Windows\System32\WinMetadata\Windows.Networking.winmd" to "C:\Users\russel.mercado\source\repos\Yakult-System-for-Merging\Yakult.Inventory.App\bin\Debug\BulkCellphoneValidation\Windows.Networking.winmd".
  Copying file from "C:\Windows\System32\WinMetadata\Windows.Management.winmd" to "C:\Users\russel.mercado\source\repos\Yakult-System-for-Merging\Yakult.Inventory.App\bin\Debug\BulkCellphoneValidation\Windows.Management.winmd".
  Copying file from "C:\Windows\System32\WinMetadata\Windows.Services.winmd" to "C:\Users\russel.mercado\source\repos\Yakult-System-for-Merging\Yakult.Inventory.App\bin\Debug\BulkCellphoneValidation\Windows.Services.winmd".
  Copying file from "C:\Users\russel.mercado\source\repos\Yakult-System-for-Merging\Yakult.Inventory.App\packages\Azure.Core.1.47.1\lib\net472\Azure.Core.xml" to "C:\Users\russel.mercado\source\repos\Yakult-System-for-Merging\Yakult.Inventory.App\bin\Debug\BulkCellphoneValidation\Azure.Core.xml".
  Copying file from "C:\Users\russel.mercado\source\repos\Yakult-System-for-Merging\Yakult.Inventory.App\packages\Azure.Identity.1.14.2\lib\netstandard2.0\Azure.Identity.xml" to "C:\Users\russel.mercado\source\repos\Yakult-System-for-Merging\Yakult.Inventory.App\bin\Debug\BulkCellphoneValidation\Azure.Identity.xml".
  Copying file from "C:\Users\russel.mercado\source\repos\Yakult-System-for-Merging\Yakult.Inventory.App\packages\Dapper.2.1.66\lib\net461\Dapper.xml" to "C:\Users\russel.mercado\source\repos\Yakult-System-for-Merging\Yakult.Inventory.App\bin\Debug\BulkCellphoneValidation\Dapper.xml".
  Copying file from "C:\Users\russel.mercado\source\repos\Yakult-System-for-Merging\Yakult.Inventory.App\packages\Microsoft.Bcl.AsyncInterfaces.9.0.1\lib\net462\Microsoft.Bcl.AsyncInterfaces.xml" to "C:\Users\russel.mercado\source\repos\Yakult-System-for-Merging\Yakult.Inventory.App\bin\Debug\BulkCellphoneValidation\Microsoft.Bcl.AsyncInterfaces.xml".
  Copying file from "C:\Users\russel.mercado\source\repos\Yakult-System-for-Merging\Yakult.Inventory.App\packages\Microsoft.Bcl.Cryptography.8.0.0\lib\net462\Microsoft.Bcl.Cryptography.xml" to "C:\Users\russel.mercado\source\repos\Yakult-System-for-Merging\Yakult.Inventory.App\bin\Debug\BulkCellphoneValidation\Microsoft.Bcl.Cryptography.xml".
  Copying file from "C:\Users\russel.mercado\source\repos\Yakult-System-for-Merging\Yakult.Inventory.App\packages\Microsoft.Data.SqlClient.6.1.2\lib\net462\Microsoft.Data.SqlClient.xml" to "C:\Users\russel.mercado\source\repos\Yakult-System-for-Merging\Yakult.Inventory.App\bin\Debug\BulkCellphoneValidation\Microsoft.Data.SqlClient.xml".
  Copying file from "C:\Users\russel.mercado\source\repos\Yakult-System-for-Merging\Yakult.Inventory.App\packages\Microsoft.Extensions.Caching.Abstractions.8.0.0\lib\net462\Microsoft.Extensions.Caching.Abstractions.xml" to "C:\Users\russel.mercado\source\repos\Yakult-System-for-Merging\Yakult.Inventory.App\bin\Debug\BulkCellphoneValidation\Microsoft.Extensions.Caching.Abstractions.xml".
  Copying file from "C:\Users\russel.mercado\source\repos\Yakult-System-for-Merging\Yakult.Inventory.App\packages\Microsoft.Extensions.Caching.Memory.8.0.1\lib\net462\Microsoft.Extensions.Caching.Memory.xml" to "C:\Users\russel.mercado\source\repos\Yakult-System-for-Merging\Yakult.Inventory.App\bin\Debug\BulkCellphoneValidation\Microsoft.Extensions.Caching.Memory.xml".
  Copying file from "C:\Users\russel.mercado\source\repos\Yakult-System-for-Merging\Yakult.Inventory.App\packages\Microsoft.Extensions.DependencyInjection.8.0.1\lib\net462\Microsoft.Extensions.DependencyInjection.xml" to "C:\Users\russel.mercado\source\repos\Yakult-System-for-Merging\Yakult.Inventory.App\bin\Debug\BulkCellphoneValidation\Microsoft.Extensions.DependencyInjection.xml".
  Copying file from "C:\Users\russel.mercado\source\repos\Yakult-System-for-Merging\Yakult.Inventory.App\packages\Microsoft.Extensions.DependencyInjection.Abstractions.8.0.2\lib\net462\Microsoft.Extensions.DependencyInjection.Abstractions.xml" to "C:\Users\russel.mercado\source\repos\Yakult-System-for-Merging\Yakult.Inventory.App\bin\Debug\BulkCellphoneValidation\Microsoft.Extensions.DependencyInjection.Abstractions.xml".
  Copying file from "C:\Users\russel.mercado\source\repos\Yakult-System-for-Merging\Yakult.Inventory.App\packages\Microsoft.Extensions.Logging.8.0.1\lib\net462\Microsoft.Extensions.Logging.xml" to "C:\Users\russel.mercado\source\repos\Yakult-System-for-Merging\Yakult.Inventory.App\bin\Debug\BulkCellphoneValidation\Microsoft.Extensions.Logging.xml".
  Copying file from "C:\Users\russel.mercado\source\repos\Yakult-System-for-Merging\Yakult.Inventory.App\packages\Microsoft.Extensions.Logging.Abstractions.8.0.3\lib\net462\Microsoft.Extensions.Logging.Abstractions.xml" to "C:\Users\russel.mercado\source\repos\Yakult-System-for-Merging\Yakult.Inventory.App\bin\Debug\BulkCellphoneValidation\Microsoft.Extensions.Logging.Abstractions.xml".
  Copying file from "C:\Users\russel.mercado\source\repos\Yakult-System-for-Merging\Yakult.Inventory.App\packages\Microsoft.Extensions.Options.8.0.2\lib\net462\Microsoft.Extensions.Options.xml" to "C:\Users\russel.mercado\source\repos\Yakult-System-for-Merging\Yakult.Inventory.App\bin\Debug\BulkCellphoneValidation\Microsoft.Extensions.Options.xml".
  Copying file from "C:\Users\russel.mercado\source\repos\Yakult-System-for-Merging\Yakult.Inventory.App\packages\Microsoft.Extensions.Primitives.8.0.0\lib\net462\Microsoft.Extensions.Primitives.xml" to "C:\Users\russel.mercado\source\repos\Yakult-System-for-Merging\Yakult.Inventory.App\bin\Debug\BulkCellphoneValidation\Microsoft.Extensions.Primitives.xml".
  Copying file from "C:\Users\russel.mercado\source\repos\Yakult-System-for-Merging\Yakult.Inventory.App\packages\Microsoft.Identity.Client.Extensions.Msal.4.73.1\lib\netstandard2.0\Microsoft.Identity.Client.Extensions.Msal.xml" to "C:\Users\russel.mercado\source\repos\Yakult-System-for-Merging\Yakult.Inventory.App\bin\Debug\BulkCellphoneValidation\Microsoft.Identity.Client.Extensions.Msal.xml".
  Copying file from "C:\Users\russel.mercado\source\repos\Yakult-System-for-Merging\Yakult.Inventory.App\packages\Microsoft.Identity.Client.4.73.1\lib\net472\Microsoft.Identity.Client.xml" to "C:\Users\russel.mercado\source\repos\Yakult-System-for-Merging\Yakult.Inventory.App\bin\Debug\BulkCellphoneValidation\Microsoft.Identity.Client.xml".
  Copying file from "C:\Users\russel.mercado\source\repos\Yakult-System-for-Merging\Yakult.Inventory.App\packages\Microsoft.IdentityModel.Abstractions.7.7.1\lib\net472\Microsoft.IdentityModel.Abstractions.xml" to "C:\Users\russel.mercado\source\repos\Yakult-System-for-Merging\Yakult.Inventory.App\bin\Debug\BulkCellphoneValidation\Microsoft.IdentityModel.Abstractions.xml".
  Copying file from "C:\Users\russel.mercado\source\repos\Yakult-System-for-Merging\Yakult.Inventory.App\packages\Microsoft.IdentityModel.JsonWebTokens.7.7.1\lib\net472\Microsoft.IdentityModel.JsonWebTokens.xml" to "C:\Users\russel.mercado\source\repos\Yakult-System-for-Merging\Yakult.Inventory.App\bin\Debug\BulkCellphoneValidation\Microsoft.IdentityModel.JsonWebTokens.xml".
  Copying file from "C:\Users\russel.mercado\source\repos\Yakult-System-for-Merging\Yakult.Inventory.App\packages\Microsoft.IdentityModel.Logging.7.7.1\lib\net472\Microsoft.IdentityModel.Logging.xml" to "C:\Users\russel.mercado\source\repos\Yakult-System-for-Merging\Yakult.Inventory.App\bin\Debug\BulkCellphoneValidation\Microsoft.IdentityModel.Logging.xml".
  Copying file from "C:\Users\russel.mercado\source\repos\Yakult-System-for-Merging\Yakult.Inventory.App\packages\Microsoft.IdentityModel.Protocols.7.7.1\lib\net472\Microsoft.IdentityModel.Protocols.xml" to "C:\Users\russel.mercado\source\repos\Yakult-System-for-Merging\Yakult.Inventory.App\bin\Debug\BulkCellphoneValidation\Microsoft.IdentityModel.Protocols.xml".
  Copying file from "C:\Users\russel.mercado\source\repos\Yakult-System-for-Merging\Yakult.Inventory.App\packages\Microsoft.IdentityModel.Protocols.OpenIdConnect.7.7.1\lib\net472\Microsoft.IdentityModel.Protocols.OpenIdConnect.xml" to "C:\Users\russel.mercado\source\repos\Yakult-System-for-Merging\Yakult.Inventory.App\bin\Debug\BulkCellphoneValidation\Microsoft.IdentityModel.Protocols.OpenIdConnect.xml".
  Copying file from "C:\Users\russel.mercado\source\repos\Yakult-System-for-Merging\Yakult.Inventory.App\packages\Microsoft.IdentityModel.Tokens.7.7.1\lib\net472\Microsoft.IdentityModel.Tokens.xml" to "C:\Users\russel.mercado\source\repos\Yakult-System-for-Merging\Yakult.Inventory.App\bin\Debug\BulkCellphoneValidation\Microsoft.IdentityModel.Tokens.xml".
  Copying file from "C:\Users\russel.mercado\source\repos\Yakult-System-for-Merging\Yakult.Inventory.App\packages\PDFsharp.1.50.5147\lib\net20\PdfSharp.xml" to "C:\Users\russel.mercado\source\repos\Yakult-System-for-Merging\Yakult.Inventory.App\bin\Debug\BulkCellphoneValidation\PdfSharp.xml".
  Copying file from "C:\Users\russel.mercado\source\repos\Yakult-System-for-Merging\Yakult.Inventory.App\packages\PDFsharp.1.50.5147\lib\net20\PdfSharp.Charting.xml" to "C:\Users\russel.mercado\source\repos\Yakult-System-for-Merging\Yakult.Inventory.App\bin\Debug\BulkCellphoneValidation\PdfSharp.Charting.xml".
  Copying file from "C:\Users\russel.mercado\source\repos\Yakult-System-for-Merging\Yakult.Inventory.App\packages\QRCoder.1.7.0\lib\net40\QRCoder.xml" to "C:\Users\russel.mercado\source\repos\Yakult-System-for-Merging\Yakult.Inventory.App\bin\Debug\BulkCellphoneValidation\QRCoder.xml".
  Copying file from "C:\Users\russel.mercado\source\repos\Yakult-System-for-Merging\Yakult.Inventory.App\packages\Newtonsoft.Json.13.0.4\lib\net45\Newtonsoft.Json.xml" to "C:\Users\russel.mercado\source\repos\Yakult-System-for-Merging\Yakult.Inventory.App\bin\Debug\BulkCellphoneValidation\Newtonsoft.Json.xml".
  Copying file from "C:\Users\russel.mercado\source\repos\Yakult-System-for-Merging\Yakult.Inventory.App\packages\ReaLTaiizor.3.8.1.4\lib\net48\ReaLTaiizor.xml" to "C:\Users\russel.mercado\source\repos\Yakult-System-for-Merging\Yakult.Inventory.App\bin\Debug\BulkCellphoneValidation\ReaLTaiizor.xml".
  Copying file from "C:\Users\russel.mercado\source\repos\Yakult-System-for-Merging\Yakult.Inventory.App\packages\System.Buffers.4.5.1\lib\net461\System.Buffers.xml" to "C:\Users\russel.mercado\source\repos\Yakult-System-for-Merging\Yakult.Inventory.App\bin\Debug\BulkCellphoneValidation\System.Buffers.xml".
  Copying file from "C:\Users\russel.mercado\source\repos\Yakult-System-for-Merging\Yakult.Inventory.App\packages\System.ClientModel.1.5.1\lib\netstandard2.0\System.ClientModel.xml" to "C:\Users\russel.mercado\source\repos\Yakult-System-for-Merging\Yakult.Inventory.App\bin\Debug\BulkCellphoneValidation\System.ClientModel.xml".
  Copying file from "C:\Users\russel.mercado\source\repos\Yakult-System-for-Merging\Yakult.Inventory.App\packages\System.Configuration.ConfigurationManager.9.0.10\lib\net462\System.Configuration.ConfigurationManager.xml" to "C:\Users\russel.mercado\source\repos\Yakult-System-for-Merging\Yakult.Inventory.App\bin\Debug\BulkCellphoneValidation\System.Configuration.ConfigurationManager.xml".
  Copying file from "C:\Users\russel.mercado\source\repos\Yakult-System-for-Merging\Yakult.Inventory.App\packages\System.Diagnostics.DiagnosticSource.8.0.1\lib\net462\System.Diagnostics.DiagnosticSource.xml" to "C:\Users\russel.mercado\source\repos\Yakult-System-for-Merging\Yakult.Inventory.App\bin\Debug\BulkCellphoneValidation\System.Diagnostics.DiagnosticSource.xml".
  Copying file from "C:\Users\russel.mercado\source\repos\Yakult-System-for-Merging\Yakult.Inventory.App\packages\System.IdentityModel.Tokens.Jwt.7.7.1\lib\net472\System.IdentityModel.Tokens.Jwt.xml" to "C:\Users\russel.mercado\source\repos\Yakult-System-for-Merging\Yakult.Inventory.App\bin\Debug\BulkCellphoneValidation\System.IdentityModel.Tokens.Jwt.xml".
  Copying file from "C:\Users\russel.mercado\source\repos\Yakult-System-for-Merging\Yakult.Inventory.App\packages\System.Memory.4.5.5\lib\net461\System.Memory.xml" to "C:\Users\russel.mercado\source\repos\Yakult-System-for-Merging\Yakult.Inventory.App\bin\Debug\BulkCellphoneValidation\System.Memory.xml".
  Copying file from "C:\Users\russel.mercado\source\repos\Yakult-System-for-Merging\Yakult.Inventory.App\packages\System.IO.FileSystem.AccessControl.5.0.0\lib\net461\System.IO.FileSystem.AccessControl.xml" to "C:\Users\russel.mercado\source\repos\Yakult-System-for-Merging\Yakult.Inventory.App\bin\Debug\BulkCellphoneValidation\System.IO.FileSystem.AccessControl.xml".
  Copying file from "C:\Users\russel.mercado\source\repos\Yakult-System-for-Merging\Yakult.Inventory.App\packages\System.Memory.Data.8.0.1\lib\net462\System.Memory.Data.xml" to "C:\Users\russel.mercado\source\repos\Yakult-System-for-Merging\Yakult.Inventory.App\bin\Debug\BulkCellphoneValidation\System.Memory.Data.xml".
  Copying file from "C:\Users\russel.mercado\source\repos\Yakult-System-for-Merging\Yakult.Inventory.App\packages\System.Numerics.Vectors.4.5.0\lib\net46\System.Numerics.Vectors.xml" to "C:\Users\russel.mercado\source\repos\Yakult-System-for-Merging\Yakult.Inventory.App\bin\Debug\BulkCellphoneValidation\System.Numerics.Vectors.xml".
  Copying file from "C:\Users\russel.mercado\source\repos\Yakult-System-for-Merging\Yakult.Inventory.App\packages\WPF-UI.4.3.0\lib\net472\Wpf.Ui.xml" to "C:\Users\russel.mercado\source\repos\Yakult-System-for-Merging\Yakult.Inventory.App\bin\Debug\BulkCellphoneValidation\Wpf.Ui.xml".
  Copying file from "C:\Users\russel.mercado\source\repos\Yakult-System-for-Merging\Yakult.Inventory.App\packages\WPF-UI.Abstractions.4.3.0\lib\net472\Wpf.Ui.Abstractions.xml" to "C:\Users\russel.mercado\source\repos\Yakult-System-for-Merging\Yakult.Inventory.App\bin\Debug\BulkCellphoneValidation\Wpf.Ui.Abstractions.xml".
  Copying file from "C:\Users\russel.mercado\source\repos\Yakult-System-for-Merging\Yakult.Inventory.App\packages\LiveChartsCore.2.0.5\lib\net462\LiveChartsCore.xml" to "C:\Users\russel.mercado\source\repos\Yakult-System-for-Merging\Yakult.Inventory.App\bin\Debug\BulkCellphoneValidation\LiveChartsCore.xml".
  Copying file from "C:\Users\russel.mercado\source\repos\Yakult-System-for-Merging\Yakult.Inventory.App\packages\WPF-UI.4.3.0\lib\net472\Wpf.Ui.pdb" to "C:\Users\russel.mercado\source\repos\Yakult-System-for-Merging\Yakult.Inventory.App\bin\Debug\BulkCellphoneValidation\Wpf.Ui.pdb".
  Copying file from "C:\Users\russel.mercado\source\repos\Yakult-System-for-Merging\Yakult.Inventory.App\packages\System.Runtime.CompilerServices.Unsafe.6.0.0\lib\net461\System.Runtime.CompilerServices.Unsafe.xml" to "C:\Users\russel.mercado\source\repos\Yakult-System-for-Merging\Yakult.Inventory.App\bin\Debug\BulkCellphoneValidation\System.Runtime.CompilerServices.Unsafe.xml".
  Copying file from "C:\Users\russel.mercado\source\repos\Yakult-System-for-Merging\Yakult.Inventory.App\packages\WPF-UI.Abstractions.4.3.0\lib\net472\Wpf.Ui.Abstractions.pdb" to "C:\Users\russel.mercado\source\repos\Yakult-System-for-Merging\Yakult.Inventory.App\bin\Debug\BulkCellphoneValidation\Wpf.Ui.Abstractions.pdb".
  Copying file from "C:\Users\russel.mercado\source\repos\Yakult-System-for-Merging\Yakult.Inventory.App\packages\LiveChartsCore.SkiaSharpView.2.0.5\lib\net462\LiveChartsCore.SkiaSharpView.xml" to "C:\Users\russel.mercado\source\repos\Yakult-System-for-Merging\Yakult.Inventory.App\bin\Debug\BulkCellphoneValidation\LiveChartsCore.SkiaSharpView.xml".
  Copying file from "C:\Users\russel.mercado\source\repos\Yakult-System-for-Merging\Yakult.Inventory.App\packages\LiveChartsCore.SkiaSharpView.WPF.2.0.5\lib\net462\LiveChartsCore.SkiaSharpView.WPF.xml" to "C:\Users\russel.mercado\source\repos\Yakult-System-for-Merging\Yakult.Inventory.App\bin\Debug\BulkCellphoneValidation\LiveChartsCore.SkiaSharpView.WPF.xml".
  Copying file from "C:\Users\russel.mercado\source\repos\Yakult-System-for-Merging\Yakult.Inventory.App\packages\SkiaSharp.3.119.0\lib\net462\SkiaSharp.pdb" to "C:\Users\russel.mercado\source\repos\Yakult-System-for-Merging\Yakult.Inventory.App\bin\Debug\BulkCellphoneValidation\SkiaSharp.pdb".
  Copying file from "C:\Users\russel.mercado\source\repos\Yakult-System-for-Merging\Yakult.Inventory.App\packages\SkiaSharp.Views.WPF.3.119.0\lib\net462\SkiaSharp.Views.WPF.pdb" to "C:\Users\russel.mercado\source\repos\Yakult-System-for-Merging\Yakult.Inventory.App\bin\Debug\BulkCellphoneValidation\SkiaSharp.Views.WPF.pdb".
  Copying file from "C:\Users\russel.mercado\source\repos\Yakult-System-for-Merging\Yakult.Inventory.App\packages\SkiaSharp.HarfBuzz.3.119.0\lib\net462\SkiaSharp.HarfBuzz.pdb" to "C:\Users\russel.mercado\source\repos\Yakult-System-for-Merging\Yakult.Inventory.App\bin\Debug\BulkCellphoneValidation\SkiaSharp.HarfBuzz.pdb".
  Copying file from "C:\Users\russel.mercado\source\repos\Yakult-System-for-Merging\Yakult.Inventory.App\packages\SkiaSharp.Views.Desktop.Common.3.119.0\lib\net462\SkiaSharp.Views.Desktop.Common.pdb" to "C:\Users\russel.mercado\source\repos\Yakult-System-for-Merging\Yakult.Inventory.App\bin\Debug\BulkCellphoneValidation\SkiaSharp.Views.Desktop.Common.pdb".
  Copying file from "C:\Users\russel.mercado\source\repos\Yakult-System-for-Merging\Yakult.Inventory.App\packages\HarfBuzzSharp.8.3.1.1\lib\net462\HarfBuzzSharp.pdb" to "C:\Users\russel.mercado\source\repos\Yakult-System-for-Merging\Yakult.Inventory.App\bin\Debug\BulkCellphoneValidation\HarfBuzzSharp.pdb".
  Copying file from "C:\Users\russel.mercado\source\repos\Yakult-System-for-Merging\Yakult.Inventory.App\packages\System.Security.AccessControl.5.0.0\lib\net461\System.Security.AccessControl.xml" to "C:\Users\russel.mercado\source\repos\Yakult-System-for-Merging\Yakult.Inventory.App\bin\Debug\BulkCellphoneValidation\System.Security.AccessControl.xml".
  Copying file from "C:\Users\russel.mercado\source\repos\Yakult-System-for-Merging\Yakult.Inventory.App\packages\System.Security.Cryptography.Pkcs.8.0.1\lib\net462\System.Security.Cryptography.Pkcs.xml" to "C:\Users\russel.mercado\source\repos\Yakult-System-for-Merging\Yakult.Inventory.App\bin\Debug\BulkCellphoneValidation\System.Security.Cryptography.Pkcs.xml".
  Copying file from "C:\Users\russel.mercado\source\repos\Yakult-System-for-Merging\Yakult.Inventory.App\packages\System.Text.Encodings.Web.8.0.0\lib\net462\System.Text.Encodings.Web.xml" to "C:\Users\russel.mercado\source\repos\Yakult-System-for-Merging\Yakult.Inventory.App\bin\Debug\BulkCellphoneValidation\System.Text.Encodings.Web.xml".
  Copying file from "C:\Users\russel.mercado\source\repos\Yakult-System-for-Merging\Yakult.Inventory.App\packages\System.Security.Principal.Windows.5.0.0\lib\net461\System.Security.Principal.Windows.xml" to "C:\Users\russel.mercado\source\repos\Yakult-System-for-Merging\Yakult.Inventory.App\bin\Debug\BulkCellphoneValidation\System.Security.Principal.Windows.xml".
  Copying file from "C:\Users\russel.mercado\source\repos\Yakult-System-for-Merging\Yakult.Inventory.App\packages\System.Text.Json.8.0.6\lib\net462\System.Text.Json.xml" to "C:\Users\russel.mercado\source\repos\Yakult-System-for-Merging\Yakult.Inventory.App\bin\Debug\BulkCellphoneValidation\System.Text.Json.xml".
  Copying file from "C:\Users\russel.mercado\source\repos\Yakult-System-for-Merging\Yakult.Inventory.App\packages\System.Threading.Tasks.Extensions.4.5.4\lib\net461\System.Threading.Tasks.Extensions.xml" to "C:\Users\russel.mercado\source\repos\Yakult-System-for-Merging\Yakult.Inventory.App\bin\Debug\BulkCellphoneValidation\System.Threading.Tasks.Extensions.xml".
  Copying file from "C:\Users\russel.mercado\source\repos\Yakult-System-for-Merging\Yakult.Inventory.App\packages\System.ValueTuple.4.5.0\lib\net47\System.ValueTuple.xml" to "C:\Users\russel.mercado\source\repos\Yakult-System-for-Merging\Yakult.Inventory.App\bin\Debug\BulkCellphoneValidation\System.ValueTuple.xml".
  Copying file from "C:\Users\russel.mercado\source\repos\Yakult-System-for-Merging\Yakult.Inventory.App\packages\ExcelDataReader.3.6.0\lib\net45\ExcelDataReader.pdb" to "C:\Users\russel.mercado\source\repos\Yakult-System-for-Merging\Yakult.Inventory.App\bin\Debug\BulkCellphoneValidation\ExcelDataReader.pdb".
  Copying file from "C:\Users\russel.mercado\source\repos\Yakult-System-for-Merging\Yakult.Inventory.App\packages\ExcelDataReader.3.6.0\lib\net45\ExcelDataReader.xml" to "C:\Users\russel.mercado\source\repos\Yakult-System-for-Merging\Yakult.Inventory.App\bin\Debug\BulkCellphoneValidation\ExcelDataReader.xml".
  Copying file from "C:\Users\russel.mercado\source\repos\Yakult-System-for-Merging\Yakult.Inventory.App\packages\ExcelDataReader.DataSet.3.6.0\lib\netstandard2.0\ExcelDataReader.DataSet.pdb" to "C:\Users\russel.mercado\source\repos\Yakult-System-for-Merging\Yakult.Inventory.App\bin\Debug\BulkCellphoneValidation\ExcelDataReader.DataSet.pdb".
  Copying file from "C:\Users\russel.mercado\source\repos\Yakult-System-for-Merging\Yakult.Inventory.App\packages\ExcelDataReader.DataSet.3.6.0\lib\netstandard2.0\ExcelDataReader.DataSet.xml" to "C:\Users\russel.mercado\source\repos\Yakult-System-for-Merging\Yakult.Inventory.App\bin\Debug\BulkCellphoneValidation\ExcelDataReader.DataSet.xml".
  Copying file from "C:\Users\russel.mercado\source\repos\Yakult-System-for-Merging\Yakult.Inventory.App\packages\System.Text.Encoding.CodePages.4.7.1\lib\net461\System.Text.Encoding.CodePages.xml" to "C:\Users\russel.mercado\source\repos\Yakult-System-for-Merging\Yakult.Inventory.App\bin\Debug\BulkCellphoneValidation\System.Text.Encoding.CodePages.xml".
  Copying file from "C:\Users\russel.mercado\source\repos\Yakult-System-for-Merging\Yakult.Inventory.App\packages\ClosedXML.0.97.0\lib\netstandard2.0\ClosedXML.xml" to "C:\Users\russel.mercado\source\repos\Yakult-System-for-Merging\Yakult.Inventory.App\bin\Debug\BulkCellphoneValidation\ClosedXML.xml".
  Copying file from "C:\Users\russel.mercado\source\repos\Yakult-System-for-Merging\Yakult.Inventory.App\packages\DocumentFormat.OpenXml.2.16.0\lib\net46\DocumentFormat.OpenXml.xml" to "C:\Users\russel.mercado\source\repos\Yakult-System-for-Merging\Yakult.Inventory.App\bin\Debug\BulkCellphoneValidation\DocumentFormat.OpenXml.xml".
  Copying file from "C:\Users\russel.mercado\source\repos\Yakult-System-for-Merging\Yakult.Inventory.App\packages\ExcelNumberFormat.1.1.0\lib\net20\ExcelNumberFormat.xml" to "C:\Users\russel.mercado\source\repos\Yakult-System-for-Merging\Yakult.Inventory.App\bin\Debug\BulkCellphoneValidation\ExcelNumberFormat.xml".
  Copying file from "C:\Users\russel.mercado\source\repos\Yakult-System-for-Merging\Yakult.Inventory.App\packages\System.IO.Packaging.4.7.0\lib\net46\System.IO.Packaging.xml" to "C:\Users\russel.mercado\source\repos\Yakult-System-for-Merging\Yakult.Inventory.App\bin\Debug\BulkCellphoneValidation\System.IO.Packaging.xml".
  Copying file from "C:\Users\russel.mercado\source\repos\Yakult-System-for-Merging\Yakult.Inventory.App\packages\SixLabors.Fonts.1.0.0\lib\netstandard2.0\SixLabors.Fonts.xml" to "C:\Users\russel.mercado\source\repos\Yakult-System-for-Merging\Yakult.Inventory.App\bin\Debug\BulkCellphoneValidation\SixLabors.Fonts.xml".
  Copying file from "C:\Users\russel.mercado\source\repos\Yakult-System-for-Merging\Yakult.Inventory.App\packages\System.Resources.Extensions.8.0.0\lib\net462\System.Resources.Extensions.xml" to "C:\Users\russel.mercado\source\repos\Yakult-System-for-Merging\Yakult.Inventory.App\bin\Debug\BulkCellphoneValidation\System.Resources.Extensions.xml".
  Creating directory "bin\Debug\BulkCellphoneValidation\cs".
  Copying file from "C:\Users\russel.mercado\source\repos\Yakult-System-for-Merging\Yakult.Inventory.App\packages\Microsoft.Data.SqlClient.6.1.2\lib\net462\cs\Microsoft.Data.SqlClient.resources.dll" to "C:\Users\russel.mercado\source\repos\Yakult-System-for-Merging\Yakult.Inventory.App\bin\Debug\BulkCellphoneValidation\cs\Microsoft.Data.SqlClient.resources.dll".
  Creating directory "bin\Debug\BulkCellphoneValidation\es".
  Creating directory "bin\Debug\BulkCellphoneValidation\de".
  Creating directory "bin\Debug\BulkCellphoneValidation\it".
  Copying file from "C:\Users\russel.mercado\source\repos\Yakult-System-for-Merging\Yakult.Inventory.App\packages\Microsoft.Data.SqlClient.6.1.2\lib\net462\it\Microsoft.Data.SqlClient.resources.dll" to "C:\Users\russel.mercado\source\repos\Yakult-System-for-Merging\Yakult.Inventory.App\bin\Debug\BulkCellphoneValidation\it\Microsoft.Data.SqlClient.resources.dll".
  Creating directory "bin\Debug\BulkCellphoneValidation\ja".
  Copying file from "C:\Users\russel.mercado\source\repos\Yakult-System-for-Merging\Yakult.Inventory.App\packages\Microsoft.Data.SqlClient.6.1.2\lib\net462\ja\Microsoft.Data.SqlClient.resources.dll" to "C:\Users\russel.mercado\source\repos\Yakult-System-for-Merging\Yakult.Inventory.App\bin\Debug\BulkCellphoneValidation\ja\Microsoft.Data.SqlClient.resources.dll".
  Creating directory "bin\Debug\BulkCellphoneValidation\fr".
  Copying file from "C:\Users\russel.mercado\source\repos\Yakult-System-for-Merging\Yakult.Inventory.App\packages\Microsoft.Data.SqlClient.6.1.2\lib\net462\fr\Microsoft.Data.SqlClient.resources.dll" to "C:\Users\russel.mercado\source\repos\Yakult-System-for-Merging\Yakult.Inventory.App\bin\Debug\BulkCellphoneValidation\fr\Microsoft.Data.SqlClient.resources.dll".
  Creating directory "bin\Debug\BulkCellphoneValidation\ko".
  Copying file from "C:\Users\russel.mercado\source\repos\Yakult-System-for-Merging\Yakult.Inventory.App\packages\Microsoft.Data.SqlClient.6.1.2\lib\net462\ko\Microsoft.Data.SqlClient.resources.dll" to "C:\Users\russel.mercado\source\repos\Yakult-System-for-Merging\Yakult.Inventory.App\bin\Debug\BulkCellphoneValidation\ko\Microsoft.Data.SqlClient.resources.dll".
  Copying file from "C:\Users\russel.mercado\source\repos\Yakult-System-for-Merging\Yakult.Inventory.App\packages\Microsoft.Data.SqlClient.6.1.2\lib\net462\de\Microsoft.Data.SqlClient.resources.dll" to "C:\Users\russel.mercado\source\repos\Yakult-System-for-Merging\Yakult.Inventory.App\bin\Debug\BulkCellphoneValidation\de\Microsoft.Data.SqlClient.resources.dll".
  Creating directory "bin\Debug\BulkCellphoneValidation\pl".
  Creating directory "bin\Debug\BulkCellphoneValidation\pt-BR".
  Copying file from "C:\Users\russel.mercado\source\repos\Yakult-System-for-Merging\Yakult.Inventory.App\packages\Microsoft.Data.SqlClient.6.1.2\lib\net462\pt-BR\Microsoft.Data.SqlClient.resources.dll" to "C:\Users\russel.mercado\source\repos\Yakult-System-for-Merging\Yakult.Inventory.App\bin\Debug\BulkCellphoneValidation\pt-BR\Microsoft.Data.SqlClient.resources.dll".
  Copying file from "C:\Users\russel.mercado\source\repos\Yakult-System-for-Merging\Yakult.Inventory.App\packages\Microsoft.Data.SqlClient.6.1.2\lib\net462\pl\Microsoft.Data.SqlClient.resources.dll" to "C:\Users\russel.mercado\source\repos\Yakult-System-for-Merging\Yakult.Inventory.App\bin\Debug\BulkCellphoneValidation\pl\Microsoft.Data.SqlClient.resources.dll".
  Creating directory "bin\Debug\BulkCellphoneValidation\ru".
  Copying file from "C:\Users\russel.mercado\source\repos\Yakult-System-for-Merging\Yakult.Inventory.App\packages\Microsoft.Data.SqlClient.6.1.2\lib\net462\ru\Microsoft.Data.SqlClient.resources.dll" to "C:\Users\russel.mercado\source\repos\Yakult-System-for-Merging\Yakult.Inventory.App\bin\Debug\BulkCellphoneValidation\ru\Microsoft.Data.SqlClient.resources.dll".
  Creating directory "bin\Debug\BulkCellphoneValidation\tr".
  Copying file from "C:\Users\russel.mercado\source\repos\Yakult-System-for-Merging\Yakult.Inventory.App\packages\Microsoft.Data.SqlClient.6.1.2\lib\net462\tr\Microsoft.Data.SqlClient.resources.dll" to "C:\Users\russel.mercado\source\repos\Yakult-System-for-Merging\Yakult.Inventory.App\bin\Debug\BulkCellphoneValidation\tr\Microsoft.Data.SqlClient.resources.dll".
  Creating directory "bin\Debug\BulkCellphoneValidation\zh-Hans".
  Creating directory "bin\Debug\BulkCellphoneValidation\zh-Hant".
  Copying file from "C:\Users\russel.mercado\source\repos\Yakult-System-for-Merging\Yakult.Inventory.App\packages\Microsoft.Data.SqlClient.6.1.2\lib\net462\zh-Hans\Microsoft.Data.SqlClient.resources.dll" to "C:\Users\russel.mercado\source\repos\Yakult-System-for-Merging\Yakult.Inventory.App\bin\Debug\BulkCellphoneValidation\zh-Hans\Microsoft.Data.SqlClient.resources.dll".
  Copying file from "C:\Users\russel.mercado\source\repos\Yakult-System-for-Merging\Yakult.Inventory.App\packages\Microsoft.Data.SqlClient.6.1.2\lib\net462\zh-Hant\Microsoft.Data.SqlClient.resources.dll" to "C:\Users\russel.mercado\source\repos\Yakult-System-for-Merging\Yakult.Inventory.App\bin\Debug\BulkCellphoneValidation\zh-Hant\Microsoft.Data.SqlClient.resources.dll".
  Copying file from "C:\Users\russel.mercado\source\repos\Yakult-System-for-Merging\Yakult.Inventory.App\packages\Microsoft.ReportingServices.ReportViewerControl.Winforms.150.1652.0\lib\net40\es\Microsoft.ReportViewer.Common.resources.dll" to "C:\Users\russel.mercado\source\repos\Yakult-System-for-Merging\Yakult.Inventory.App\bin\Debug\BulkCellphoneValidation\es\Microsoft.ReportViewer.Common.resources.dll".
  Copying file from "C:\Users\russel.mercado\source\repos\Yakult-System-for-Merging\Yakult.Inventory.App\packages\Microsoft.ReportingServices.ReportViewerControl.Winforms.150.1652.0\lib\net40\fr\Microsoft.ReportViewer.Common.resources.dll" to "C:\Users\russel.mercado\source\repos\Yakult-System-for-Merging\Yakult.Inventory.App\bin\Debug\BulkCellphoneValidation\fr\Microsoft.ReportViewer.Common.resources.dll".
  Copying file from "C:\Users\russel.mercado\source\repos\Yakult-System-for-Merging\Yakult.Inventory.App\packages\Microsoft.ReportingServices.ReportViewerControl.Winforms.150.1652.0\lib\net40\de\Microsoft.ReportViewer.Common.resources.dll" to "C:\Users\russel.mercado\source\repos\Yakult-System-for-Merging\Yakult.Inventory.App\bin\Debug\BulkCellphoneValidation\de\Microsoft.ReportViewer.Common.resources.dll".
  Copying file from "C:\Users\russel.mercado\source\repos\Yakult-System-for-Merging\Yakult.Inventory.App\packages\Microsoft.ReportingServices.ReportViewerControl.Winforms.150.1652.0\lib\net40\it\Microsoft.ReportViewer.Common.resources.dll" to "C:\Users\russel.mercado\source\repos\Yakult-System-for-Merging\Yakult.Inventory.App\bin\Debug\BulkCellphoneValidation\it\Microsoft.ReportViewer.Common.resources.dll".
  Copying file from "C:\Users\russel.mercado\source\repos\Yakult-System-for-Merging\Yakult.Inventory.App\packages\Microsoft.ReportingServices.ReportViewerControl.Winforms.150.1652.0\lib\net40\ja\Microsoft.ReportViewer.Common.resources.dll" to "C:\Users\russel.mercado\source\repos\Yakult-System-for-Merging\Yakult.Inventory.App\bin\Debug\BulkCellphoneValidation\ja\Microsoft.ReportViewer.Common.resources.dll".
  Copying file from "C:\Users\russel.mercado\source\repos\Yakult-System-for-Merging\Yakult.Inventory.App\packages\Microsoft.ReportingServices.ReportViewerControl.Winforms.150.1652.0\lib\net40\ko\Microsoft.ReportViewer.Common.resources.dll" to "C:\Users\russel.mercado\source\repos\Yakult-System-for-Merging\Yakult.Inventory.App\bin\Debug\BulkCellphoneValidation\ko\Microsoft.ReportViewer.Common.resources.dll".
  Copying file from "C:\Users\russel.mercado\source\repos\Yakult-System-for-Merging\Yakult.Inventory.App\packages\Microsoft.ReportingServices.ReportViewerControl.Winforms.150.1652.0\lib\net40\ru\Microsoft.ReportViewer.Common.resources.dll" to "C:\Users\russel.mercado\source\repos\Yakult-System-for-Merging\Yakult.Inventory.App\bin\Debug\BulkCellphoneValidation\ru\Microsoft.ReportViewer.Common.resources.dll".
  Creating directory "bin\Debug\BulkCellphoneValidation\pt".
  Creating directory "bin\Debug\BulkCellphoneValidation\zh-CHS".
  Copying file from "C:\Users\russel.mercado\source\repos\Yakult-System-for-Merging\Yakult.Inventory.App\packages\Microsoft.ReportingServices.ReportViewerControl.Winforms.150.1652.0\lib\net40\pt\Microsoft.ReportViewer.Common.resources.dll" to "C:\Users\russel.mercado\source\repos\Yakult-System-for-Merging\Yakult.Inventory.App\bin\Debug\BulkCellphoneValidation\pt\Microsoft.ReportViewer.Common.resources.dll".
  Copying file from "C:\Users\russel.mercado\source\repos\Yakult-System-for-Merging\Yakult.Inventory.App\packages\Microsoft.ReportingServices.ReportViewerControl.Winforms.150.1652.0\lib\net40\zh-CHS\Microsoft.ReportViewer.Common.resources.dll" to "C:\Users\russel.mercado\source\repos\Yakult-System-for-Merging\Yakult.Inventory.App\bin\Debug\BulkCellphoneValidation\zh-CHS\Microsoft.ReportViewer.Common.resources.dll".
  Copying file from "C:\Users\russel.mercado\source\repos\Yakult-System-for-Merging\Yakult.Inventory.App\packages\Microsoft.Data.SqlClient.6.1.2\lib\net462\es\Microsoft.Data.SqlClient.resources.dll" to "C:\Users\russel.mercado\source\repos\Yakult-System-for-Merging\Yakult.Inventory.App\bin\Debug\BulkCellphoneValidation\es\Microsoft.Data.SqlClient.resources.dll".
  Creating directory "bin\Debug\BulkCellphoneValidation\zh-CHT".
  Copying file from "C:\Users\russel.mercado\source\repos\Yakult-System-for-Merging\Yakult.Inventory.App\packages\Microsoft.ReportingServices.ReportViewerControl.Winforms.150.1652.0\lib\net40\zh-CHT\Microsoft.ReportViewer.Common.resources.dll" to "C:\Users\russel.mercado\source\repos\Yakult-System-for-Merging\Yakult.Inventory.App\bin\Debug\BulkCellphoneValidation\zh-CHT\Microsoft.ReportViewer.Common.resources.dll".
  Copying file from "C:\Users\russel.mercado\source\repos\Yakult-System-for-Merging\Yakult.Inventory.App\packages\Microsoft.ReportingServices.ReportViewerControl.Winforms.150.1652.0\lib\net40\de\Microsoft.ReportViewer.DataVisualization.resources.dll" to "C:\Users\russel.mercado\source\repos\Yakult-System-for-Merging\Yakult.Inventory.App\bin\Debug\BulkCellphoneValidation\de\Microsoft.ReportViewer.DataVisualization.resources.dll".
  Copying file from "C:\Users\russel.mercado\source\repos\Yakult-System-for-Merging\Yakult.Inventory.App\packages\Microsoft.ReportingServices.ReportViewerControl.Winforms.150.1652.0\lib\net40\es\Microsoft.ReportViewer.DataVisualization.resources.dll" to "C:\Users\russel.mercado\source\repos\Yakult-System-for-Merging\Yakult.Inventory.App\bin\Debug\BulkCellphoneValidation\es\Microsoft.ReportViewer.DataVisualization.resources.dll".
  Copying file from "C:\Users\russel.mercado\source\repos\Yakult-System-for-Merging\Yakult.Inventory.App\packages\Microsoft.ReportingServices.ReportViewerControl.Winforms.150.1652.0\lib\net40\fr\Microsoft.ReportViewer.DataVisualization.resources.dll" to "C:\Users\russel.mercado\source\repos\Yakult-System-for-Merging\Yakult.Inventory.App\bin\Debug\BulkCellphoneValidation\fr\Microsoft.ReportViewer.DataVisualization.resources.dll".
  Copying file from "C:\Users\russel.mercado\source\repos\Yakult-System-for-Merging\Yakult.Inventory.App\packages\Microsoft.ReportingServices.ReportViewerControl.Winforms.150.1652.0\lib\net40\it\Microsoft.ReportViewer.DataVisualization.resources.dll" to "C:\Users\russel.mercado\source\repos\Yakult-System-for-Merging\Yakult.Inventory.App\bin\Debug\BulkCellphoneValidation\it\Microsoft.ReportViewer.DataVisualization.resources.dll".
  Copying file from "C:\Users\russel.mercado\source\repos\Yakult-System-for-Merging\Yakult.Inventory.App\packages\Microsoft.ReportingServices.ReportViewerControl.Winforms.150.1652.0\lib\net40\ja\Microsoft.ReportViewer.DataVisualization.resources.dll" to "C:\Users\russel.mercado\source\repos\Yakult-System-for-Merging\Yakult.Inventory.App\bin\Debug\BulkCellphoneValidation\ja\Microsoft.ReportViewer.DataVisualization.resources.dll".
  Copying file from "C:\Users\russel.mercado\source\repos\Yakult-System-for-Merging\Yakult.Inventory.App\packages\Microsoft.ReportingServices.ReportViewerControl.Winforms.150.1652.0\lib\net40\ko\Microsoft.ReportViewer.DataVisualization.resources.dll" to "C:\Users\russel.mercado\source\repos\Yakult-System-for-Merging\Yakult.Inventory.App\bin\Debug\BulkCellphoneValidation\ko\Microsoft.ReportViewer.DataVisualization.resources.dll".
  Copying file from "C:\Users\russel.mercado\source\repos\Yakult-System-for-Merging\Yakult.Inventory.App\packages\Microsoft.ReportingServices.ReportViewerControl.Winforms.150.1652.0\lib\net40\pt\Microsoft.ReportViewer.DataVisualization.resources.dll" to "C:\Users\russel.mercado\source\repos\Yakult-System-for-Merging\Yakult.Inventory.App\bin\Debug\BulkCellphoneValidation\pt\Microsoft.ReportViewer.DataVisualization.resources.dll".
  Copying file from "C:\Users\russel.mercado\source\repos\Yakult-System-for-Merging\Yakult.Inventory.App\packages\Microsoft.ReportingServices.ReportViewerControl.Winforms.150.1652.0\lib\net40\ru\Microsoft.ReportViewer.DataVisualization.resources.dll" to "C:\Users\russel.mercado\source\repos\Yakult-System-for-Merging\Yakult.Inventory.App\bin\Debug\BulkCellphoneValidation\ru\Microsoft.ReportViewer.DataVisualization.resources.dll".
  Copying file from "C:\Users\russel.mercado\source\repos\Yakult-System-for-Merging\Yakult.Inventory.App\packages\Microsoft.ReportingServices.ReportViewerControl.Winforms.150.1652.0\lib\net40\zh-CHT\Microsoft.ReportViewer.DataVisualization.resources.dll" to "C:\Users\russel.mercado\source\repos\Yakult-System-for-Merging\Yakult.Inventory.App\bin\Debug\BulkCellphoneValidation\zh-CHT\Microsoft.ReportViewer.DataVisualization.resources.dll".
  Copying file from "C:\Users\russel.mercado\source\repos\Yakult-System-for-Merging\Yakult.Inventory.App\packages\Microsoft.ReportingServices.ReportViewerControl.Winforms.150.1652.0\lib\net40\de\Microsoft.ReportViewer.Design.resources.dll" to "C:\Users\russel.mercado\source\repos\Yakult-System-for-Merging\Yakult.Inventory.App\bin\Debug\BulkCellphoneValidation\de\Microsoft.ReportViewer.Design.resources.dll".
  Copying file from "C:\Users\russel.mercado\source\repos\Yakult-System-for-Merging\Yakult.Inventory.App\packages\Microsoft.ReportingServices.ReportViewerControl.Winforms.150.1652.0\lib\net40\zh-CHS\Microsoft.ReportViewer.DataVisualization.resources.dll" to "C:\Users\russel.mercado\source\repos\Yakult-System-for-Merging\Yakult.Inventory.App\bin\Debug\BulkCellphoneValidation\zh-CHS\Microsoft.ReportViewer.DataVisualization.resources.dll".
  Copying file from "C:\Users\russel.mercado\source\repos\Yakult-System-for-Merging\Yakult.Inventory.App\packages\Microsoft.ReportingServices.ReportViewerControl.Winforms.150.1652.0\lib\net40\es\Microsoft.ReportViewer.Design.resources.dll" to "C:\Users\russel.mercado\source\repos\Yakult-System-for-Merging\Yakult.Inventory.App\bin\Debug\BulkCellphoneValidation\es\Microsoft.ReportViewer.Design.resources.dll".
  Copying file from "C:\Users\russel.mercado\source\repos\Yakult-System-for-Merging\Yakult.Inventory.App\packages\Microsoft.ReportingServices.ReportViewerControl.Winforms.150.1652.0\lib\net40\fr\Microsoft.ReportViewer.Design.resources.dll" to "C:\Users\russel.mercado\source\repos\Yakult-System-for-Merging\Yakult.Inventory.App\bin\Debug\BulkCellphoneValidation\fr\Microsoft.ReportViewer.Design.resources.dll".
  Copying file from "C:\Users\russel.mercado\source\repos\Yakult-System-for-Merging\Yakult.Inventory.App\packages\Microsoft.ReportingServices.ReportViewerControl.Winforms.150.1652.0\lib\net40\it\Microsoft.ReportViewer.Design.resources.dll" to "C:\Users\russel.mercado\source\repos\Yakult-System-for-Merging\Yakult.Inventory.App\bin\Debug\BulkCellphoneValidation\it\Microsoft.ReportViewer.Design.resources.dll".
  Copying file from "C:\Users\russel.mercado\source\repos\Yakult-System-for-Merging\Yakult.Inventory.App\packages\Microsoft.ReportingServices.ReportViewerControl.Winforms.150.1652.0\lib\net40\ko\Microsoft.ReportViewer.Design.resources.dll" to "C:\Users\russel.mercado\source\repos\Yakult-System-for-Merging\Yakult.Inventory.App\bin\Debug\BulkCellphoneValidation\ko\Microsoft.ReportViewer.Design.resources.dll".
  Copying file from "C:\Users\russel.mercado\source\repos\Yakult-System-for-Merging\Yakult.Inventory.App\packages\Microsoft.ReportingServices.ReportViewerControl.Winforms.150.1652.0\lib\net40\pt\Microsoft.ReportViewer.Design.resources.dll" to "C:\Users\russel.mercado\source\repos\Yakult-System-for-Merging\Yakult.Inventory.App\bin\Debug\BulkCellphoneValidation\pt\Microsoft.ReportViewer.Design.resources.dll".
  Copying file from "C:\Users\russel.mercado\source\repos\Yakult-System-for-Merging\Yakult.Inventory.App\packages\Microsoft.ReportingServices.ReportViewerControl.Winforms.150.1652.0\lib\net40\ja\Microsoft.ReportViewer.Design.resources.dll" to "C:\Users\russel.mercado\source\repos\Yakult-System-for-Merging\Yakult.Inventory.App\bin\Debug\BulkCellphoneValidation\ja\Microsoft.ReportViewer.Design.resources.dll".
  Copying file from "C:\Users\russel.mercado\source\repos\Yakult-System-for-Merging\Yakult.Inventory.App\packages\Microsoft.ReportingServices.ReportViewerControl.Winforms.150.1652.0\lib\net40\ru\Microsoft.ReportViewer.Design.resources.dll" to "C:\Users\russel.mercado\source\repos\Yakult-System-for-Merging\Yakult.Inventory.App\bin\Debug\BulkCellphoneValidation\ru\Microsoft.ReportViewer.Design.resources.dll".
  Copying file from "C:\Users\russel.mercado\source\repos\Yakult-System-for-Merging\Yakult.Inventory.App\packages\Microsoft.ReportingServices.ReportViewerControl.Winforms.150.1652.0\lib\net40\zh-CHS\Microsoft.ReportViewer.Design.resources.dll" to "C:\Users\russel.mercado\source\repos\Yakult-System-for-Merging\Yakult.Inventory.App\bin\Debug\BulkCellphoneValidation\zh-CHS\Microsoft.ReportViewer.Design.resources.dll".
  Copying file from "C:\Users\russel.mercado\source\repos\Yakult-System-for-Merging\Yakult.Inventory.App\packages\Microsoft.ReportingServices.ReportViewerControl.Winforms.150.1652.0\lib\net40\zh-CHT\Microsoft.ReportViewer.Design.resources.dll" to "C:\Users\russel.mercado\source\repos\Yakult-System-for-Merging\Yakult.Inventory.App\bin\Debug\BulkCellphoneValidation\zh-CHT\Microsoft.ReportViewer.Design.resources.dll".
  Copying file from "C:\Users\russel.mercado\source\repos\Yakult-System-for-Merging\Yakult.Inventory.App\packages\Microsoft.ReportingServices.ReportViewerControl.Winforms.150.1652.0\lib\net40\de\Microsoft.ReportViewer.WinForms.resources.dll" to "C:\Users\russel.mercado\source\repos\Yakult-System-for-Merging\Yakult.Inventory.App\bin\Debug\BulkCellphoneValidation\de\Microsoft.ReportViewer.WinForms.resources.dll".
  Copying file from "C:\Users\russel.mercado\source\repos\Yakult-System-for-Merging\Yakult.Inventory.App\packages\Microsoft.ReportingServices.ReportViewerControl.Winforms.150.1652.0\lib\net40\es\Microsoft.ReportViewer.WinForms.resources.dll" to "C:\Users\russel.mercado\source\repos\Yakult-System-for-Merging\Yakult.Inventory.App\bin\Debug\BulkCellphoneValidation\es\Microsoft.ReportViewer.WinForms.resources.dll".
  Copying file from "C:\Users\russel.mercado\source\repos\Yakult-System-for-Merging\Yakult.Inventory.App\packages\Microsoft.ReportingServices.ReportViewerControl.Winforms.150.1652.0\lib\net40\fr\Microsoft.ReportViewer.WinForms.resources.dll" to "C:\Users\russel.mercado\source\repos\Yakult-System-for-Merging\Yakult.Inventory.App\bin\Debug\BulkCellphoneValidation\fr\Microsoft.ReportViewer.WinForms.resources.dll".
  Copying file from "C:\Users\russel.mercado\source\repos\Yakult-System-for-Merging\Yakult.Inventory.App\packages\Microsoft.ReportingServices.ReportViewerControl.Winforms.150.1652.0\lib\net40\it\Microsoft.ReportViewer.WinForms.resources.dll" to "C:\Users\russel.mercado\source\repos\Yakult-System-for-Merging\Yakult.Inventory.App\bin\Debug\BulkCellphoneValidation\it\Microsoft.ReportViewer.WinForms.resources.dll".
  Copying file from "C:\Users\russel.mercado\source\repos\Yakult-System-for-Merging\Yakult.Inventory.App\packages\Microsoft.ReportingServices.ReportViewerControl.Winforms.150.1652.0\lib\net40\ja\Microsoft.ReportViewer.WinForms.resources.dll" to "C:\Users\russel.mercado\source\repos\Yakult-System-for-Merging\Yakult.Inventory.App\bin\Debug\BulkCellphoneValidation\ja\Microsoft.ReportViewer.WinForms.resources.dll".
  Copying file from "C:\Users\russel.mercado\source\repos\Yakult-System-for-Merging\Yakult.Inventory.App\packages\Microsoft.ReportingServices.ReportViewerControl.Winforms.150.1652.0\lib\net40\ko\Microsoft.ReportViewer.WinForms.resources.dll" to "C:\Users\russel.mercado\source\repos\Yakult-System-for-Merging\Yakult.Inventory.App\bin\Debug\BulkCellphoneValidation\ko\Microsoft.ReportViewer.WinForms.resources.dll".
  Copying file from "C:\Users\russel.mercado\source\repos\Yakult-System-for-Merging\Yakult.Inventory.App\packages\Microsoft.ReportingServices.ReportViewerControl.Winforms.150.1652.0\lib\net40\pt\Microsoft.ReportViewer.WinForms.resources.dll" to "C:\Users\russel.mercado\source\repos\Yakult-System-for-Merging\Yakult.Inventory.App\bin\Debug\BulkCellphoneValidation\pt\Microsoft.ReportViewer.WinForms.resources.dll".
  Copying file from "C:\Users\russel.mercado\source\repos\Yakult-System-for-Merging\Yakult.Inventory.App\packages\Microsoft.ReportingServices.ReportViewerControl.Winforms.150.1652.0\lib\net40\ru\Microsoft.ReportViewer.WinForms.resources.dll" to "C:\Users\russel.mercado\source\repos\Yakult-System-for-Merging\Yakult.Inventory.App\bin\Debug\BulkCellphoneValidation\ru\Microsoft.ReportViewer.WinForms.resources.dll".
  Copying file from "C:\Users\russel.mercado\source\repos\Yakult-System-for-Merging\Yakult.Inventory.App\packages\Microsoft.ReportingServices.ReportViewerControl.Winforms.150.1652.0\lib\net40\zh-CHS\Microsoft.ReportViewer.WinForms.resources.dll" to "C:\Users\russel.mercado\source\repos\Yakult-System-for-Merging\Yakult.Inventory.App\bin\Debug\BulkCellphoneValidation\zh-CHS\Microsoft.ReportViewer.WinForms.resources.dll".
  Copying file from "C:\Users\russel.mercado\source\repos\Yakult-System-for-Merging\Yakult.Inventory.App\packages\Microsoft.ReportingServices.ReportViewerControl.Winforms.150.1652.0\lib\net40\zh-CHT\Microsoft.ReportViewer.WinForms.resources.dll" to "C:\Users\russel.mercado\source\repos\Yakult-System-for-Merging\Yakult.Inventory.App\bin\Debug\BulkCellphoneValidation\zh-CHT\Microsoft.ReportViewer.WinForms.resources.dll".
  Copying file from "C:\Users\russel.mercado\source\repos\Yakult-System-for-Merging\Yakult.Inventory.App\packages\Microsoft.SqlServer.Types.160.1000.6\lib\net462\de\Microsoft.SqlServer.Types.resources.dll" to "C:\Users\russel.mercado\source\repos\Yakult-System-for-Merging\Yakult.Inventory.App\bin\Debug\BulkCellphoneValidation\de\Microsoft.SqlServer.Types.resources.dll".
  Copying file from "C:\Users\russel.mercado\source\repos\Yakult-System-for-Merging\Yakult.Inventory.App\packages\Microsoft.SqlServer.Types.160.1000.6\lib\net462\es\Microsoft.SqlServer.Types.resources.dll" to "C:\Users\russel.mercado\source\repos\Yakult-System-for-Merging\Yakult.Inventory.App\bin\Debug\BulkCellphoneValidation\es\Microsoft.SqlServer.Types.resources.dll".
  Copying file from "C:\Users\russel.mercado\source\repos\Yakult-System-for-Merging\Yakult.Inventory.App\packages\Microsoft.SqlServer.Types.160.1000.6\lib\net462\fr\Microsoft.SqlServer.Types.resources.dll" to "C:\Users\russel.mercado\source\repos\Yakult-System-for-Merging\Yakult.Inventory.App\bin\Debug\BulkCellphoneValidation\fr\Microsoft.SqlServer.Types.resources.dll".
  Copying file from "C:\Users\russel.mercado\source\repos\Yakult-System-for-Merging\Yakult.Inventory.App\packages\Microsoft.SqlServer.Types.160.1000.6\lib\net462\it\Microsoft.SqlServer.Types.resources.dll" to "C:\Users\russel.mercado\source\repos\Yakult-System-for-Merging\Yakult.Inventory.App\bin\Debug\BulkCellphoneValidation\it\Microsoft.SqlServer.Types.resources.dll".
  Copying file from "C:\Users\russel.mercado\source\repos\Yakult-System-for-Merging\Yakult.Inventory.App\packages\Microsoft.SqlServer.Types.160.1000.6\lib\net462\ja\Microsoft.SqlServer.Types.resources.dll" to "C:\Users\russel.mercado\source\repos\Yakult-System-for-Merging\Yakult.Inventory.App\bin\Debug\BulkCellphoneValidation\ja\Microsoft.SqlServer.Types.resources.dll".
  Copying file from "C:\Users\russel.mercado\source\repos\Yakult-System-for-Merging\Yakult.Inventory.App\packages\Microsoft.SqlServer.Types.160.1000.6\lib\net462\ko\Microsoft.SqlServer.Types.resources.dll" to "C:\Users\russel.mercado\source\repos\Yakult-System-for-Merging\Yakult.Inventory.App\bin\Debug\BulkCellphoneValidation\ko\Microsoft.SqlServer.Types.resources.dll".
  Copying file from "C:\Users\russel.mercado\source\repos\Yakult-System-for-Merging\Yakult.Inventory.App\packages\Microsoft.SqlServer.Types.160.1000.6\lib\net462\pt\Microsoft.SqlServer.Types.resources.dll" to "C:\Users\russel.mercado\source\repos\Yakult-System-for-Merging\Yakult.Inventory.App\bin\Debug\BulkCellphoneValidation\pt\Microsoft.SqlServer.Types.resources.dll".
  Copying file from "C:\Users\russel.mercado\source\repos\Yakult-System-for-Merging\Yakult.Inventory.App\packages\Microsoft.SqlServer.Types.160.1000.6\lib\net462\ru\Microsoft.SqlServer.Types.resources.dll" to "C:\Users\russel.mercado\source\repos\Yakult-System-for-Merging\Yakult.Inventory.App\bin\Debug\BulkCellphoneValidation\ru\Microsoft.SqlServer.Types.resources.dll".
  Copying file from "C:\Users\russel.mercado\source\repos\Yakult-System-for-Merging\Yakult.Inventory.App\packages\Microsoft.SqlServer.Types.160.1000.6\lib\net462\zh-Hans\Microsoft.SqlServer.Types.resources.dll" to "C:\Users\russel.mercado\source\repos\Yakult-System-for-Merging\Yakult.Inventory.App\bin\Debug\BulkCellphoneValidation\zh-Hans\Microsoft.SqlServer.Types.resources.dll".
  Copying file from "C:\Users\russel.mercado\source\repos\Yakult-System-for-Merging\Yakult.Inventory.App\packages\Microsoft.SqlServer.Types.160.1000.6\lib\net462\zh-Hant\Microsoft.SqlServer.Types.resources.dll" to "C:\Users\russel.mercado\source\repos\Yakult-System-for-Merging\Yakult.Inventory.App\bin\Debug\BulkCellphoneValidation\zh-Hant\Microsoft.SqlServer.Types.resources.dll".
  Copying file from "C:\Users\russel.mercado\source\repos\Yakult-System-for-Merging\Yakult.Inventory.App\packages\PDFsharp.1.50.5147\lib\net20\de\PdfSharp.resources.dll" to "C:\Users\russel.mercado\source\repos\Yakult-System-for-Merging\Yakult.Inventory.App\bin\Debug\BulkCellphoneValidation\de\PdfSharp.resources.dll".
  Copying file from "C:\Users\russel.mercado\source\repos\Yakult-System-for-Merging\Yakult.Inventory.App\packages\PDFsharp.1.50.5147\lib\net20\de\PdfSharp.Charting.resources.dll" to "C:\Users\russel.mercado\source\repos\Yakult-System-for-Merging\Yakult.Inventory.App\bin\Debug\BulkCellphoneValidation\de\PdfSharp.Charting.resources.dll".
  Creating "C:\Users\russel.mercado\source\repos\Yakult-System-for-Merging\Yakult.Inventory.App\obj\BulkCellphoneValidation\Yakult.I.6BB80FA3.Up2Date" because "AlwaysCreate" was specified.
  Touching "C:\Users\russel.mercado\source\repos\Yakult-System-for-Merging\Yakult.Inventory.App\obj\BulkCellphoneValidation\Yakult.I.6BB80FA3.Up2Date".
_CopyOutOfDateSourceItemsToOutputDirectory:
  Creating directory "bin\Debug\BulkCellphoneValidation\x64".
  Creating directory "bin\Debug\BulkCellphoneValidation\x86".
  Copying file from "C:\Users\russel.mercado\source\repos\Yakult-System-for-Merging\Yakult.Inventory.App\appsettings.json" to "C:\Users\russel.mercado\source\repos\Yakult-System-for-Merging\Yakult.Inventory.App\bin\Debug\BulkCellphoneValidation\appsettings.json".
  Creating directory "bin\Debug\BulkCellphoneValidation\Images".
  Copying file from "C:\Users\russel.mercado\source\repos\Yakult-System-for-Merging\Yakult.Inventory.App\appsettings.Development.json" to "C:\Users\russel.mercado\source\repos\Yakult-System-for-Merging\Yakult.Inventory.App\bin\Debug\BulkCellphoneValidation\appsettings.Development.json".
  Creating directory "bin\Debug\BulkCellphoneValidation\Docs".
  Copying file from "C:\Users\russel.mercado\source\repos\Yakult-System-for-Merging\Yakult.Inventory.App\packages\Microsoft.SqlServer.Types.160.1000.6\runtimes\win-x64\native\SqlServerSpatial160.dll" to "C:\Users\russel.mercado\source\repos\Yakult-System-for-Merging\Yakult.Inventory.App\bin\Debug\BulkCellphoneValidation\x64\SqlServerSpatial160.dll".
  Copying file from "C:\Users\russel.mercado\source\repos\Yakult-System-for-Merging\Yakult.Inventory.App\packages\Microsoft.SqlServer.Types.160.1000.6\runtimes\win-x86\native\SqlServerSpatial160.dll" to "C:\Users\russel.mercado\source\repos\Yakult-System-for-Merging\Yakult.Inventory.App\bin\Debug\BulkCellphoneValidation\x86\SqlServerSpatial160.dll".
  Copying file from "C:\Users\russel.mercado\source\repos\Yakult-System-for-Merging\Yakult.Inventory.App\Images\yakult_Name.png" to "C:\Users\russel.mercado\source\repos\Yakult-System-for-Merging\Yakult.Inventory.App\bin\Debug\BulkCellphoneValidation\Images\yakult_Name.png".
  Copying file from "C:\Users\russel.mercado\source\repos\Yakult-System-for-Merging\Yakult.Inventory.App\Docs\BorrowItemsGuide.html" to "C:\Users\russel.mercado\source\repos\Yakult-System-for-Merging\Yakult.Inventory.App\bin\Debug\BulkCellphoneValidation\Docs\BorrowItemsGuide.html".
  Copying file from "C:\Users\russel.mercado\source\repos\Yakult-System-for-Merging\Yakult.Inventory.App\packages\SkiaSharp.NativeAssets.Win32.3.119.0\runtimes\win-x86\native\libSkiaSharp.dll" to "C:\Users\russel.mercado\source\repos\Yakult-System-for-Merging\Yakult.Inventory.App\bin\Debug\BulkCellphoneValidation\libSkiaSharp.dll".
  Copying file from "C:\Users\russel.mercado\source\repos\Yakult-System-for-Merging\Yakult.Inventory.App\packages\HarfBuzzSharp.NativeAssets.Win32.8.3.1.1\runtimes\win-x86\native\libHarfBuzzSharp.dll" to "C:\Users\russel.mercado\source\repos\Yakult-System-for-Merging\Yakult.Inventory.App\bin\Debug\BulkCellphoneValidation\libHarfBuzzSharp.dll".
_CopyOutOfDateSourceItemsToOutputDirectoryAlways:
  Creating directory "bin\Debug\BulkCellphoneValidation\Reports".
  Creating directory "bin\Debug\BulkCellphoneValidation\Reports".
  Creating directory "bin\Debug\BulkCellphoneValidation\Reports".
  Creating directory "bin\Debug\BulkCellphoneValidation\Reports".
  Creating directory "bin\Debug\BulkCellphoneValidation\Reports".
  Creating directory "bin\Debug\BulkCellphoneValidation\Reports".
  Copying file from "C:\Users\russel.mercado\source\repos\Yakult-System-for-Merging\Yakult.Inventory.App\Reports\InvoiceReport_Compact.rdl" to "C:\Users\russel.mercado\source\repos\Yakult-System-for-Merging\Yakult.Inventory.App\bin\Debug\BulkCellphoneValidation\Reports\InvoiceReport_Compact.rdl".
  Copying file from "C:\Users\russel.mercado\source\repos\Yakult-System-for-Merging\Yakult.Inventory.App\Reports\InvoiceReport_Wide.rdl" to "C:\Users\russel.mercado\source\repos\Yakult-System-for-Merging\Yakult.Inventory.App\bin\Debug\BulkCellphoneValidation\Reports\InvoiceReport_Wide.rdl".
  Copying file from "C:\Users\russel.mercado\source\repos\Yakult-System-for-Merging\Yakult.Inventory.App\Reports\SetsReport.rdlc" to "C:\Users\russel.mercado\source\repos\Yakult-System-for-Merging\Yakult.Inventory.App\bin\Debug\BulkCellphoneValidation\Reports\SetsReport.rdlc".
  Copying file from "C:\Users\russel.mercado\source\repos\Yakult-System-for-Merging\Yakult.Inventory.App\Reports\RenewalsReport.rdlc" to "C:\Users\russel.mercado\source\repos\Yakult-System-for-Merging\Yakult.Inventory.App\bin\Debug\BulkCellphoneValidation\Reports\RenewalsReport.rdlc".
  Copying file from "C:\Users\russel.mercado\source\repos\Yakult-System-for-Merging\Yakult.Inventory.App\Reports\InvoiceReport.rdl" to "C:\Users\russel.mercado\source\repos\Yakult-System-for-Merging\Yakult.Inventory.App\bin\Debug\BulkCellphoneValidation\Reports\InvoiceReport.rdl".
  Copying file from "C:\Users\russel.mercado\source\repos\Yakult-System-for-Merging\Yakult.Inventory.App\Reports\RenewalsReport_Wide.rdlc" to "C:\Users\russel.mercado\source\repos\Yakult-System-for-Merging\Yakult.Inventory.App\bin\Debug\BulkCellphoneValidation\Reports\RenewalsReport_Wide.rdlc".
  Copying file from "C:\Users\russel.mercado\source\repos\Yakult-System-for-Merging\Yakult.Inventory.App\Reports\RenewalsReport_Normal.rdlc" to "C:\Users\russel.mercado\source\repos\Yakult-System-for-Merging\Yakult.Inventory.App\bin\Debug\BulkCellphoneValidation\Reports\RenewalsReport_Normal.rdlc".
  Copying file from "C:\Users\russel.mercado\source\repos\Yakult-System-for-Merging\Yakult.Inventory.App\Reports\RenewalsReport_Compact.rdlc" to "C:\Users\russel.mercado\source\repos\Yakult-System-for-Merging\Yakult.Inventory.App\bin\Debug\BulkCellphoneValidation\Reports\RenewalsReport_Compact.rdlc".
  Copying file from "C:\Users\russel.mercado\source\repos\Yakult-System-for-Merging\Yakult.Inventory.App\Reports\RenewalsGroupedReport.rdlc" to "C:\Users\russel.mercado\source\repos\Yakult-System-for-Merging\Yakult.Inventory.App\bin\Debug\BulkCellphoneValidation\Reports\RenewalsGroupedReport.rdlc".
  Copying file from "C:\Users\russel.mercado\source\repos\Yakult-System-for-Merging\Yakult.Inventory.App\Reports\RenewalsGroupedReport_Wide.rdlc" to "C:\Users\russel.mercado\source\repos\Yakult-System-for-Merging\Yakult.Inventory.App\bin\Debug\BulkCellphoneValidation\Reports\RenewalsGroupedReport_Wide.rdlc".
  Copying file from "C:\Users\russel.mercado\source\repos\Yakult-System-for-Merging\Yakult.Inventory.App\Reports\RenewalsGroupedReport_Normal.rdlc" to "C:\Users\russel.mercado\source\repos\Yakult-System-for-Merging\Yakult.Inventory.App\bin\Debug\BulkCellphoneValidation\Reports\RenewalsGroupedReport_Normal.rdlc".
  Copying file from "C:\Users\russel.mercado\source\repos\Yakult-System-for-Merging\Yakult.Inventory.App\Reports\RenewalsGroupedReport_Compact.rdlc" to "C:\Users\russel.mercado\source\repos\Yakult-System-for-Merging\Yakult.Inventory.App\bin\Debug\BulkCellphoneValidation\Reports\RenewalsGroupedReport_Compact.rdlc".
  Copying file from "C:\Users\russel.mercado\source\repos\Yakult-System-for-Merging\Yakult.Inventory.App\Reports\WarrantyReport.rdlc" to "C:\Users\russel.mercado\source\repos\Yakult-System-for-Merging\Yakult.Inventory.App\bin\Debug\BulkCellphoneValidation\Reports\WarrantyReport.rdlc".
  Copying file from "C:\Users\russel.mercado\source\repos\Yakult-System-for-Merging\Yakult.Inventory.App\Reports\CartridgeDisposeSold.rdlc" to "C:\Users\russel.mercado\source\repos\Yakult-System-for-Merging\Yakult.Inventory.App\bin\Debug\BulkCellphoneValidation\Reports\CartridgeDisposeSold.rdlc".
_CopyAppConfigFile:
  Copying file from "C:\Users\russel.mercado\source\repos\Yakult-System-for-Merging\Yakult.Inventory.App\App.config" to "C:\Users\russel.mercado\source\repos\Yakult-System-for-Merging\Yakult.Inventory.App\bin\Debug\BulkCellphoneValidation\Yakult.Inventory.App.exe.config".
CopyFilesToOutputDirectory:
  Copying file from "C:\Users\russel.mercado\source\repos\Yakult-System-for-Merging\Yakult.Inventory.App\obj\BulkCellphoneValidation\Yakult.Inventory.App.exe" to "C:\Users\russel.mercado\source\repos\Yakult-System-for-Merging\Yakult.Inventory.App\bin\Debug\BulkCellphoneValidation\Yakult.Inventory.App.exe".
  Yakult.Inventory.App -> C:\Users\russel.mercado\source\repos\Yakult-System-for-Merging\Yakult.Inventory.App\bin\Debug\BulkCellphoneValidation\Yakult.Inventory.App.exe
  Copying file from "C:\Users\russel.mercado\source\repos\Yakult-System-for-Merging\Yakult.Inventory.App\obj\BulkCellphoneValidation\Yakult.Inventory.App.pdb" to "C:\Users\russel.mercado\source\repos\Yakult-System-for-Merging\Yakult.Inventory.App\bin\Debug\BulkCellphoneValidation\Yakult.Inventory.App.pdb".
CopySNIFiles:
  Copying file from "C:\Users\russel.mercado\source\repos\Yakult-System-for-Merging\Yakult.Inventory.App\packages\Microsoft.Data.SqlClient.SNI.6.0.2\build\net462\Microsoft.Data.SqlClient.SNI.x64.dll" to "C:\Users\russel.mercado\source\repos\Yakult-System-for-Merging\Yakult.Inventory.App\bin\Debug\BulkCellphoneValidation\Microsoft.Data.SqlClient.SNI.x64.dll".
  Copying file from "C:\Users\russel.mercado\source\repos\Yakult-System-for-Merging\Yakult.Inventory.App\packages\Microsoft.Data.SqlClient.SNI.6.0.2\build\net462\Microsoft.Data.SqlClient.SNI.x64.pdb" to "C:\Users\russel.mercado\source\repos\Yakult-System-for-Merging\Yakult.Inventory.App\bin\Debug\BulkCellphoneValidation\Microsoft.Data.SqlClient.SNI.x64.pdb".
  Copying file from "C:\Users\russel.mercado\source\repos\Yakult-System-for-Merging\Yakult.Inventory.App\packages\Microsoft.Data.SqlClient.SNI.6.0.2\build\net462\Microsoft.Data.SqlClient.SNI.x86.pdb" to "C:\Users\russel.mercado\source\repos\Yakult-System-for-Merging\Yakult.Inventory.App\bin\Debug\BulkCellphoneValidation\Microsoft.Data.SqlClient.SNI.x86.pdb".
  Copying file from "C:\Users\russel.mercado\source\repos\Yakult-System-for-Merging\Yakult.Inventory.App\packages\Microsoft.Data.SqlClient.SNI.6.0.2\build\net462\Microsoft.Data.SqlClient.SNI.arm64.dll" to "C:\Users\russel.mercado\source\repos\Yakult-System-for-Merging\Yakult.Inventory.App\bin\Debug\BulkCellphoneValidation\Microsoft.Data.SqlClient.SNI.arm64.dll".
  Copying file from "C:\Users\russel.mercado\source\repos\Yakult-System-for-Merging\Yakult.Inventory.App\packages\Microsoft.Data.SqlClient.SNI.6.0.2\build\net462\Microsoft.Data.SqlClient.SNI.x86.dll" to "C:\Users\russel.mercado\source\repos\Yakult-System-for-Merging\Yakult.Inventory.App\bin\Debug\BulkCellphoneValidation\Microsoft.Data.SqlClient.SNI.x86.dll".
  Copying file from "C:\Users\russel.mercado\source\repos\Yakult-System-for-Merging\Yakult.Inventory.App\packages\Microsoft.Data.SqlClient.SNI.6.0.2\build\net462\Microsoft.Data.SqlClient.SNI.arm64.pdb" to "C:\Users\russel.mercado\source\repos\Yakult-System-for-Merging\Yakult.Inventory.App\bin\Debug\BulkCellphoneValidation\Microsoft.Data.SqlClient.SNI.arm64.pdb".
Done Building Project "C:\Users\russel.mercado\source\repos\Yakult-System-for-Merging\Yakult.Inventory.App\Yakult.Inventory.App.csproj" (Rebuild target(s)).

Build succeeded.

"C:\Users\russel.mercado\source\repos\Yakult-System-for-Merging\Yakult.Inventory.App\Yakult.Inventory.App.csproj" (Rebuild target) (1) ->
"C:\Users\russel.mercado\source\repos\Yakult-System-for-Merging\Yakult.Inventory.App\Yakult.Inventory.App_xslqg0zj_wpftmp.csproj" (_CompileTemporaryAssembly target) (2) ->
(CoreCompile target) -> 
  C:\Users\russel.mercado\source\repos\Yakult-System-for-Merging\Yakult.Inventory.App\Helpers\UserActivityPdfGenerator.cs(83,17): warning CS0219: The variable 'rowsPerPage' is assigned but its value is never used [C:\Users\russel.mercado\source\repos\Yakult-System-for-Merging\Yakult.Inventory.App\Yakult.Inventory.App_xslqg0zj_wpftmp.csproj]
  C:\Users\russel.mercado\source\repos\Yakult-System-for-Merging\Yakult.Inventory.App\Helpers\UserActivityPdfGenerator.cs(84,17): warning CS0219: The variable 'currentRow' is assigned but its value is never used [C:\Users\russel.mercado\source\repos\Yakult-System-for-Merging\Yakult.Inventory.App\Yakult.Inventory.App_xslqg0zj_wpftmp.csproj]
  C:\Users\russel.mercado\source\repos\Yakult-System-for-Merging\Yakult.Inventory.App\Repositories\SetRepository.cs(1860,26): warning CS0219: The variable 'getServerTimeSql' is assigned but its value is never used [C:\Users\russel.mercado\source\repos\Yakult-System-for-Merging\Yakult.Inventory.App\Yakult.Inventory.App_xslqg0zj_wpftmp.csproj]
  C:\Users\russel.mercado\source\repos\Yakult-System-for-Merging\Yakult.Inventory.App\Pages\Request-Portal\RequesterPortalForm.cs(2639,18): warning CS0219: The variable 'suppress' is assigned but its value is never used [C:\Users\russel.mercado\source\repos\Yakult-System-for-Merging\Yakult.Inventory.App\Yakult.Inventory.App_xslqg0zj_wpftmp.csproj]
  C:\Users\russel.mercado\source\repos\Yakult-System-for-Merging\Yakult.Inventory.App\Pages\Export\ExportRenewalsGroupedPreviewDialog.cs(373,26): warning CS0219: The variable 'hGroup' is assigned but its value is never used [C:\Users\russel.mercado\source\repos\Yakult-System-for-Merging\Yakult.Inventory.App\Yakult.Inventory.App_xslqg0zj_wpftmp.csproj]
  C:\Users\russel.mercado\source\repos\Yakult-System-for-Merging\Yakult.Inventory.App\Pages\Export\CombinedReportPreviewDialog.cs(1021,27): warning CS0219: The variable 'COLS' is assigned but its value is never used [C:\Users\russel.mercado\source\repos\Yakult-System-for-Merging\Yakult.Inventory.App\Yakult.Inventory.App_xslqg0zj_wpftmp.csproj]
  C:\Users\russel.mercado\source\repos\Yakult-System-for-Merging\Yakult.Inventory.App\Forms\BorrowItemsDashboard.cs(53,24): warning CS0649: Field 'BorrowItemsDashboard.btnBackToPortal' is never assigned to, and will always have its default value null [C:\Users\russel.mercado\source\repos\Yakult-System-for-Merging\Yakult.Inventory.App\Yakult.Inventory.App_xslqg0zj_wpftmp.csproj]
  C:\Users\russel.mercado\source\repos\Yakult-System-for-Merging\Yakult.Inventory.App\Forms\BorrowItemsDashboard.cs(54,82): warning CS0649: Field 'BorrowItemsDashboard.btnReload' is never assigned to, and will always have its default value null [C:\Users\russel.mercado\source\repos\Yakult-System-for-Merging\Yakult.Inventory.App\Yakult.Inventory.App_xslqg0zj_wpftmp.csproj]
  C:\Users\russel.mercado\source\repos\Yakult-System-for-Merging\Yakult.Inventory.App\Pages\User\MainForm.cs(94,45): warning CS0169: The field 'MainForm.cartridgeManagementButton' is never used [C:\Users\russel.mercado\source\repos\Yakult-System-for-Merging\Yakult.Inventory.App\Yakult.Inventory.App_xslqg0zj_wpftmp.csproj]
  C:\Users\russel.mercado\source\repos\Yakult-System-for-Merging\Yakult.Inventory.App\Pages\Receipt\ReceiptSetViewerDialog.cs(45,23): warning CS0169: The field 'ReceiptSetViewerDialog._rightPanel' is never used [C:\Users\russel.mercado\source\repos\Yakult-System-for-Merging\Yakult.Inventory.App\Yakult.Inventory.App_xslqg0zj_wpftmp.csproj]
  C:\Users\russel.mercado\source\repos\Yakult-System-for-Merging\Yakult.Inventory.App\Pages\Branch\AddBranchDialog.cs(17,23): warning CS0169: The field 'AddBranchDialog.headerPanel' is never used [C:\Users\russel.mercado\source\repos\Yakult-System-for-Merging\Yakult.Inventory.App\Yakult.Inventory.App_xslqg0zj_wpftmp.csproj]
  C:\Users\russel.mercado\source\repos\Yakult-System-for-Merging\Yakult.Inventory.App\Forms\CartridgeManagement\CartridgeManagementForm.cs(63,23): warning CS0169: The field 'CartridgeManagementForm.lblReqId' is never used [C:\Users\russel.mercado\source\repos\Yakult-System-for-Merging\Yakult.Inventory.App\Yakult.Inventory.App_xslqg0zj_wpftmp.csproj]
  C:\Users\russel.mercado\source\repos\Yakult-System-for-Merging\Yakult.Inventory.App\Forms\CartridgeManagement\CartridgeManagementPortalForm.cs(33,24): warning CS0169: The field 'CartridgeManagementPortalForm._itFulfillmentButton' is never used [C:\Users\russel.mercado\source\repos\Yakult-System-for-Merging\Yakult.Inventory.App\Yakult.Inventory.App_xslqg0zj_wpftmp.csproj]
  C:\Users\russel.mercado\source\repos\Yakult-System-for-Merging\Yakult.Inventory.App\Pages\User\MainForm.cs(88,44): warning CS0649: Field 'MainForm.accountManagementPanel' is never assigned to, and will always have its default value null [C:\Users\russel.mercado\source\repos\Yakult-System-for-Merging\Yakult.Inventory.App\Yakult.Inventory.App_xslqg0zj_wpftmp.csproj]
  C:\Users\russel.mercado\source\repos\Yakult-System-for-Merging\Yakult.Inventory.App\Pages\Company\AddCompanyPage.cs(15,47): warning CS0169: The field 'AddCompanyPage.footerPanel' is never used [C:\Users\russel.mercado\source\repos\Yakult-System-for-Merging\Yakult.Inventory.App\Yakult.Inventory.App_xslqg0zj_wpftmp.csproj]
  C:\Users\russel.mercado\source\repos\Yakult-System-for-Merging\Yakult.Inventory.App\Forms\BorrowItemsDashboard.cs(54,71): warning CS0649: Field 'BorrowItemsDashboard.btnExport' is never assigned to, and will always have its default value null [C:\Users\russel.mercado\source\repos\Yakult-System-for-Merging\Yakult.Inventory.App\Yakult.Inventory.App_xslqg0zj_wpftmp.csproj]
  C:\Users\russel.mercado\source\repos\Yakult-System-for-Merging\Yakult.Inventory.App\Pages\Employee\AddEmployeePage.cs(12,23): warning CS0169: The field 'AddEmployeePage.headerPanel' is never used [C:\Users\russel.mercado\source\repos\Yakult-System-for-Merging\Yakult.Inventory.App\Yakult.Inventory.App_xslqg0zj_wpftmp.csproj]
  C:\Users\russel.mercado\source\repos\Yakult-System-for-Merging\Yakult.Inventory.App\Pages\Department\AddDepartmentDialog.cs(16,23): warning CS0169: The field 'AddDepartmentDialog.headerPanel' is never used [C:\Users\russel.mercado\source\repos\Yakult-System-for-Merging\Yakult.Inventory.App\Yakult.Inventory.App_xslqg0zj_wpftmp.csproj]
  C:\Users\russel.mercado\source\repos\Yakult-System-for-Merging\Yakult.Inventory.App\Wpf\Invoice\ViewModels\InvoiceLicenseReviewViewModel.cs(58,45): warning CS0067: The event 'InvoiceLicenseReviewViewModel.RequestWarning' is never used [C:\Users\russel.mercado\source\repos\Yakult-System-for-Merging\Yakult.Inventory.App\Yakult.Inventory.App_xslqg0zj_wpftmp.csproj]
  C:\Users\russel.mercado\source\repos\Yakult-System-for-Merging\Yakult.Inventory.App\Forms\CartridgeManagement\CartridgeManagementForm.cs(63,70): warning CS0169: The field 'CartridgeManagementForm.lblCondition' is never used [C:\Users\russel.mercado\source\repos\Yakult-System-for-Merging\Yakult.Inventory.App\Yakult.Inventory.App_xslqg0zj_wpftmp.csproj]
  C:\Users\russel.mercado\source\repos\Yakult-System-for-Merging\Yakult.Inventory.App\Pages\Set\AddSetPage.cs(12,34): warning CS0169: The field 'AddSetPage.footerPanel' is never used [C:\Users\russel.mercado\source\repos\Yakult-System-for-Merging\Yakult.Inventory.App\Yakult.Inventory.App_xslqg0zj_wpftmp.csproj]
  C:\Users\russel.mercado\source\repos\Yakult-System-for-Merging\Yakult.Inventory.App\Forms\BorrowItemsDashboard.cs(69,46): warning CS0649: Field 'BorrowItemsDashboard._historyHost' is never assigned to, and will always have its default value null [C:\Users\russel.mercado\source\repos\Yakult-System-for-Merging\Yakult.Inventory.App\Yakult.Inventory.App_xslqg0zj_wpftmp.csproj]
  C:\Users\russel.mercado\source\repos\Yakult-System-for-Merging\Yakult.Inventory.App\Forms\CartridgeManagement\CartridgeManagementForm.cs(63,57): warning CS0169: The field 'CartridgeManagementForm.lblQuantity' is never used [C:\Users\russel.mercado\source\repos\Yakult-System-for-Merging\Yakult.Inventory.App\Yakult.Inventory.App_xslqg0zj_wpftmp.csproj]
  C:\Users\russel.mercado\source\repos\Yakult-System-for-Merging\Yakult.Inventory.App\Wpf\BorrowItems\WpfBorrowWorkspace.cs(30,35): warning CS0067: The event 'WpfBorrowWorkspace.BackToPortalClicked' is never used [C:\Users\russel.mercado\source\repos\Yakult-System-for-Merging\Yakult.Inventory.App\Yakult.Inventory.App_xslqg0zj_wpftmp.csproj]
  C:\Users\russel.mercado\source\repos\Yakult-System-for-Merging\Yakult.Inventory.App\Pages\Receipt\ViewReceiptsPage.cs(23,44): warning CS0169: The field 'ViewReceiptsPage._subtitlePanel' is never used [C:\Users\russel.mercado\source\repos\Yakult-System-for-Merging\Yakult.Inventory.App\Yakult.Inventory.App_xslqg0zj_wpftmp.csproj]
  C:\Users\russel.mercado\source\repos\Yakult-System-for-Merging\Yakult.Inventory.App\Wpf\ItemMovementAudit\ViewModels\ItemMovementAuditPageViewModel.cs(352,45): warning CS0067: The event 'ItemMovementAuditPageViewModel.RequestInfo' is never used [C:\Users\russel.mercado\source\repos\Yakult-System-for-Merging\Yakult.Inventory.App\Yakult.Inventory.App_xslqg0zj_wpftmp.csproj]
  C:\Users\russel.mercado\source\repos\Yakult-System-for-Merging\Yakult.Inventory.App\Forms\CartridgeManagement\CartridgeManagementForm.cs(63,84): warning CS0169: The field 'CartridgeManagementForm.lblCompany' is never used [C:\Users\russel.mercado\source\repos\Yakult-System-for-Merging\Yakult.Inventory.App\Yakult.Inventory.App_xslqg0zj_wpftmp.csproj]
  C:\Users\russel.mercado\source\repos\Yakult-System-for-Merging\Yakult.Inventory.App\Forms\CartridgeManagement\CartridgeManagementPortalForm.cs(31,24): warning CS0169: The field 'CartridgeManagementPortalForm._homeButton' is never used [C:\Users\russel.mercado\source\repos\Yakult-System-for-Merging\Yakult.Inventory.App\Yakult.Inventory.App_xslqg0zj_wpftmp.csproj]
  C:\Users\russel.mercado\source\repos\Yakult-System-for-Merging\Yakult.Inventory.App\Wpf\Export\Renewal\ViewModels\RenewalExportViewModel.cs(48,45): warning CS0067: The event 'RenewalExportViewModel.RequestError' is never used [C:\Users\russel.mercado\source\repos\Yakult-System-for-Merging\Yakult.Inventory.App\Yakult.Inventory.App_xslqg0zj_wpftmp.csproj]
  C:\Users\russel.mercado\source\repos\Yakult-System-for-Merging\Yakult.Inventory.App\Forms\BorrowItemsDashboard.cs(46,93): warning CS0649: Field 'BorrowItemsDashboard.lblStatus' is never assigned to, and will always have its default value null [C:\Users\russel.mercado\source\repos\Yakult-System-for-Merging\Yakult.Inventory.App\Yakult.Inventory.App_xslqg0zj_wpftmp.csproj]
  C:\Users\russel.mercado\source\repos\Yakult-System-for-Merging\Yakult.Inventory.App\Pages\User\MainForm.cs(103,45): warning CS0649: Field 'MainForm.resetPasswordButton' is never assigned to, and will always have its default value null [C:\Users\russel.mercado\source\repos\Yakult-System-for-Merging\Yakult.Inventory.App\Yakult.Inventory.App_xslqg0zj_wpftmp.csproj]
  C:\Users\russel.mercado\source\repos\Yakult-System-for-Merging\Yakult.Inventory.App\Pages\Receipt\ReceiptSetViewerDialog.cs(89,24): warning CS0649: Field 'ReceiptSetViewerDialog._btnNext' is never assigned to, and will always have its default value null [C:\Users\russel.mercado\source\repos\Yakult-System-for-Merging\Yakult.Inventory.App\Yakult.Inventory.App_xslqg0zj_wpftmp.csproj]
  C:\Users\russel.mercado\source\repos\Yakult-System-for-Merging\Yakult.Inventory.App\Wpf\CallMonitoring\WpfNotificationDrawer.cs(43,35): warning CS0067: The event 'WpfNotificationDrawer.CloseRequested' is never used [C:\Users\russel.mercado\source\repos\Yakult-System-for-Merging\Yakult.Inventory.App\Yakult.Inventory.App_xslqg0zj_wpftmp.csproj]
  C:\Users\russel.mercado\source\repos\Yakult-System-for-Merging\Yakult.Inventory.App\Pages\Receipt\ViewReceiptsPage.cs(32,23): warning CS0169: The field 'ViewReceiptsPage._subtitleLabel' is never used [C:\Users\russel.mercado\source\repos\Yakult-System-for-Merging\Yakult.Inventory.App\Yakult.Inventory.App_xslqg0zj_wpftmp.csproj]
  C:\Users\russel.mercado\source\repos\Yakult-System-for-Merging\Yakult.Inventory.App\Wpf\Invoice\ViewModels\NonLicensedInvoiceViewModel.cs(40,45): warning CS0067: The event 'NonLicensedInvoiceViewModel.RequestInfo' is never used [C:\Users\russel.mercado\source\repos\Yakult-System-for-Merging\Yakult.Inventory.App\Yakult.Inventory.App_xslqg0zj_wpftmp.csproj]
  C:\Users\russel.mercado\source\repos\Yakult-System-for-Merging\Yakult.Inventory.App\Forms\BorrowItemsDashboard.cs(47,23): warning CS0649: Field 'BorrowItemsDashboard.lblEmptyOpen' is never assigned to, and will always have its default value null [C:\Users\russel.mercado\source\repos\Yakult-System-for-Merging\Yakult.Inventory.App\Yakult.Inventory.App_xslqg0zj_wpftmp.csproj]
  C:\Users\russel.mercado\source\repos\Yakult-System-for-Merging\Yakult.Inventory.App\Pages\User\MainForm.cs(89,44): warning CS0649: Field 'MainForm.emailSmtpPanel' is never assigned to, and will always have its default value null [C:\Users\russel.mercado\source\repos\Yakult-System-for-Merging\Yakult.Inventory.App\Yakult.Inventory.App_xslqg0zj_wpftmp.csproj]
  C:\Users\russel.mercado\source\repos\Yakult-System-for-Merging\Yakult.Inventory.App\Pages\Company\AddCompanyPage.cs(15,23): warning CS0169: The field 'AddCompanyPage.headerPanel' is never used [C:\Users\russel.mercado\source\repos\Yakult-System-for-Merging\Yakult.Inventory.App\Yakult.Inventory.App_xslqg0zj_wpftmp.csproj]
  C:\Users\russel.mercado\source\repos\Yakult-System-for-Merging\Yakult.Inventory.App\Wpf\Renewal\RenewalGroups\ViewModels\RenewalGroupPageViewModel.cs(60,45): warning CS0067: The event 'RenewalGroupPageViewModel.RequestInfo' is never used [C:\Users\russel.mercado\source\repos\Yakult-System-for-Merging\Yakult.Inventory.App\Yakult.Inventory.App_xslqg0zj_wpftmp.csproj]
  C:\Users\russel.mercado\source\repos\Yakult-System-for-Merging\Yakult.Inventory.App\Forms\CartridgeManagement\CartridgeManagementPortalForm.cs(34,24): warning CS0169: The field 'CartridgeManagementPortalForm._cartridgeRequestsButton' is never used [C:\Users\russel.mercado\source\repos\Yakult-System-for-Merging\Yakult.Inventory.App\Yakult.Inventory.App_xslqg0zj_wpftmp.csproj]
  C:\Users\russel.mercado\source\repos\Yakult-System-for-Merging\Yakult.Inventory.App\Forms\CartridgeManagement\CartridgeManagementPortalForm.cs(32,24): warning CS0169: The field 'CartridgeManagementPortalForm._userManualButton' is never used [C:\Users\russel.mercado\source\repos\Yakult-System-for-Merging\Yakult.Inventory.App\Yakult.Inventory.App_xslqg0zj_wpftmp.csproj]
  C:\Users\russel.mercado\source\repos\Yakult-System-for-Merging\Yakult.Inventory.App\Pages\Employee\QuickAddEmployeeDialog.cs(16,53): warning CS0169: The field 'QuickAddEmployeeDialog.txtPosition' is never used [C:\Users\russel.mercado\source\repos\Yakult-System-for-Merging\Yakult.Inventory.App\Yakult.Inventory.App_xslqg0zj_wpftmp.csproj]
  C:\Users\russel.mercado\source\repos\Yakult-System-for-Merging\Yakult.Inventory.App\Wpf\Invoice\ViewModels\NonLicensedInvoiceViewModel.cs(41,45): warning CS0067: The event 'NonLicensedInvoiceViewModel.RequestWarning' is never used [C:\Users\russel.mercado\source\repos\Yakult-System-for-Merging\Yakult.Inventory.App\Yakult.Inventory.App_xslqg0zj_wpftmp.csproj]
  C:\Users\russel.mercado\source\repos\Yakult-System-for-Merging\Yakult.Inventory.App\Forms\BorrowItemsDashboard.cs(47,37): warning CS0649: Field 'BorrowItemsDashboard.lblEmptyHistory' is never assigned to, and will always have its default value null [C:\Users\russel.mercado\source\repos\Yakult-System-for-Merging\Yakult.Inventory.App\Yakult.Inventory.App_xslqg0zj_wpftmp.csproj]
  C:\Users\russel.mercado\source\repos\Yakult-System-for-Merging\Yakult.Inventory.App\Pages\Employee\AddEmployeePage.cs(12,36): warning CS0169: The field 'AddEmployeePage.bodyPanel' is never used [C:\Users\russel.mercado\source\repos\Yakult-System-for-Merging\Yakult.Inventory.App\Yakult.Inventory.App_xslqg0zj_wpftmp.csproj]
  C:\Users\russel.mercado\source\repos\Yakult-System-for-Merging\Yakult.Inventory.App\Pages\Employee\AddEmployeePage.cs(12,47): warning CS0169: The field 'AddEmployeePage.footerPanel' is never used [C:\Users\russel.mercado\source\repos\Yakult-System-for-Merging\Yakult.Inventory.App\Yakult.Inventory.App_xslqg0zj_wpftmp.csproj]
  C:\Users\russel.mercado\source\repos\Yakult-System-for-Merging\Yakult.Inventory.App\Forms\BorrowItemsDashboard.cs(70,23): warning CS0649: Field 'BorrowItemsDashboard._kpiOldestCard' is never assigned to, and will always have its default value null [C:\Users\russel.mercado\source\repos\Yakult-System-for-Merging\Yakult.Inventory.App\Yakult.Inventory.App_xslqg0zj_wpftmp.csproj]
  C:\Users\russel.mercado\source\repos\Yakult-System-for-Merging\Yakult.Inventory.App\Forms\CartridgeManagement\CartridgeManagementForm.cs(63,33): warning CS0169: The field 'CartridgeManagementForm.lblRequester' is never used [C:\Users\russel.mercado\source\repos\Yakult-System-for-Merging\Yakult.Inventory.App\Yakult.Inventory.App_xslqg0zj_wpftmp.csproj]
  C:\Users\russel.mercado\source\repos\Yakult-System-for-Merging\Yakult.Inventory.App\Forms\CartridgeManagement\CartridgeManagementForm.cs(63,107): warning CS0169: The field 'CartridgeManagementForm.lblDepartment' is never used [C:\Users\russel.mercado\source\repos\Yakult-System-for-Merging\Yakult.Inventory.App\Yakult.Inventory.App_xslqg0zj_wpftmp.csproj]
  C:\Users\russel.mercado\source\repos\Yakult-System-for-Merging\Yakult.Inventory.App\Forms\CartridgeManagement\CartridgeManagementForm.cs(63,96): warning CS0169: The field 'CartridgeManagementForm.lblBranch' is never used [C:\Users\russel.mercado\source\repos\Yakult-System-for-Merging\Yakult.Inventory.App\Yakult.Inventory.App_xslqg0zj_wpftmp.csproj]
  C:\Users\russel.mercado\source\repos\Yakult-System-for-Merging\Yakult.Inventory.App\Pages\User\MainForm.cs(97,45): warning CS0649: Field 'MainForm.emailSmtpButton' is never assigned to, and will always have its default value null [C:\Users\russel.mercado\source\repos\Yakult-System-for-Merging\Yakult.Inventory.App\Yakult.Inventory.App_xslqg0zj_wpftmp.csproj]
  C:\Users\russel.mercado\source\repos\Yakult-System-for-Merging\Yakult.Inventory.App\Pages\Request-Portal\RequesterPortalForm.cs(84,25): warning CS0649: Field 'RequesterPortalForm.tabApprovals' is never assigned to, and will always have its default value null [C:\Users\russel.mercado\source\repos\Yakult-System-for-Merging\Yakult.Inventory.App\Yakult.Inventory.App_xslqg0zj_wpftmp.csproj]
  C:\Users\russel.mercado\source\repos\Yakult-System-for-Merging\Yakult.Inventory.App\Pages\Department\AddDepartmentDialog.cs(16,47): warning CS0169: The field 'AddDepartmentDialog.footerPanel' is never used [C:\Users\russel.mercado\source\repos\Yakult-System-for-Merging\Yakult.Inventory.App\Yakult.Inventory.App_xslqg0zj_wpftmp.csproj]
  C:\Users\russel.mercado\source\repos\Yakult-System-for-Merging\Yakult.Inventory.App\Wpf\RequestPortal\AssistedRequest\Views\AssistedRequestView.xaml.cs(25,22): warning CS0649: Field 'AssistedRequestView._suppressDropDown' is never assigned to, and will always have its default value false [C:\Users\russel.mercado\source\repos\Yakult-System-for-Merging\Yakult.Inventory.App\Yakult.Inventory.App_xslqg0zj_wpftmp.csproj]
  C:\Users\russel.mercado\source\repos\Yakult-System-for-Merging\Yakult.Inventory.App\Pages\User\MainForm.cs(86,44): warning CS0169: The field 'MainForm.cartridgeManagementPanel' is never used [C:\Users\russel.mercado\source\repos\Yakult-System-for-Merging\Yakult.Inventory.App\Yakult.Inventory.App_xslqg0zj_wpftmp.csproj]
  C:\Users\russel.mercado\source\repos\Yakult-System-for-Merging\Yakult.Inventory.App\Pages\Receipt\ReceiptSetViewerDialog.cs(90,24): warning CS0169: The field 'ReceiptSetViewerDialog._btnClose' is never used [C:\Users\russel.mercado\source\repos\Yakult-System-for-Merging\Yakult.Inventory.App\Yakult.Inventory.App_xslqg0zj_wpftmp.csproj]
  C:\Users\russel.mercado\source\repos\Yakult-System-for-Merging\Yakult.Inventory.App\Forms\BorrowItemsDashboard.cs(69,35): warning CS0649: Field 'BorrowItemsDashboard._openHost' is never assigned to, and will always have its default value null [C:\Users\russel.mercado\source\repos\Yakult-System-for-Merging\Yakult.Inventory.App\Yakult.Inventory.App_xslqg0zj_wpftmp.csproj]
  C:\Users\russel.mercado\source\repos\Yakult-System-for-Merging\Yakult.Inventory.App\Pages\Branch\AddBranchDialog.cs(17,47): warning CS0169: The field 'AddBranchDialog.footerPanel' is never used [C:\Users\russel.mercado\source\repos\Yakult-System-for-Merging\Yakult.Inventory.App\Yakult.Inventory.App_xslqg0zj_wpftmp.csproj]
  C:\Users\russel.mercado\source\repos\Yakult-System-for-Merging\Yakult.Inventory.App\Wpf\Renewal\ViewRenewals\ViewModels\RenewalPageViewModel.cs(76,45): warning CS0067: The event 'RenewalPageViewModel.RequestWarning' is never used [C:\Users\russel.mercado\source\repos\Yakult-System-for-Merging\Yakult.Inventory.App\Yakult.Inventory.App_xslqg0zj_wpftmp.csproj]
  C:\Users\russel.mercado\source\repos\Yakult-System-for-Merging\Yakult.Inventory.App\Forms\CartridgeManagement\CartridgeManagementForm.cs(63,47): warning CS0169: The field 'CartridgeManagementForm.lblModel' is never used [C:\Users\russel.mercado\source\repos\Yakult-System-for-Merging\Yakult.Inventory.App\Yakult.Inventory.App_xslqg0zj_wpftmp.csproj]
  C:\Users\russel.mercado\source\repos\Yakult-System-for-Merging\Yakult.Inventory.App\Forms\BorrowItemsDashboard.cs(46,68): warning CS0169: The field 'BorrowItemsDashboard.lblOpenCount' is never used [C:\Users\russel.mercado\source\repos\Yakult-System-for-Merging\Yakult.Inventory.App\Yakult.Inventory.App_xslqg0zj_wpftmp.csproj]
  C:\Users\russel.mercado\source\repos\Yakult-System-for-Merging\Yakult.Inventory.App\Pages\Receipt\ReceiptSetViewerDialog.cs(88,24): warning CS0649: Field 'ReceiptSetViewerDialog._btnPrev' is never assigned to, and will always have its default value null [C:\Users\russel.mercado\source\repos\Yakult-System-for-Merging\Yakult.Inventory.App\Yakult.Inventory.App_xslqg0zj_wpftmp.csproj]
  C:\Users\russel.mercado\source\repos\Yakult-System-for-Merging\Yakult.Inventory.App\Forms\BorrowItemsDashboard.cs(46,82): warning CS0169: The field 'BorrowItemsDashboard.lblOldest' is never used [C:\Users\russel.mercado\source\repos\Yakult-System-for-Merging\Yakult.Inventory.App\Yakult.Inventory.App_xslqg0zj_wpftmp.csproj]
  C:\Users\russel.mercado\source\repos\Yakult-System-for-Merging\Yakult.Inventory.App\Wpf\Invoice\ViewModels\InvoicePageViewModel.cs(73,45): warning CS0067: The event 'InvoicePageViewModel.RequestInfo' is never used [C:\Users\russel.mercado\source\repos\Yakult-System-for-Merging\Yakult.Inventory.App\Yakult.Inventory.App_xslqg0zj_wpftmp.csproj]
  C:\Users\russel.mercado\source\repos\Yakult-System-for-Merging\Yakult.Inventory.App\Pages\User\MainForm.cs(96,45): warning CS0649: Field 'MainForm.accountManagementButton' is never assigned to, and will always have its default value null [C:\Users\russel.mercado\source\repos\Yakult-System-for-Merging\Yakult.Inventory.App\Yakult.Inventory.App_xslqg0zj_wpftmp.csproj]
  C:\Users\russel.mercado\source\repos\Yakult-System-for-Merging\Yakult.Inventory.App\Pages\Cartridge\ViewCartridgeRequestsPage.cs(31,22): warning CS0414: The field 'ViewCartridgeRequestsPage._allSelected' is assigned but its value is never used [C:\Users\russel.mercado\source\repos\Yakult-System-for-Merging\Yakult.Inventory.App\Yakult.Inventory.App_xslqg0zj_wpftmp.csproj]
  C:\Users\russel.mercado\source\repos\Yakult-System-for-Merging\Yakult.Inventory.App\Pages\Admin\Security\PortalAccessPage.cs(37,22): warning CS0414: The field 'PortalAccessPage._isEditing' is assigned but its value is never used [C:\Users\russel.mercado\source\repos\Yakult-System-for-Merging\Yakult.Inventory.App\Yakult.Inventory.App_xslqg0zj_wpftmp.csproj]
  C:\Users\russel.mercado\source\repos\Yakult-System-for-Merging\Yakult.Inventory.App\Pages\Renewal\ViewRenewalDetailPage.cs(36,22): warning CS0414: The field 'ViewRenewalDetailPage._suppressSelectionChange' is assigned but its value is never used [C:\Users\russel.mercado\source\repos\Yakult-System-for-Merging\Yakult.Inventory.App\Yakult.Inventory.App_xslqg0zj_wpftmp.csproj]
  C:\Users\russel.mercado\source\repos\Yakult-System-for-Merging\Yakult.Inventory.App\Forms\CallMonitoring\TicketManagementControl.cs(129,22): warning CS0414: The field 'TicketManagementControl._itEmployeesMissingShown' is assigned but its value is never used [C:\Users\russel.mercado\source\repos\Yakult-System-for-Merging\Yakult.Inventory.App\Yakult.Inventory.App_xslqg0zj_wpftmp.csproj]
  C:\Users\russel.mercado\source\repos\Yakult-System-for-Merging\Yakult.Inventory.App\Pages\Employee\QuickAddEmployeeDialog.cs(24,22): warning CS0414: The field 'QuickAddEmployeeDialog._suppressComboBoxEvents' is assigned but its value is never used [C:\Users\russel.mercado\source\repos\Yakult-System-for-Merging\Yakult.Inventory.App\Yakult.Inventory.App_xslqg0zj_wpftmp.csproj]


"C:\Users\russel.mercado\source\repos\Yakult-System-for-Merging\Yakult.Inventory.App\Yakult.Inventory.App.csproj" (Rebuild target) (1) ->
  C:\Users\russel.mercado\source\repos\Yakult-System-for-Merging\Yakult.Inventory.App\Helpers\UserActivityPdfGenerator.cs(83,17): warning CS0219: The variable 'rowsPerPage' is assigned but its value is never used [C:\Users\russel.mercado\source\repos\Yakult-System-for-Merging\Yakult.Inventory.App\Yakult.Inventory.App.csproj]
  C:\Users\russel.mercado\source\repos\Yakult-System-for-Merging\Yakult.Inventory.App\Helpers\UserActivityPdfGenerator.cs(84,17): warning CS0219: The variable 'currentRow' is assigned but its value is never used [C:\Users\russel.mercado\source\repos\Yakult-System-for-Merging\Yakult.Inventory.App\Yakult.Inventory.App.csproj]
  C:\Users\russel.mercado\source\repos\Yakult-System-for-Merging\Yakult.Inventory.App\Repositories\SetRepository.cs(1860,26): warning CS0219: The variable 'getServerTimeSql' is assigned but its value is never used [C:\Users\russel.mercado\source\repos\Yakult-System-for-Merging\Yakult.Inventory.App\Yakult.Inventory.App.csproj]
  C:\Users\russel.mercado\source\repos\Yakult-System-for-Merging\Yakult.Inventory.App\Pages\Request-Portal\RequesterPortalForm.cs(2639,18): warning CS0219: The variable 'suppress' is assigned but its value is never used [C:\Users\russel.mercado\source\repos\Yakult-System-for-Merging\Yakult.Inventory.App\Yakult.Inventory.App.csproj]
  C:\Users\russel.mercado\source\repos\Yakult-System-for-Merging\Yakult.Inventory.App\Pages\Export\ExportRenewalsGroupedPreviewDialog.cs(373,26): warning CS0219: The variable 'hGroup' is assigned but its value is never used [C:\Users\russel.mercado\source\repos\Yakult-System-for-Merging\Yakult.Inventory.App\Yakult.Inventory.App.csproj]
  C:\Users\russel.mercado\source\repos\Yakult-System-for-Merging\Yakult.Inventory.App\Pages\Export\CombinedReportPreviewDialog.cs(1021,27): warning CS0219: The variable 'COLS' is assigned but its value is never used [C:\Users\russel.mercado\source\repos\Yakult-System-for-Merging\Yakult.Inventory.App\Yakult.Inventory.App.csproj]
  C:\Users\russel.mercado\source\repos\Yakult-System-for-Merging\Yakult.Inventory.App\Forms\BorrowItemsDashboard.cs(54,71): warning CS0649: Field 'BorrowItemsDashboard.btnExport' is never assigned to, and will always have its default value null [C:\Users\russel.mercado\source\repos\Yakult-System-for-Merging\Yakult.Inventory.App\Yakult.Inventory.App.csproj]
  C:\Users\russel.mercado\source\repos\Yakult-System-for-Merging\Yakult.Inventory.App\Forms\CartridgeManagement\CartridgeManagementPortalForm.cs(31,24): warning CS0169: The field 'CartridgeManagementPortalForm._homeButton' is never used [C:\Users\russel.mercado\source\repos\Yakult-System-for-Merging\Yakult.Inventory.App\Yakult.Inventory.App.csproj]
  C:\Users\russel.mercado\source\repos\Yakult-System-for-Merging\Yakult.Inventory.App\Forms\CartridgeManagement\CartridgeManagementPortalForm.cs(32,24): warning CS0169: The field 'CartridgeManagementPortalForm._userManualButton' is never used [C:\Users\russel.mercado\source\repos\Yakult-System-for-Merging\Yakult.Inventory.App\Yakult.Inventory.App.csproj]
  C:\Users\russel.mercado\source\repos\Yakult-System-for-Merging\Yakult.Inventory.App\Wpf\CallMonitoring\WpfNotificationDrawer.cs(43,35): warning CS0067: The event 'WpfNotificationDrawer.CloseRequested' is never used [C:\Users\russel.mercado\source\repos\Yakult-System-for-Merging\Yakult.Inventory.App\Yakult.Inventory.App.csproj]
  C:\Users\russel.mercado\source\repos\Yakult-System-for-Merging\Yakult.Inventory.App\Pages\Company\AddCompanyPage.cs(15,23): warning CS0169: The field 'AddCompanyPage.headerPanel' is never used [C:\Users\russel.mercado\source\repos\Yakult-System-for-Merging\Yakult.Inventory.App\Yakult.Inventory.App.csproj]
  C:\Users\russel.mercado\source\repos\Yakult-System-for-Merging\Yakult.Inventory.App\Pages\Receipt\ReceiptSetViewerDialog.cs(89,24): warning CS0649: Field 'ReceiptSetViewerDialog._btnNext' is never assigned to, and will always have its default value null [C:\Users\russel.mercado\source\repos\Yakult-System-for-Merging\Yakult.Inventory.App\Yakult.Inventory.App.csproj]
  C:\Users\russel.mercado\source\repos\Yakult-System-for-Merging\Yakult.Inventory.App\Wpf\BorrowItems\WpfBorrowWorkspace.cs(30,35): warning CS0067: The event 'WpfBorrowWorkspace.BackToPortalClicked' is never used [C:\Users\russel.mercado\source\repos\Yakult-System-for-Merging\Yakult.Inventory.App\Yakult.Inventory.App.csproj]
  C:\Users\russel.mercado\source\repos\Yakult-System-for-Merging\Yakult.Inventory.App\Pages\Receipt\ViewReceiptsPage.cs(23,44): warning CS0169: The field 'ViewReceiptsPage._subtitlePanel' is never used [C:\Users\russel.mercado\source\repos\Yakult-System-for-Merging\Yakult.Inventory.App\Yakult.Inventory.App.csproj]
  C:\Users\russel.mercado\source\repos\Yakult-System-for-Merging\Yakult.Inventory.App\Wpf\Invoice\ViewModels\NonLicensedInvoiceViewModel.cs(41,45): warning CS0067: The event 'NonLicensedInvoiceViewModel.RequestWarning' is never used [C:\Users\russel.mercado\source\repos\Yakult-System-for-Merging\Yakult.Inventory.App\Yakult.Inventory.App.csproj]
  C:\Users\russel.mercado\source\repos\Yakult-System-for-Merging\Yakult.Inventory.App\Forms\BorrowItemsDashboard.cs(46,93): warning CS0649: Field 'BorrowItemsDashboard.lblStatus' is never assigned to, and will always have its default value null [C:\Users\russel.mercado\source\repos\Yakult-System-for-Merging\Yakult.Inventory.App\Yakult.Inventory.App.csproj]
  C:\Users\russel.mercado\source\repos\Yakult-System-for-Merging\Yakult.Inventory.App\Pages\User\MainForm.cs(96,45): warning CS0649: Field 'MainForm.accountManagementButton' is never assigned to, and will always have its default value null [C:\Users\russel.mercado\source\repos\Yakult-System-for-Merging\Yakult.Inventory.App\Yakult.Inventory.App.csproj]
  C:\Users\russel.mercado\source\repos\Yakult-System-for-Merging\Yakult.Inventory.App\Pages\Request-Portal\RequesterPortalForm.cs(84,25): warning CS0649: Field 'RequesterPortalForm.tabApprovals' is never assigned to, and will always have its default value null [C:\Users\russel.mercado\source\repos\Yakult-System-for-Merging\Yakult.Inventory.App\Yakult.Inventory.App.csproj]
  C:\Users\russel.mercado\source\repos\Yakult-System-for-Merging\Yakult.Inventory.App\Forms\BorrowItemsDashboard.cs(46,68): warning CS0169: The field 'BorrowItemsDashboard.lblOpenCount' is never used [C:\Users\russel.mercado\source\repos\Yakult-System-for-Merging\Yakult.Inventory.App\Yakult.Inventory.App.csproj]
  C:\Users\russel.mercado\source\repos\Yakult-System-for-Merging\Yakult.Inventory.App\Forms\BorrowItemsDashboard.cs(69,35): warning CS0649: Field 'BorrowItemsDashboard._openHost' is never assigned to, and will always have its default value null [C:\Users\russel.mercado\source\repos\Yakult-System-for-Merging\Yakult.Inventory.App\Yakult.Inventory.App.csproj]
  C:\Users\russel.mercado\source\repos\Yakult-System-for-Merging\Yakult.Inventory.App\Wpf\Export\Renewal\ViewModels\RenewalExportViewModel.cs(48,45): warning CS0067: The event 'RenewalExportViewModel.RequestError' is never used [C:\Users\russel.mercado\source\repos\Yakult-System-for-Merging\Yakult.Inventory.App\Yakult.Inventory.App.csproj]
  C:\Users\russel.mercado\source\repos\Yakult-System-for-Merging\Yakult.Inventory.App\Pages\Employee\AddEmployeePage.cs(12,47): warning CS0169: The field 'AddEmployeePage.footerPanel' is never used [C:\Users\russel.mercado\source\repos\Yakult-System-for-Merging\Yakult.Inventory.App\Yakult.Inventory.App.csproj]
  C:\Users\russel.mercado\source\repos\Yakult-System-for-Merging\Yakult.Inventory.App\Wpf\Invoice\ViewModels\InvoiceLicenseReviewViewModel.cs(58,45): warning CS0067: The event 'InvoiceLicenseReviewViewModel.RequestWarning' is never used [C:\Users\russel.mercado\source\repos\Yakult-System-for-Merging\Yakult.Inventory.App\Yakult.Inventory.App.csproj]
  C:\Users\russel.mercado\source\repos\Yakult-System-for-Merging\Yakult.Inventory.App\Wpf\Invoice\ViewModels\NonLicensedInvoiceViewModel.cs(40,45): warning CS0067: The event 'NonLicensedInvoiceViewModel.RequestInfo' is never used [C:\Users\russel.mercado\source\repos\Yakult-System-for-Merging\Yakult.Inventory.App\Yakult.Inventory.App.csproj]
  C:\Users\russel.mercado\source\repos\Yakult-System-for-Merging\Yakult.Inventory.App\Wpf\ItemMovementAudit\ViewModels\ItemMovementAuditPageViewModel.cs(352,45): warning CS0067: The event 'ItemMovementAuditPageViewModel.RequestInfo' is never used [C:\Users\russel.mercado\source\repos\Yakult-System-for-Merging\Yakult.Inventory.App\Yakult.Inventory.App.csproj]
  C:\Users\russel.mercado\source\repos\Yakult-System-for-Merging\Yakult.Inventory.App\Wpf\Renewal\ViewRenewals\ViewModels\RenewalPageViewModel.cs(76,45): warning CS0067: The event 'RenewalPageViewModel.RequestWarning' is never used [C:\Users\russel.mercado\source\repos\Yakult-System-for-Merging\Yakult.Inventory.App\Yakult.Inventory.App.csproj]
  C:\Users\russel.mercado\source\repos\Yakult-System-for-Merging\Yakult.Inventory.App\Pages\User\MainForm.cs(103,45): warning CS0649: Field 'MainForm.resetPasswordButton' is never assigned to, and will always have its default value null [C:\Users\russel.mercado\source\repos\Yakult-System-for-Merging\Yakult.Inventory.App\Yakult.Inventory.App.csproj]
  C:\Users\russel.mercado\source\repos\Yakult-System-for-Merging\Yakult.Inventory.App\Forms\CartridgeManagement\CartridgeManagementForm.cs(63,70): warning CS0169: The field 'CartridgeManagementForm.lblCondition' is never used [C:\Users\russel.mercado\source\repos\Yakult-System-for-Merging\Yakult.Inventory.App\Yakult.Inventory.App.csproj]
  C:\Users\russel.mercado\source\repos\Yakult-System-for-Merging\Yakult.Inventory.App\Pages\User\MainForm.cs(89,44): warning CS0649: Field 'MainForm.emailSmtpPanel' is never assigned to, and will always have its default value null [C:\Users\russel.mercado\source\repos\Yakult-System-for-Merging\Yakult.Inventory.App\Yakult.Inventory.App.csproj]
  C:\Users\russel.mercado\source\repos\Yakult-System-for-Merging\Yakult.Inventory.App\Pages\Receipt\ViewReceiptsPage.cs(32,23): warning CS0169: The field 'ViewReceiptsPage._subtitleLabel' is never used [C:\Users\russel.mercado\source\repos\Yakult-System-for-Merging\Yakult.Inventory.App\Yakult.Inventory.App.csproj]
  C:\Users\russel.mercado\source\repos\Yakult-System-for-Merging\Yakult.Inventory.App\Pages\Receipt\ReceiptSetViewerDialog.cs(45,23): warning CS0169: The field 'ReceiptSetViewerDialog._rightPanel' is never used [C:\Users\russel.mercado\source\repos\Yakult-System-for-Merging\Yakult.Inventory.App\Yakult.Inventory.App.csproj]
  C:\Users\russel.mercado\source\repos\Yakult-System-for-Merging\Yakult.Inventory.App\Pages\Department\AddDepartmentDialog.cs(16,47): warning CS0169: The field 'AddDepartmentDialog.footerPanel' is never used [C:\Users\russel.mercado\source\repos\Yakult-System-for-Merging\Yakult.Inventory.App\Yakult.Inventory.App.csproj]
  C:\Users\russel.mercado\source\repos\Yakult-System-for-Merging\Yakult.Inventory.App\Forms\CartridgeManagement\CartridgeManagementPortalForm.cs(34,24): warning CS0169: The field 'CartridgeManagementPortalForm._cartridgeRequestsButton' is never used [C:\Users\russel.mercado\source\repos\Yakult-System-for-Merging\Yakult.Inventory.App\Yakult.Inventory.App.csproj]
  C:\Users\russel.mercado\source\repos\Yakult-System-for-Merging\Yakult.Inventory.App\Forms\CartridgeManagement\CartridgeManagementForm.cs(63,23): warning CS0169: The field 'CartridgeManagementForm.lblReqId' is never used [C:\Users\russel.mercado\source\repos\Yakult-System-for-Merging\Yakult.Inventory.App\Yakult.Inventory.App.csproj]
  C:\Users\russel.mercado\source\repos\Yakult-System-for-Merging\Yakult.Inventory.App\Pages\User\MainForm.cs(88,44): warning CS0649: Field 'MainForm.accountManagementPanel' is never assigned to, and will always have its default value null [C:\Users\russel.mercado\source\repos\Yakult-System-for-Merging\Yakult.Inventory.App\Yakult.Inventory.App.csproj]
  C:\Users\russel.mercado\source\repos\Yakult-System-for-Merging\Yakult.Inventory.App\Pages\User\MainForm.cs(94,45): warning CS0169: The field 'MainForm.cartridgeManagementButton' is never used [C:\Users\russel.mercado\source\repos\Yakult-System-for-Merging\Yakult.Inventory.App\Yakult.Inventory.App.csproj]
  C:\Users\russel.mercado\source\repos\Yakult-System-for-Merging\Yakult.Inventory.App\Pages\Employee\AddEmployeePage.cs(12,23): warning CS0169: The field 'AddEmployeePage.headerPanel' is never used [C:\Users\russel.mercado\source\repos\Yakult-System-for-Merging\Yakult.Inventory.App\Yakult.Inventory.App.csproj]
  C:\Users\russel.mercado\source\repos\Yakult-System-for-Merging\Yakult.Inventory.App\Pages\Receipt\ReceiptSetViewerDialog.cs(90,24): warning CS0169: The field 'ReceiptSetViewerDialog._btnClose' is never used [C:\Users\russel.mercado\source\repos\Yakult-System-for-Merging\Yakult.Inventory.App\Yakult.Inventory.App.csproj]
  C:\Users\russel.mercado\source\repos\Yakult-System-for-Merging\Yakult.Inventory.App\Pages\Employee\AddEmployeePage.cs(12,36): warning CS0169: The field 'AddEmployeePage.bodyPanel' is never used [C:\Users\russel.mercado\source\repos\Yakult-System-for-Merging\Yakult.Inventory.App\Yakult.Inventory.App.csproj]
  C:\Users\russel.mercado\source\repos\Yakult-System-for-Merging\Yakult.Inventory.App\Forms\CartridgeManagement\CartridgeManagementPortalForm.cs(33,24): warning CS0169: The field 'CartridgeManagementPortalForm._itFulfillmentButton' is never used [C:\Users\russel.mercado\source\repos\Yakult-System-for-Merging\Yakult.Inventory.App\Yakult.Inventory.App.csproj]
  C:\Users\russel.mercado\source\repos\Yakult-System-for-Merging\Yakult.Inventory.App\Forms\BorrowItemsDashboard.cs(46,82): warning CS0169: The field 'BorrowItemsDashboard.lblOldest' is never used [C:\Users\russel.mercado\source\repos\Yakult-System-for-Merging\Yakult.Inventory.App\Yakult.Inventory.App.csproj]
  C:\Users\russel.mercado\source\repos\Yakult-System-for-Merging\Yakult.Inventory.App\Forms\BorrowItemsDashboard.cs(53,24): warning CS0649: Field 'BorrowItemsDashboard.btnBackToPortal' is never assigned to, and will always have its default value null [C:\Users\russel.mercado\source\repos\Yakult-System-for-Merging\Yakult.Inventory.App\Yakult.Inventory.App.csproj]
  C:\Users\russel.mercado\source\repos\Yakult-System-for-Merging\Yakult.Inventory.App\Forms\BorrowItemsDashboard.cs(47,23): warning CS0649: Field 'BorrowItemsDashboard.lblEmptyOpen' is never assigned to, and will always have its default value null [C:\Users\russel.mercado\source\repos\Yakult-System-for-Merging\Yakult.Inventory.App\Yakult.Inventory.App.csproj]
  C:\Users\russel.mercado\source\repos\Yakult-System-for-Merging\Yakult.Inventory.App\Pages\Branch\AddBranchDialog.cs(17,47): warning CS0169: The field 'AddBranchDialog.footerPanel' is never used [C:\Users\russel.mercado\source\repos\Yakult-System-for-Merging\Yakult.Inventory.App\Yakult.Inventory.App.csproj]
  C:\Users\russel.mercado\source\repos\Yakult-System-for-Merging\Yakult.Inventory.App\Forms\CartridgeManagement\CartridgeManagementForm.cs(63,107): warning CS0169: The field 'CartridgeManagementForm.lblDepartment' is never used [C:\Users\russel.mercado\source\repos\Yakult-System-for-Merging\Yakult.Inventory.App\Yakult.Inventory.App.csproj]
  C:\Users\russel.mercado\source\repos\Yakult-System-for-Merging\Yakult.Inventory.App\Forms\CartridgeManagement\CartridgeManagementForm.cs(63,33): warning CS0169: The field 'CartridgeManagementForm.lblRequester' is never used [C:\Users\russel.mercado\source\repos\Yakult-System-for-Merging\Yakult.Inventory.App\Yakult.Inventory.App.csproj]
  C:\Users\russel.mercado\source\repos\Yakult-System-for-Merging\Yakult.Inventory.App\Pages\Department\AddDepartmentDialog.cs(16,23): warning CS0169: The field 'AddDepartmentDialog.headerPanel' is never used [C:\Users\russel.mercado\source\repos\Yakult-System-for-Merging\Yakult.Inventory.App\Yakult.Inventory.App.csproj]
  C:\Users\russel.mercado\source\repos\Yakult-System-for-Merging\Yakult.Inventory.App\Forms\BorrowItemsDashboard.cs(47,37): warning CS0649: Field 'BorrowItemsDashboard.lblEmptyHistory' is never assigned to, and will always have its default value null [C:\Users\russel.mercado\source\repos\Yakult-System-for-Merging\Yakult.Inventory.App\Yakult.Inventory.App.csproj]
  C:\Users\russel.mercado\source\repos\Yakult-System-for-Merging\Yakult.Inventory.App\Pages\User\MainForm.cs(86,44): warning CS0169: The field 'MainForm.cartridgeManagementPanel' is never used [C:\Users\russel.mercado\source\repos\Yakult-System-for-Merging\Yakult.Inventory.App\Yakult.Inventory.App.csproj]
  C:\Users\russel.mercado\source\repos\Yakult-System-for-Merging\Yakult.Inventory.App\Pages\Receipt\ReceiptSetViewerDialog.cs(88,24): warning CS0649: Field 'ReceiptSetViewerDialog._btnPrev' is never assigned to, and will always have its default value null [C:\Users\russel.mercado\source\repos\Yakult-System-for-Merging\Yakult.Inventory.App\Yakult.Inventory.App.csproj]
  C:\Users\russel.mercado\source\repos\Yakult-System-for-Merging\Yakult.Inventory.App\Pages\Set\AddSetPage.cs(12,34): warning CS0169: The field 'AddSetPage.footerPanel' is never used [C:\Users\russel.mercado\source\repos\Yakult-System-for-Merging\Yakult.Inventory.App\Yakult.Inventory.App.csproj]
  C:\Users\russel.mercado\source\repos\Yakult-System-for-Merging\Yakult.Inventory.App\Wpf\Invoice\ViewModels\InvoicePageViewModel.cs(73,45): warning CS0067: The event 'InvoicePageViewModel.RequestInfo' is never used [C:\Users\russel.mercado\source\repos\Yakult-System-for-Merging\Yakult.Inventory.App\Yakult.Inventory.App.csproj]
  C:\Users\russel.mercado\source\repos\Yakult-System-for-Merging\Yakult.Inventory.App\Pages\Branch\AddBranchDialog.cs(17,23): warning CS0169: The field 'AddBranchDialog.headerPanel' is never used [C:\Users\russel.mercado\source\repos\Yakult-System-for-Merging\Yakult.Inventory.App\Yakult.Inventory.App.csproj]
  C:\Users\russel.mercado\source\repos\Yakult-System-for-Merging\Yakult.Inventory.App\Wpf\RequestPortal\AssistedRequest\Views\AssistedRequestView.xaml.cs(25,22): warning CS0649: Field 'AssistedRequestView._suppressDropDown' is never assigned to, and will always have its default value false [C:\Users\russel.mercado\source\repos\Yakult-System-for-Merging\Yakult.Inventory.App\Yakult.Inventory.App.csproj]
  C:\Users\russel.mercado\source\repos\Yakult-System-for-Merging\Yakult.Inventory.App\Forms\CartridgeManagement\CartridgeManagementForm.cs(63,57): warning CS0169: The field 'CartridgeManagementForm.lblQuantity' is never used [C:\Users\russel.mercado\source\repos\Yakult-System-for-Merging\Yakult.Inventory.App\Yakult.Inventory.App.csproj]
  C:\Users\russel.mercado\source\repos\Yakult-System-for-Merging\Yakult.Inventory.App\Pages\User\MainForm.cs(97,45): warning CS0649: Field 'MainForm.emailSmtpButton' is never assigned to, and will always have its default value null [C:\Users\russel.mercado\source\repos\Yakult-System-for-Merging\Yakult.Inventory.App\Yakult.Inventory.App.csproj]
  C:\Users\russel.mercado\source\repos\Yakult-System-for-Merging\Yakult.Inventory.App\Forms\BorrowItemsDashboard.cs(69,46): warning CS0649: Field 'BorrowItemsDashboard._historyHost' is never assigned to, and will always have its default value null [C:\Users\russel.mercado\source\repos\Yakult-System-for-Merging\Yakult.Inventory.App\Yakult.Inventory.App.csproj]
  C:\Users\russel.mercado\source\repos\Yakult-System-for-Merging\Yakult.Inventory.App\Forms\CartridgeManagement\CartridgeManagementForm.cs(63,96): warning CS0169: The field 'CartridgeManagementForm.lblBranch' is never used [C:\Users\russel.mercado\source\repos\Yakult-System-for-Merging\Yakult.Inventory.App\Yakult.Inventory.App.csproj]
  C:\Users\russel.mercado\source\repos\Yakult-System-for-Merging\Yakult.Inventory.App\Pages\Employee\QuickAddEmployeeDialog.cs(16,53): warning CS0169: The field 'QuickAddEmployeeDialog.txtPosition' is never used [C:\Users\russel.mercado\source\repos\Yakult-System-for-Merging\Yakult.Inventory.App\Yakult.Inventory.App.csproj]
  C:\Users\russel.mercado\source\repos\Yakult-System-for-Merging\Yakult.Inventory.App\Forms\BorrowItemsDashboard.cs(54,82): warning CS0649: Field 'BorrowItemsDashboard.btnReload' is never assigned to, and will always have its default value null [C:\Users\russel.mercado\source\repos\Yakult-System-for-Merging\Yakult.Inventory.App\Yakult.Inventory.App.csproj]
  C:\Users\russel.mercado\source\repos\Yakult-System-for-Merging\Yakult.Inventory.App\Forms\CartridgeManagement\CartridgeManagementForm.cs(63,47): warning CS0169: The field 'CartridgeManagementForm.lblModel' is never used [C:\Users\russel.mercado\source\repos\Yakult-System-for-Merging\Yakult.Inventory.App\Yakult.Inventory.App.csproj]
  C:\Users\russel.mercado\source\repos\Yakult-System-for-Merging\Yakult.Inventory.App\Pages\Company\AddCompanyPage.cs(15,47): warning CS0169: The field 'AddCompanyPage.footerPanel' is never used [C:\Users\russel.mercado\source\repos\Yakult-System-for-Merging\Yakult.Inventory.App\Yakult.Inventory.App.csproj]
  C:\Users\russel.mercado\source\repos\Yakult-System-for-Merging\Yakult.Inventory.App\Forms\BorrowItemsDashboard.cs(70,23): warning CS0649: Field 'BorrowItemsDashboard._kpiOldestCard' is never assigned to, and will always have its default value null [C:\Users\russel.mercado\source\repos\Yakult-System-for-Merging\Yakult.Inventory.App\Yakult.Inventory.App.csproj]
  C:\Users\russel.mercado\source\repos\Yakult-System-for-Merging\Yakult.Inventory.App\Forms\CartridgeManagement\CartridgeManagementForm.cs(63,84): warning CS0169: The field 'CartridgeManagementForm.lblCompany' is never used [C:\Users\russel.mercado\source\repos\Yakult-System-for-Merging\Yakult.Inventory.App\Yakult.Inventory.App.csproj]
  C:\Users\russel.mercado\source\repos\Yakult-System-for-Merging\Yakult.Inventory.App\Wpf\Renewal\RenewalGroups\ViewModels\RenewalGroupPageViewModel.cs(60,45): warning CS0067: The event 'RenewalGroupPageViewModel.RequestInfo' is never used [C:\Users\russel.mercado\source\repos\Yakult-System-for-Merging\Yakult.Inventory.App\Yakult.Inventory.App.csproj]
  C:\Users\russel.mercado\source\repos\Yakult-System-for-Merging\Yakult.Inventory.App\Pages\Admin\Security\PortalAccessPage.cs(37,22): warning CS0414: The field 'PortalAccessPage._isEditing' is assigned but its value is never used [C:\Users\russel.mercado\source\repos\Yakult-System-for-Merging\Yakult.Inventory.App\Yakult.Inventory.App.csproj]
  C:\Users\russel.mercado\source\repos\Yakult-System-for-Merging\Yakult.Inventory.App\Pages\Renewal\ViewRenewalDetailPage.cs(36,22): warning CS0414: The field 'ViewRenewalDetailPage._suppressSelectionChange' is assigned but its value is never used [C:\Users\russel.mercado\source\repos\Yakult-System-for-Merging\Yakult.Inventory.App\Yakult.Inventory.App.csproj]
  C:\Users\russel.mercado\source\repos\Yakult-System-for-Merging\Yakult.Inventory.App\Pages\Employee\QuickAddEmployeeDialog.cs(24,22): warning CS0414: The field 'QuickAddEmployeeDialog._suppressComboBoxEvents' is assigned but its value is never used [C:\Users\russel.mercado\source\repos\Yakult-System-for-Merging\Yakult.Inventory.App\Yakult.Inventory.App.csproj]
  C:\Users\russel.mercado\source\repos\Yakult-System-for-Merging\Yakult.Inventory.App\Pages\Cartridge\ViewCartridgeRequestsPage.cs(31,22): warning CS0414: The field 'ViewCartridgeRequestsPage._allSelected' is assigned but its value is never used [C:\Users\russel.mercado\source\repos\Yakult-System-for-Merging\Yakult.Inventory.App\Yakult.Inventory.App.csproj]
  C:\Users\russel.mercado\source\repos\Yakult-System-for-Merging\Yakult.Inventory.App\Forms\CallMonitoring\TicketManagementControl.cs(129,22): warning CS0414: The field 'TicketManagementControl._itEmployeesMissingShown' is assigned but its value is never used [C:\Users\russel.mercado\source\repos\Yakult-System-for-Merging\Yakult.Inventory.App\Yakult.Inventory.App.csproj]

    140 Warning(s)
    0 Error(s)

Time Elapsed 00:00:14.33
